0,1,2,3,4,5,6,7,8,9,10,11,12,13,14,15,16,17,18,19,20,21,22,23,24,25,26,27,28,29,30,31,32,33,34,35,36,37,38,39,40,41,42,43,44,45,46,47,48,49,50,51,52,53,54,55,56,57,58,59,60,61,62,label
0.7944169044494629,0.9284952878952026,3.745269907540205e-07,0.66526198387146,0.8277440071105957,-0.0620170496404171,0.5991483926773071,0.6920589208602905,-0.07740956544876099,0.658384382724762,0.5844881534576416,-0.0939268171787262,0.7575145959854126,0.5211068391799927,-0.10206005722284317,0.5745835304260254,0.539490818977356,0.055059030652046204,0.5710251927375793,0.41373124718666077,0.033325277268886566,0.5900320410728455,0.34538841247558594,-0.005501821171492338,0.6106427907943726,0.28015074133872986,-0.04020228236913681,0.6736103892326355,0.5215959548950195,0.055274199694395065,0.6674810647964478,0.38424748182296753,0.04690367728471756,0.6738221645355225,0.31123143434524536,0.014282461255788803,0.6781657338142395,0.23662617802619934,-0.01638214662671089,0.7693952918052673,0.529998779296875,0.03808044642210007,0.7675127983093262,0.4034866690635681,0.02539966069161892,0.7596790790557861,0.3300623893737793,0.007705582305788994,0.7491763234138489,0.2603256404399872,-0.011491328477859497,0.875046968460083,0.5574522018432617,0.009516729041934013,0.8714688420295715,0.4574040174484253,0.0026491223834455013,0.8599843382835388,0.3989105522632599,0.005136005114763975,0.847183108329773,0.3440099358558655,0.002066952409222722,B
0.22842951118946075,0.6461518406867981,1.4174414673107094e-06,0.399310439825058,0.6250975728034973,0.04475262016057968,0.5262559056282043,0.5688821077346802,0.06311280280351639,0.6430273056030273,0.5476449728012085,0.05865869298577309,0.7488983869552612,0.544491708278656,0.05515674501657486,0.3931233286857605,0.38354232907295227,0.1386646181344986,0.5486655235290527,0.359613299369812,0.12442291527986526,0.6758232116699219,0.3607078790664673,0.090120330452919,0.7716319561004639,0.3652162551879883,0.06516681611537933,0.37203603982925415,0.35937607288360596,0.0875215232372284,0.5576000213623047,0.33316829800605774,0.07538366317749023,0.6957777738571167,0.33465930819511414,0.043141789734363556,0.8063399791717529,0.3485330045223236,0.019066302105784416,0.36598846316337585,0.355154812335968,0.02750488370656967,0.5573708415031433,0.32334110140800476,0.012704182416200638,0.6998199820518494,0.32495588064193726,-0.003900734009221196,0.8097481727600098,0.33501577377319336,-0.014940188266336918,0.3770575225353241,0.3682745397090912,-0.033655136823654175,0.5465598702430725,0.32185137271881104,-0.04538736864924431,0.6582127809524536,0.3186222314834595,-0.04483730345964432,0.7461016178131104,0.3280861973762512,-0.043316956609487534,C
0.24664659798145294,0.6404821872711182,1.0539226877881447e-06,0.4132373034954071,0.6252219676971436,0.02504909038543701,0.5372554659843445,0.5668493509292603,0.03252020478248596,0.6500211954116821,0.5420207381248474,0.019088763743638992,0.7598800659179688,0.5372898578643799,0.005837977398186922,0.44891488552093506,0.40489694476127625,0.10965310037136078,0.5772245526313782,0.36415037512779236,0.08048404008150101,0.6932482123374939,0.3540605306625366,0.038818538188934326,0.7825727462768555,0.35204100608825684,0.009260045364499092,0.4243669807910919,0.3803466558456421,0.0650956779718399,0.5804266333580017,0.33636271953582764,0.03844565898180008,0.7056887149810791,0.33158084750175476,0.0009143140050582588,0.806971549987793,0.33963635563850403,-0.024894606322050095,0.40713876485824585,0.36878126859664917,0.010061651468276978,0.5686056613922119,0.3222038149833679,-0.019412660971283913,0.696054220199585,0.31957805156707764,-0.04177341237664223,0.7961360216140747,0.32910966873168945,-0.053868625313043594,0.40060746669769287,0.37232545018196106,-0.047446612268686295,0.5439362525939941,0.3264392018318176,-0.07008033990859985,0.6482232213020325,0.3226390480995178,-0.0758967325091362,0.7354088425636292,0.33106961846351624,-0.07778279483318329,C
0.24408859014511108,0.6308878660202026,1.1345908887960832e-06,0.4023094177246094,0.6171877384185791,0.01626141183078289,0.5293295979499817,0.5671621561050415,0.01980479620397091,0.64504075050354,0.5463237762451172,0.00421944772824645,0.7524480819702148,0.5357295870780945,-0.011519760824739933,0.4447286128997803,0.41142746806144714,0.10077992081642151,0.5734764337539673,0.3740552067756653,0.07301675528287888,0.6877884864807129,0.36237579584121704,0.031757902354002,0.7752315998077393,0.35884326696395874,0.0030251559801399708,0.4207117259502411,0.383815199136734,0.062207695096731186,0.5770043134689331,0.34383493661880493,0.040544506162405014,0.696336030960083,0.33526676893234253,0.006340068764984608,0.7919080257415771,0.3370048701763153,-0.018046017736196518,0.4027579426765442,0.3700944483280182,0.012845734134316444,0.5626538991928101,0.3251403570175171,-0.011968578211963177,0.68123859167099,0.31759554147720337,-0.030783945694565773,0.7742811441421509,0.32031869888305664,-0.041504789143800735,0.39122921228408813,0.3713185787200928,-0.039921898394823074,0.5279104709625244,0.32441312074661255,-0.058922816067934036,0.6259955763816833,0.31561970710754395,-0.06028718873858452,0.7086024284362793,0.31914442777633667,-0.059070996940135956,C
0.2626064419746399,0.6491320133209229,1.1554657248780131e-06,0.4173571467399597,0.6325024366378784,0.025084687396883965,0.5392897725105286,0.5769336223602295,0.024877076968550682,0.6559334397315979,0.5567054152488708,0.0061541334725916386,0.7592229843139648,0.552584707736969,-0.011631356552243233,0.4144055247306824,0.38821202516555786,0.08179070055484772,0.5643829107284546,0.3678709864616394,0.04862305149435997,0.6864649057388306,0.36672601103782654,0.005837445612996817,0.7756913900375366,0.3717876076698303,-0.023652561008930206,0.38832366466522217,0.36711564660072327,0.037834443151950836,0.5715142488479614,0.345770001411438,0.01148808840662241,0.6990976333618164,0.3484134078025818,-0.01771213859319687,0.8012906312942505,0.3563482165336609,-0.038827307522296906,0.3827137351036072,0.3660896122455597,-0.014238535426557064,0.5683537125587463,0.3365479111671448,-0.03870440274477005,0.6943961977958679,0.3368987441062927,-0.04970881715416908,0.7907885313034058,0.343839168548584,-0.05627569556236267,0.39721816778182983,0.38485074043273926,-0.0690317302942276,0.5491306185722351,0.34155750274658203,-0.08603710681200027,0.6501632928848267,0.33460533618927,-0.08372938632965088,0.7331005930900574,0.3383182883262634,-0.08043470978736877,C
0.2628573477268219,0.6416200399398804,1.3772860256722197e-06,0.3991912603378296,0.6272985339164734,-0.005194608587771654,0.5276596546173096,0.5765160322189331,-0.012772586196660995,0.6459997296333313,0.5533179640769958,-0.03300583362579346,0.7504687905311584,0.5369300246238708,-0.051969338208436966,0.44492441415786743,0.4228039085865021,0.07582344859838486,0.5679836273193359,0.3890170454978943,0.047354377806186676,0.6746653318405151,0.37444373965263367,0.009433820843696594,0.753886878490448,0.36720961332321167,-0.016078010201454163,0.41844460368156433,0.3968277871608734,0.04929279536008835,0.5714314579963684,0.3623116910457611,0.02916974015533924,0.6792094707489014,0.3498372733592987,0.00011204375914530829,0.770685076713562,0.3429798185825348,-0.019718216732144356,0.40049415826797485,0.38454151153564453,0.011519599705934525,0.5548791885375977,0.34645017981529236,-0.008589787408709526,0.6640188097953796,0.33208853006362915,-0.01792125776410103,0.7533661127090454,0.3255470395088196,-0.022463561967015266,0.3872480094432831,0.3881192207336426,-0.03155209496617317,0.5161483883857727,0.3431761562824249,-0.04526223614811897,0.6055761575698853,0.327420711517334,-0.04014352336525917,0.6824675798416138,0.32302767038345337,-0.03418256342411041,C
0.2584899365901947,0.6402716040611267,1.3344784974833601e-06,0.41819050908088684,0.623482882976532,0.017316685989499092,0.5402745008468628,0.5760157108306885,0.01731046475470066,0.6534618139266968,0.5573267340660095,-0.0020760060288012028,0.7566425800323486,0.545645534992218,-0.020800458267331123,0.4372384250164032,0.4146336615085602,0.09406386315822601,0.5775902271270752,0.3849918246269226,0.061528924852609634,0.6970415711402893,0.380432665348053,0.01791812665760517,0.7861956357955933,0.3819515109062195,-0.0109005281701684,0.413682758808136,0.390057772397995,0.053293973207473755,0.5837335586547852,0.3575284481048584,0.0255505982786417,0.7114731073379517,0.35068613290786743,-0.011524076573550701,0.8152120113372803,0.3540406823158264,-0.036948446184396744,0.399190217256546,0.37872257828712463,0.002201695693656802,0.5789380073547363,0.3426000475883484,-0.025258228182792664,0.7027570009231567,0.3376759886741638,-0.04646492004394531,0.7976853847503662,0.34224289655685425,-0.05815253034234047,0.39595845341682434,0.381319135427475,-0.05217661336064339,0.5482407212257385,0.3363761603832245,-0.07132155448198318,0.6529875993728638,0.3289235234260559,-0.0742805078625679,0.741276741027832,0.33447331190109253,-0.07374708354473114,C
0.2584899365901947,0.6402716040611267,1.3344784974833601e-06,0.41819050908088684,0.623482882976532,0.017316685989499092,0.5402745008468628,0.5760157108306885,0.01731046475470066,0.6534618139266968,0.5573267340660095,-0.0020760060288012028,0.7566425800323486,0.545645534992218,-0.020800458267331123,0.4372384250164032,0.4146336615085602,0.09406386315822601,0.5775902271270752,0.3849918246269226,0.061528924852609634,0.6970415711402893,0.380432665348053,0.01791812665760517,0.7861956357955933,0.3819515109062195,-0.0109005281701684,0.413682758808136,0.390057772397995,0.053293973207473755,0.5837335586547852,0.3575284481048584,0.0255505982786417,0.7114731073379517,0.35068613290786743,-0.011524076573550701,0.8152120113372803,0.3540406823158264,-0.036948446184396744,0.399190217256546,0.37872257828712463,0.002201695693656802,0.5789380073547363,0.3426000475883484,-0.025258228182792664,0.7027570009231567,0.3376759886741638,-0.04646492004394531,0.7976853847503662,0.34224289655685425,-0.05815253034234047,0.39595845341682434,0.381319135427475,-0.05217661336064339,0.5482407212257385,0.3363761603832245,-0.07132155448198318,0.6529875993728638,0.3289235234260559,-0.0742805078625679,0.741276741027832,0.33447331190109253,-0.07374708354473114,C
0.24250954389572144,0.6577605605125427,1.3424862572719576e-06,0.402771532535553,0.6393182873725891,0.03167185187339783,0.5293278694152832,0.5815033912658691,0.03724829852581024,0.6488083004951477,0.5544612407684326,0.0241471566259861,0.7582587003707886,0.5488485097885132,0.013076053000986576,0.39015111327171326,0.38247954845428467,0.09784068167209625,0.5542812347412109,0.36814284324645996,0.07263310253620148,0.6811534762382507,0.36973801255226135,0.0341016948223114,0.7735748291015625,0.37492790818214417,0.006507254205644131,0.3655862510204315,0.35975173115730286,0.05147530511021614,0.5628063082695007,0.3417183458805084,0.029652182012796402,0.701151967048645,0.34410417079925537,0.00024087711062747985,0.8101037740707397,0.3563459515571594,-0.021188195794820786,0.35946568846702576,0.3604126572608948,-0.0025641927495598793,0.5575369596481323,0.3309858739376068,-0.024705220013856888,0.6963772773742676,0.3317258954048157,-0.036878690123558044,0.8016019463539124,0.3406248390674591,-0.044156771153211594,0.37224388122558594,0.38110244274139404,-0.05843277648091316,0.5365021228790283,0.3358873128890991,-0.07541725039482117,0.6443470120429993,0.32988977432250977,-0.07435989379882812,0.7302210330963135,0.33557844161987305,-0.0715823546051979,C
0.2947988510131836,0.6279201507568359,1.563942305438104e-06,0.41452494263648987,0.6249870657920837,-0.02414029836654663,0.541053295135498,0.5795983076095581,-0.03862602263689041,0.6553067564964294,0.5558342933654785,-0.057828404009342194,0.7539941072463989,0.5382555723190308,-0.07493990659713745,0.45013073086738586,0.4261162281036377,0.030531752854585648,0.5665062069892883,0.38975608348846436,-0.00207115663215518,0.6724162101745605,0.3753066062927246,-0.038557544350624084,0.7538384199142456,0.37039974331855774,-0.062184471637010574,0.42354705929756165,0.39932841062545776,0.01826755702495575,0.5712291598320007,0.36627939343452454,-0.009207849390804768,0.6810301542282104,0.3559114336967468,-0.03756808489561081,0.7752376794815063,0.35305625200271606,-0.05496000126004219,0.405597984790802,0.387753427028656,-0.003369661280885339,0.5515460968017578,0.3473125696182251,-0.030953478068113327,0.6597669124603271,0.3365911841392517,-0.04116261750459671,0.7480610609054565,0.3344539403915405,-0.04368317499756813,0.38892075419425964,0.3912599980831146,-0.029756853356957436,0.510582685470581,0.34387829899787903,-0.04902733117341995,0.5989037752151489,0.3262495696544647,-0.046623263508081436,0.6739811897277832,0.32010555267333984,-0.04082503169775009,C
0.2446688562631607,0.6552741527557373,1.325143784924876e-06,0.4126683175563812,0.6312656402587891,0.019223712384700775,0.5358387231826782,0.5814177989959717,0.009480404667556286,0.6512150168418884,0.5605711340904236,-0.01879199407994747,0.760636568069458,0.5511687994003296,-0.04681200906634331,0.39883309602737427,0.38406112790107727,0.07189565151929855,0.5606930255889893,0.3573446273803711,0.03252910077571869,0.6912432909011841,0.35389626026153564,-0.0161407720297575,0.7891995906829834,0.3583957850933075,-0.049876704812049866,0.37089523673057556,0.36567941308021545,0.027536749839782715,0.5664836168289185,0.3382190465927124,-0.005944819655269384,0.7031005620956421,0.33903175592422485,-0.042484261095523834,0.8101342916488647,0.3482217788696289,-0.06821317970752716,0.36446094512939453,0.36676937341690063,-0.024657689034938812,0.5600720643997192,0.33277904987335205,-0.053373660892248154,0.6946119070053101,0.3328099548816681,-0.06831403076648712,0.7959697246551514,0.34177300333976746,-0.0767320767045021,0.37891608476638794,0.3874049186706543,-0.07987264543771744,0.5395557284355164,0.34431639313697815,-0.09901535511016846,0.6461857557296753,0.33687615394592285,-0.09745790809392929,0.7308836579322815,0.3406020402908325,-0.09381723403930664,C
0.25213322043418884,0.6493470668792725,1.1428335255914135e-06,0.4199507236480713,0.6319140195846558,0.041967347264289856,0.5380324125289917,0.5801456570625305,0.04991844668984413,0.6535823345184326,0.5620183348655701,0.03384494036436081,0.757116436958313,0.5586162805557251,0.01682579331099987,0.40770861506462097,0.3898584246635437,0.11534792184829712,0.5442066788673401,0.3688242733478546,0.0946163758635521,0.6638309955596924,0.3587041199207306,0.055627163499593735,0.7516831159591675,0.3548402190208435,0.02656552381813526,0.3861820697784424,0.367662250995636,0.06333685666322708,0.5724837779998779,0.3472515046596527,0.046983182430267334,0.7029309868812561,0.3477542996406555,0.01600734516978264,0.8034271001815796,0.35492628812789917,-0.007908600382506847,0.3816930949687958,0.3651219606399536,0.003815436502918601,0.5710636973381042,0.336922824382782,-0.013764401897788048,0.7017119526863098,0.33791452646255493,-0.0287570059299469,0.8002310991287231,0.34515348076820374,-0.03939491882920265,0.39550769329071045,0.3820604085922241,-0.05694831535220146,0.5506172180175781,0.34189602732658386,-0.06811967492103577,0.6521519422531128,0.3372836709022522,-0.06442998349666595,0.7345040440559387,0.34272339940071106,-0.06147098168730736,C
0.26125407218933105,0.6491550207138062,1.1668389561236836e-06,0.42256250977516174,0.6371716260910034,0.034119077026844025,0.5448059439659119,0.584541916847229,0.04267849773168564,0.6569212675094604,0.5632399916648865,0.030267640948295593,0.7586901783943176,0.5570908188819885,0.018560810014605522,0.41987332701683044,0.40369176864624023,0.1057768240571022,0.5660973787307739,0.38244161009788513,0.08373081684112549,0.6859357357025146,0.3742687702178955,0.04540281370282173,0.7721706628799438,0.37110257148742676,0.017555052414536476,0.39707714319229126,0.38009434938430786,0.058924466371536255,0.5783578157424927,0.3540271818637848,0.04075063765048981,0.708095371723175,0.3513067066669464,0.010273105464875698,0.8084832429885864,0.35743430256843567,-0.012573609128594398,0.3901180326938629,0.37485209107398987,0.004239997360855341,0.5735518336296082,0.3395336866378784,-0.014942806214094162,0.7010786533355713,0.3370361328125,-0.029818454757332802,0.7977390885353088,0.34284844994544983,-0.039691563695669174,0.4017702341079712,0.3865201473236084,-0.052288591861724854,0.5510075092315674,0.34137898683547974,-0.06656370311975479,0.6534544229507446,0.33385998010635376,-0.0657564327120781,0.7383389472961426,0.3389325737953186,-0.06396680325269699,C
0.2508065402507782,0.6558541655540466,1.1149926422149292e-06,0.4100642502307892,0.6381852030754089,0.031314898282289505,0.5359496474266052,0.580835223197937,0.03768736124038696,0.6511462926864624,0.5572100281715393,0.023075440898537636,0.7569534778594971,0.5514889359474182,0.008096309378743172,0.43146198987960815,0.4058820605278015,0.10956192761659622,0.5662093758583069,0.37519434094429016,0.08752600103616714,0.6831998825073242,0.3652728199958801,0.04921567812561989,0.7686934471130371,0.3636428713798523,0.021865002810955048,0.4053812623023987,0.3843274414539337,0.06428620219230652,0.5687198638916016,0.35193774104118347,0.05062871426343918,0.6906316876411438,0.34404459595680237,0.02233494259417057,0.7908847332000732,0.3442232012748718,0.0003445520414970815,0.39327937364578247,0.3781982958316803,0.010269726626574993,0.559842050075531,0.34201425313949585,-0.004406901076436043,0.6814989447593689,0.33443528413772583,-0.014761248603463173,0.7779380083084106,0.3352645933628082,-0.022588184103369713,0.3969191312789917,0.389714777469635,-0.046532224863767624,0.5390106439590454,0.3458758592605591,-0.0557805597782135,0.6365440487861633,0.33516183495521545,-0.049963049590587616,0.718233585357666,0.334963321685791,-0.045399777591228485,C
0.25830966234207153,0.645157516002655,1.315588860961725e-06,0.4096551537513733,0.6310203671455383,0.0033473605290055275,0.5334038734436035,0.5853487253189087,-0.008513408713042736,0.6571283340454102,0.5673245191574097,-0.035628754645586014,0.7626845240592957,0.5541861653327942,-0.06178966909646988,0.4234139323234558,0.399762362241745,0.06510934978723526,0.5703968405723572,0.3795989751815796,0.029789432883262634,0.6915924549102783,0.37576809525489807,-0.01465997938066721,0.7807130813598633,0.3796793520450592,-0.04506852105259895,0.399906188249588,0.3767344057559967,0.032180726528167725,0.5823032259941101,0.35797935724258423,0.006683299317955971,0.7040272951126099,0.3574828803539276,-0.022984957322478294,0.8017587661743164,0.3601412773132324,-0.04481039568781853,0.39225760102272034,0.3712688088417053,-0.010365004651248455,0.5755801200866699,0.3448505997657776,-0.033951286226511,0.6956030130386353,0.34083741903305054,-0.04461574926972389,0.7871803045272827,0.34297841787338257,-0.05101502314209938,0.396770715713501,0.384520024061203,-0.05752648040652275,0.5456991195678711,0.3444606363773346,-0.07458161562681198,0.6451003551483154,0.33818519115448,-0.07083426415920258,0.725998044013977,0.34289461374282837,-0.06568475067615509,C
0.26688873767852783,0.6365111470222473,1.5819171039765934e-06,0.4078904092311859,0.6259989738464355,-0.020821463316679,0.5352562069892883,0.586047887802124,-0.046570755541324615,0.6535752415657043,0.5674933791160583,-0.08004327863454819,0.7540720701217651,0.5480716228485107,-0.11107175797224045,0.4222504198551178,0.4008511006832123,0.013521783985197544,0.5847795009613037,0.3800221085548401,-0.03595099598169327,0.7095703482627869,0.37817269563674927,-0.08464568108320236,0.8024296760559082,0.38161617517471313,-0.11597977578639984,0.39752429723739624,0.3767074942588806,-0.009219149127602577,0.5972100496292114,0.35474473237991333,-0.052877891808748245,0.72649747133255,0.35574090480804443,-0.08845517039299011,0.8259714841842651,0.36090123653411865,-0.11114230751991272,0.39040517807006836,0.372249960899353,-0.04068376123905182,0.5895175933837891,0.3433340787887573,-0.07929744571447372,0.710350751876831,0.34330013394355774,-0.09433066844940186,0.7994723320007324,0.34879404306411743,-0.10008732229471207,0.39486345648765564,0.3867528438568115,-0.07713352143764496,0.5447242259979248,0.34331175684928894,-0.10393247753381729,0.6447232961654663,0.3331694006919861,-0.10426832735538483,0.7251462936401367,0.3347199857234955,-0.09996107220649719,C
0.254095196723938,0.6471819877624512,1.4752205288459663e-06,0.4019731879234314,0.6353110074996948,0.012711371295154095,0.5335325002670288,0.5852936506271362,0.009059582836925983,0.6502769589424133,0.5618432760238647,-0.010687720961868763,0.7601330280303955,0.5543045997619629,-0.02892911806702614,0.43131059408187866,0.405200719833374,0.08260799944400787,0.5806632041931152,0.3791436553001404,0.05198464170098305,0.705605149269104,0.3739924430847168,0.009849383495748043,0.8002277612686157,0.37478023767471313,-0.019027549773454666,0.40735331177711487,0.3809807598590851,0.04491603747010231,0.5844998359680176,0.3524843752384186,0.018663059920072556,0.7159889936447144,0.34779393672943115,-0.016100818291306496,0.8234426975250244,0.35392260551452637,-0.04023443162441254,0.3967355191707611,0.374034583568573,-0.001903468044474721,0.5792945027351379,0.34045666456222534,-0.02675161510705948,0.7068767547607422,0.33965617418289185,-0.042374931275844574,0.8047535419464111,0.34944790601730347,-0.05067400261759758,0.40039321780204773,0.3852117359638214,-0.05235333740711212,0.5559347867965698,0.33963292837142944,-0.06949608772993088,0.6602002382278442,0.33351370692253113,-0.06927808374166489,0.7433686256408691,0.3415788412094116,-0.06654351204633713,C
0.2699507474899292,0.6388677358627319,1.4625575204263441e-06,0.4098961353302002,0.6312112808227539,-0.008999377489089966,0.5341181755065918,0.58299720287323,-0.025286970660090446,0.6545037031173706,0.5619070529937744,-0.05301102623343468,0.7577158212661743,0.5486379265785217,-0.07856442779302597,0.43283817172050476,0.40030670166015625,0.04654812812805176,0.5799407958984375,0.37314093112945557,0.0077207572758197784,0.7013257741928101,0.36789149045944214,-0.03709222376346588,0.7909073233604431,0.37071317434310913,-0.0671364888548851,0.4093196988105774,0.37717434763908386,0.019078969955444336,0.583156168460846,0.3505786657333374,-0.012173976749181747,0.7085530757904053,0.3511207699775696,-0.04401687905192375,0.8102728724479675,0.35703572630882263,-0.06553669273853302,0.4014044404029846,0.37120184302330017,-0.018068820238113403,0.5726608633995056,0.33639419078826904,-0.046790555119514465,0.6963155269622803,0.33613693714141846,-0.05817379802465439,0.7916703224182129,0.3433307409286499,-0.06351932883262634,0.4061673581600189,0.3839203119277954,-0.06038692966103554,0.5435997843742371,0.33579182624816895,-0.08077079057693481,0.6454485654830933,0.3282962441444397,-0.07821192592382431,0.7293667197227478,0.3340648412704468,-0.07336042076349258,C
0.2511112093925476,0.6534914970397949,1.2217834637340275e-06,0.41131341457366943,0.6368745565414429,0.029093042016029358,0.5354538559913635,0.581179141998291,0.033630017191171646,0.6499629020690918,0.5583846569061279,0.01771700382232666,0.7574312686920166,0.5504744648933411,0.0023639563005417585,0.4260895848274231,0.4037295877933502,0.10428059846162796,0.5682583451271057,0.3770546615123749,0.07504281401634216,0.6899204254150391,0.37126049399375916,0.0316721610724926,0.7823973894119263,0.36976292729377747,0.001123353373259306,0.40106162428855896,0.38055360317230225,0.057578347623348236,0.5714322924613953,0.3509052097797394,0.034839849919080734,0.7028393745422363,0.34613752365112305,0.0012423396110534668,0.8120816349983215,0.3504883050918579,-0.023695025593042374,0.3886144459247589,0.3740018904209137,0.0013983697863295674,0.5659312009811401,0.3400544226169586,-0.02264653891324997,0.6976478099822998,0.33565613627433777,-0.03903849050402641,0.8015307784080505,0.34117916226387024,-0.049276672303676605,0.3924144506454468,0.3852303624153137,-0.057358406484127045,0.5434397459030151,0.34181177616119385,-0.07579787075519562,0.6486656665802002,0.33406421542167664,-0.07699239999055862,0.7374460697174072,0.33721786737442017,-0.07628411799669266,C
0.23293626308441162,0.660261332988739,1.1537912314452115e-06,0.41483721137046814,0.6415333151817322,0.03914361447095871,0.5387297868728638,0.5848344564437866,0.043958235532045364,0.6504191160202026,0.5659127235412598,0.025052446871995926,0.7541149854660034,0.557722806930542,0.005457050632685423,0.40890607237815857,0.39681723713874817,0.1023971363902092,0.5683515667915344,0.3735818564891815,0.07458522170782089,0.696797788143158,0.36965009570121765,0.03285405784845352,0.7930518388748169,0.37410756945610046,0.0018882574513554573,0.38194069266319275,0.3766644597053528,0.04994967579841614,0.5774044394493103,0.350121408700943,0.025633789598941803,0.7141030430793762,0.3492988646030426,-0.007352386601269245,0.8213127851486206,0.35711413621902466,-0.03250822052359581,0.3753763437271118,0.3758379817008972,-0.010120204649865627,0.5771210193634033,0.3430904448032379,-0.03583572432398796,0.7114924192428589,0.34527313709259033,-0.05296400189399719,0.810971736907959,0.35564446449279785,-0.06424571573734283,0.3905040919780731,0.39410096406936646,-0.07149442285299301,0.556949257850647,0.3552534282207489,-0.09109443426132202,0.6639620065689087,0.3502618074417114,-0.09259689599275589,0.750483512878418,0.3543306291103363,-0.0925913080573082,C
0.24709244072437286,0.6620994806289673,1.1814349818450864e-06,0.4209268093109131,0.6364082098007202,0.03335990384221077,0.5403152704238892,0.582703709602356,0.03545326367020607,0.651226282119751,0.5636392831802368,0.015665600076317787,0.7569130659103394,0.5625906586647034,-0.004239785484969616,0.4077589511871338,0.39197149872779846,0.09737380594015121,0.5622562170028687,0.3692808449268341,0.06287460774183273,0.6920661926269531,0.3665148615837097,0.01633957214653492,0.790502667427063,0.37073156237602234,-0.016643669456243515,0.3820071220397949,0.37095320224761963,0.04784603789448738,0.5743110775947571,0.34930914640426636,0.018958749249577522,0.7089688777923584,0.3503734767436981,-0.01698394864797592,0.8172382712364197,0.35946154594421387,-0.043055471032857895,0.3769117295742035,0.3702628016471863,-0.00991686712950468,0.5704657435417175,0.34269192814826965,-0.037251342087984085,0.7043590545654297,0.3443053364753723,-0.05381810665130615,0.8075544834136963,0.35381197929382324,-0.06340213865041733,0.3913447856903076,0.39046546816825867,-0.06964501738548279,0.5531933903694153,0.3497302830219269,-0.0872175320982933,0.6588226556777954,0.34531909227371216,-0.08594314008951187,0.7445576190948486,0.35249418020248413,-0.08346541970968246,C
0.2548943758010864,0.6604645252227783,1.2846275012634578e-06,0.41841626167297363,0.6428686380386353,0.04117512330412865,0.536980152130127,0.5878535509109497,0.05321719869971275,0.6526347398757935,0.5664442777633667,0.04246347025036812,0.7597497701644897,0.5609044432640076,0.03286152333021164,0.4082518517971039,0.3999541699886322,0.12834154069423676,0.5614783763885498,0.3843204379081726,0.10935138911008835,0.6863235831260681,0.38369593024253845,0.06930862367153168,0.780288577079773,0.38706380128860474,0.03957856446504593,0.3882853090763092,0.3747139275074005,0.07796940952539444,0.5763896107673645,0.3569108247756958,0.06486273556947708,0.7114338874816895,0.357516348361969,0.0326034277677536,0.8209657669067383,0.3657761812210083,0.007069248706102371,0.38163304328918457,0.36964720487594604,0.018633216619491577,0.5736427903175354,0.3450334668159485,0.002379074227064848,0.7080429792404175,0.3469467759132385,-0.014828035607933998,0.811768651008606,0.3571892976760864,-0.027185773476958275,0.393474280834198,0.38405025005340576,-0.04238201677799225,0.5552597045898438,0.3471057415008545,-0.054566461592912674,0.6606675386428833,0.3437351584434509,-0.054090309888124466,0.7469832897186279,0.35102367401123047,-0.05340707674622536,C
0.2505928874015808,0.6489318013191223,1.2736127246171236e-06,0.41556501388549805,0.6332188844680786,0.03576472029089928,0.5374584197998047,0.5845000743865967,0.039330534636974335,0.6553471088409424,0.5655292868614197,0.021518182009458542,0.759914219379425,0.555363118648529,0.003982290159910917,0.41108715534210205,0.39258232712745667,0.10401062667369843,0.5676323771476746,0.3790121078491211,0.0818648487329483,0.6917213797569275,0.37855470180511475,0.042348794639110565,0.78179931640625,0.3827909231185913,0.013398036360740662,0.388523131608963,0.3695935904979706,0.0549827441573143,0.5791901350021362,0.3550824224948883,0.03933471068739891,0.7096738815307617,0.3543796241283417,0.008852092549204826,0.8119713068008423,0.3594626784324646,-0.015437270514667034,0.38345861434936523,0.36675602197647095,-0.0015962145989760756,0.5779446959495544,0.3433431088924408,-0.018584076315164566,0.7083969116210938,0.34258970618247986,-0.03211217001080513,0.8064334988594055,0.34762293100357056,-0.04242030158638954,0.3974551558494568,0.3832350969314575,-0.06004868820309639,0.5585817098617554,0.3448604643344879,-0.07271283119916916,0.6659908890724182,0.339914470911026,-0.06998471915721893,0.7536085844039917,0.3445766270160675,-0.06736906617879868,C
0.24606537818908691,0.6509720087051392,1.3846387219018652e-06,0.4059849977493286,0.6367934942245483,0.02012517675757408,0.5350175499916077,0.5850546956062317,0.016733456403017044,0.6539455652236938,0.5672794580459595,-0.006126075051724911,0.7607889175415039,0.5571416616439819,-0.02898845449090004,0.41927018761634827,0.399074524641037,0.086113840341568,0.5694775581359863,0.37496325373649597,0.05404219403862953,0.6955534815788269,0.3723166584968567,0.00955891888588667,0.7910298109054565,0.3760707676410675,-0.021185457706451416,0.39291542768478394,0.3773951232433319,0.04189370945096016,0.5762380361557007,0.3533547520637512,0.016673220321536064,0.7093158960342407,0.35029762983322144,-0.0182554442435503,0.8171582221984863,0.35496458411216736,-0.043766334652900696,0.3823452591896057,0.3708946704864502,-0.011093944311141968,0.5707300305366516,0.3403715193271637,-0.03382110968232155,0.6992794275283813,0.33865490555763245,-0.04817905277013779,0.7973655462265015,0.3431021273136139,-0.057268816977739334,0.3874368667602539,0.3817196190357208,-0.06772927939891815,0.5427955985069275,0.33514854311943054,-0.08288239687681198,0.6477513313293457,0.3289497494697571,-0.07934985309839249,0.732494592666626,0.3340378999710083,-0.07506092637777328,C
0.24606537818908691,0.6509720087051392,1.3846387219018652e-06,0.4059849977493286,0.6367934942245483,0.02012517675757408,0.5350175499916077,0.5850546956062317,0.016733456403017044,0.6539455652236938,0.5672794580459595,-0.006126075051724911,0.7607889175415039,0.5571416616439819,-0.02898845449090004,0.41927018761634827,0.399074524641037,0.086113840341568,0.5694775581359863,0.37496325373649597,0.05404219403862953,0.6955534815788269,0.3723166584968567,0.00955891888588667,0.7910298109054565,0.3760707676410675,-0.021185457706451416,0.39291542768478394,0.3773951232433319,0.04189370945096016,0.5762380361557007,0.3533547520637512,0.016673220321536064,0.7093158960342407,0.35029762983322144,-0.0182554442435503,0.8171582221984863,0.35496458411216736,-0.043766334652900696,0.3823452591896057,0.3708946704864502,-0.011093944311141968,0.5707300305366516,0.3403715193271637,-0.03382110968232155,0.6992794275283813,0.33865490555763245,-0.04817905277013779,0.7973655462265015,0.3431021273136139,-0.057268816977739334,0.3874368667602539,0.3817196190357208,-0.06772927939891815,0.5427955985069275,0.33514854311943054,-0.08288239687681198,0.6477513313293457,0.3289497494697571,-0.07934985309839249,0.732494592666626,0.3340378999710083,-0.07506092637777328,C
0.24581050872802734,0.640755832195282,1.481611434428487e-06,0.40111279487609863,0.6316622495651245,-0.008985157124698162,0.5306780934333801,0.5844948291778564,-0.026216236874461174,0.6484225392341614,0.5639891028404236,-0.0558495931327343,0.7563958764076233,0.5510671734809875,-0.08363543450832367,0.42914119362831116,0.39991626143455505,0.04751553386449814,0.572555422782898,0.3764594793319702,0.007231197319924831,0.6934884786605835,0.36948123574256897,-0.03803156688809395,0.7838559150695801,0.3714997172355652,-0.06860988587141037,0.39814862608909607,0.3752816319465637,0.018572833389043808,0.5801640748977661,0.3543938994407654,-0.012821048498153687,0.7030245065689087,0.35085445642471313,-0.043009478598833084,0.8039559125900269,0.34940627217292786,-0.06389681994915009,0.3821440041065216,0.3688099980354309,-0.02069823071360588,0.5682773590087891,0.34084099531173706,-0.05144160985946655,0.6929444074630737,0.3345803916454315,-0.062040600925683975,0.79123854637146,0.33436572551727295,-0.06647403538227081,0.3794771432876587,0.3828038275241852,-0.06529850512742996,0.5372872352600098,0.33960065245628357,-0.08837465941905975,0.6440984010696411,0.33154934644699097,-0.08574899286031723,0.7313257455825806,0.3353668451309204,-0.08006568253040314,C
0.23418134450912476,0.645749568939209,1.1667798389680684e-06,0.40210235118865967,0.6282047033309937,0.022940948605537415,0.5291837453842163,0.5769784450531006,0.02447195164859295,0.6444823741912842,0.5557603240013123,0.004341829102486372,0.7565792798995972,0.5426366329193115,-0.016208600252866745,0.4484350085258484,0.41174790263175964,0.1063985824584961,0.5836305618286133,0.37893784046173096,0.07691094279289246,0.7017303705215454,0.37032419443130493,0.03308059647679329,0.7939004302024841,0.3677913248538971,0.0015067900530993938,0.42174649238586426,0.38496819138526917,0.06067797541618347,0.5864971876144409,0.3530098497867584,0.03450394421815872,0.7113081812858582,0.34653109312057495,-0.004161082208156586,0.8145836591720581,0.34888210892677307,-0.03195880725979805,0.4011242389678955,0.37200865149497986,0.004486208315938711,0.5744574069976807,0.33740273118019104,-0.0226167980581522,0.6979979276657104,0.33523523807525635,-0.0439138263463974,0.7965443134307861,0.3408953547477722,-0.0572180300951004,0.389589786529541,0.37551823258399963,-0.0547667071223259,0.5404889583587646,0.3359035849571228,-0.07628276199102402,0.6437099575996399,0.3323638439178467,-0.08033984899520874,0.7317104339599609,0.3387536406517029,-0.08134796470403671,C
0.2285839319229126,0.6607475280761719,1.0148795581699233e-06,0.3981705904006958,0.6433224081993103,0.03661048784852028,0.531287431716919,0.583329975605011,0.04914470389485359,0.6451435089111328,0.558110773563385,0.03984342887997627,0.7543848752975464,0.5540659427642822,0.030920056626200676,0.4379867911338806,0.4114534854888916,0.118266761302948,0.5738513469696045,0.3814198076725006,0.09490728378295898,0.6885362863540649,0.37492895126342773,0.05531869828701019,0.7780490517616272,0.374385267496109,0.026011351495981216,0.4096362292766571,0.38688623905181885,0.06798925995826721,0.5754497647285461,0.3523315191268921,0.0463235080242157,0.7046698331832886,0.3479110598564148,0.011796588078141212,0.8130359649658203,0.3542378842830658,-0.012729502283036709,0.389909029006958,0.37893712520599365,0.008386939764022827,0.5632218718528748,0.34064337611198425,-0.016520578414201736,0.6939066648483276,0.3394363224506378,-0.03632965683937073,0.7975783944129944,0.34762778878211975,-0.04805579036474228,0.3848628103733063,0.3886118531227112,-0.05310334265232086,0.5379213690757751,0.3442721366882324,-0.07441210001707077,0.6461275815963745,0.3395015597343445,-0.07945802062749863,0.7376057505607605,0.34633636474609375,-0.08103843033313751,C
0.22929111123085022,0.6524486541748047,1.2982716270926176e-06,0.3956359028816223,0.6364574432373047,0.0026115181390196085,0.5225788354873657,0.5868663191795349,-0.013065448962152004,0.6410382986068726,0.5640789270401001,-0.04531058296561241,0.7517073154449463,0.551750898361206,-0.07635113596916199,0.4134938716888428,0.406863272190094,0.053967297077178955,0.5683853030204773,0.3809364140033722,0.008177526295185089,0.6977752447128296,0.3781651258468628,-0.04356382042169571,0.7968007326126099,0.3824182152748108,-0.07901471853256226,0.3847655653953552,0.38234394788742065,0.016766585409641266,0.5776316523551941,0.35726967453956604,-0.02271326817572117,0.7131028175354004,0.3563093841075897,-0.0592045858502388,0.8218945264816284,0.36019936203956604,-0.08431975543498993,0.37196916341781616,0.3739781975746155,-0.030253252014517784,0.5715625286102295,0.3423489034175873,-0.0686073899269104,0.7023943662643433,0.3397948443889618,-0.08645695447921753,0.8023326396942139,0.3455958962440491,-0.09492939710617065,0.3745923638343811,0.3829658329486847,-0.08150289952754974,0.5399454832077026,0.3422185778617859,-0.11095193773508072,0.6504549980163574,0.33816617727279663,-0.11419571191072464,0.7414646744728088,0.34642165899276733,-0.11234567314386368,C
0.22929111123085022,0.6524486541748047,1.2982716270926176e-06,0.3956359028816223,0.6364574432373047,0.0026115181390196085,0.5225788354873657,0.5868663191795349,-0.013065448962152004,0.6410382986068726,0.5640789270401001,-0.04531058296561241,0.7517073154449463,0.551750898361206,-0.07635113596916199,0.4134938716888428,0.406863272190094,0.053967297077178955,0.5683853030204773,0.3809364140033722,0.008177526295185089,0.6977752447128296,0.3781651258468628,-0.04356382042169571,0.7968007326126099,0.3824182152748108,-0.07901471853256226,0.3847655653953552,0.38234394788742065,0.016766585409641266,0.5776316523551941,0.35726967453956604,-0.02271326817572117,0.7131028175354004,0.3563093841075897,-0.0592045858502388,0.8218945264816284,0.36019936203956604,-0.08431975543498993,0.37196916341781616,0.3739781975746155,-0.030253252014517784,0.5715625286102295,0.3423489034175873,-0.0686073899269104,0.7023943662643433,0.3397948443889618,-0.08645695447921753,0.8023326396942139,0.3455958962440491,-0.09492939710617065,0.3745923638343811,0.3829658329486847,-0.08150289952754974,0.5399454832077026,0.3422185778617859,-0.11095193773508072,0.6504549980163574,0.33816617727279663,-0.11419571191072464,0.7414646744728088,0.34642165899276733,-0.11234567314386368,C
0.24767401814460754,0.6297133564949036,1.1973590972047532e-06,0.40751591324806213,0.6126445531845093,0.01769162341952324,0.5312634706497192,0.5663187503814697,0.016673250123858452,0.646956205368042,0.5461761355400085,-0.003070348408073187,0.7552468776702881,0.534201443195343,-0.02276182547211647,0.43167030811309814,0.4001220464706421,0.09668342024087906,0.5740849375724792,0.375556617975235,0.06659577041864395,0.691879391670227,0.36926084756851196,0.023294435814023018,0.7786900997161865,0.36662429571151733,-0.006537293549627066,0.4086006283760071,0.37307819724082947,0.05566384270787239,0.5801218152046204,0.3442213833332062,0.0330498106777668,0.7061834335327148,0.3359655439853668,-0.0009106117649935186,0.8087236881256104,0.3365112543106079,-0.02561669982969761,0.39293885231018066,0.35930272936820984,0.0043207504786551,0.5651026964187622,0.3228205442428589,-0.01913190819323063,0.689424991607666,0.3160229027271271,-0.03503783792257309,0.7887018918991089,0.3175891637802124,-0.044505562633275986,0.3864479064941406,0.3613021671772003,-0.05050002783536911,0.5290675163269043,0.31480658054351807,-0.06707705557346344,0.6271482110023499,0.30634433031082153,-0.06529469043016434,0.7089354991912842,0.309480220079422,-0.06213431805372238,C
0.23315416276454926,0.6486390829086304,1.4087486306380015e-06,0.3986038863658905,0.6333170533180237,0.0261214766651392,0.5236892104148865,0.5887196660041809,0.02438722364604473,0.6467947959899902,0.5694683194160461,0.0016189137240871787,0.7563498616218567,0.5538653135299683,-0.021321505308151245,0.4008775055408478,0.4071962535381317,0.10323502123355865,0.558190107345581,0.38539111614227295,0.08041009306907654,0.6852837204933167,0.383523166179657,0.04069409519433975,0.778813362121582,0.386480450630188,0.011585352942347527,0.37981143593788147,0.38257962465286255,0.05895020067691803,0.5733140110969543,0.3592763841152191,0.04282454773783684,0.7063518762588501,0.35832202434539795,0.011488041840493679,0.8112812042236328,0.36277085542678833,-0.013264677487313747,0.37345826625823975,0.37575435638427734,0.00578025309368968,0.569730818271637,0.34448304772377014,-0.009865673258900642,0.7020514011383057,0.3432827889919281,-0.023798983544111252,0.8009620904922485,0.34939539432525635,-0.034459467977285385,0.3826938569545746,0.3865591585636139,-0.050294164568185806,0.5458953380584717,0.34184950590133667,-0.06122839078307152,0.6554316282272339,0.3357999622821808,-0.05846056714653969,0.7430737614631653,0.3419225811958313,-0.056086644530296326,C
0.23415648937225342,0.6496725678443909,1.4093419622440706e-06,0.4043552875518799,0.6290600299835205,0.021110987290740013,0.5280088186264038,0.5836679935455322,0.016850220039486885,0.6476939916610718,0.5694217681884766,-0.007584626320749521,0.7562777996063232,0.5537906885147095,-0.031641293317079544,0.3978789150714874,0.40416550636291504,0.08975225687026978,0.5606775283813477,0.3829939663410187,0.05527805536985397,0.6897672414779663,0.3800942003726959,0.008583661168813705,0.7898861169815063,0.38241511583328247,-0.024446822702884674,0.3764227330684662,0.38059577345848083,0.044345349073410034,0.5710272789001465,0.35789501667022705,0.01519798208028078,0.7042557001113892,0.35217010974884033,-0.02311518043279648,0.8141558170318604,0.355657160282135,-0.05119830369949341,0.37107837200164795,0.3740348219871521,-0.010305916890501976,0.5666956901550293,0.34401044249534607,-0.03660142421722412,0.6944702863693237,0.338750422000885,-0.05421643331646919,0.7946462631225586,0.340831458568573,-0.06552273035049438,0.3821249306201935,0.3852439224720001,-0.06839551031589508,0.5368794202804565,0.34060874581336975,-0.08663934469223022,0.6403020024299622,0.33060359954833984,-0.08696829527616501,0.7276608943939209,0.33327561616897583,-0.08575397729873657,C
0.25437140464782715,0.65492844581604,1.2489059599829488e-06,0.4055004119873047,0.6411325931549072,0.016440220177173615,0.5324379205703735,0.5895493626594543,0.019918063655495644,0.6468187570571899,0.566106379032135,0.0055887410417199135,0.7548393607139587,0.5563276410102844,-0.007328799460083246,0.4363098442554474,0.42606452107429504,0.09951519966125488,0.5734668970108032,0.39590251445770264,0.07013795524835587,0.6912107467651367,0.3892437517642975,0.028389407321810722,0.77951979637146,0.38702261447906494,0.000505292322486639,0.4129503071308136,0.40006738901138306,0.06120677292346954,0.5787298679351807,0.367561012506485,0.03885079547762871,0.705780029296875,0.36072081327438354,0.006283989641815424,0.8119568228721619,0.36292725801467896,-0.016807664185762405,0.3962250053882599,0.38792645931243896,0.011869455687701702,0.5701496601104736,0.3522731065750122,-0.013965491205453873,0.6988803148269653,0.34605059027671814,-0.031089434400200844,0.8017789721488953,0.3504294753074646,-0.04006784036755562,0.38929975032806396,0.38979172706604004,-0.04069623351097107,0.5420780777931213,0.34798774123191833,-0.06039786711335182,0.6487200260162354,0.3403845429420471,-0.061949945986270905,0.7376302480697632,0.34548139572143555,-0.06037720665335655,C
0.22563904523849487,0.662436842918396,1.002180624709581e-06,0.4018382430076599,0.6424579620361328,0.054823137819767,0.5295916199684143,0.5873059034347534,0.07396300137042999,0.6429903507232666,0.5662547945976257,0.06758542358875275,0.7462072372436523,0.5636417865753174,0.06070922315120697,0.41422945261001587,0.40597185492515564,0.13780833780765533,0.562355637550354,0.37736549973487854,0.12169864773750305,0.6845829486846924,0.37271127104759216,0.08649639040231705,0.7763973474502563,0.3745437264442444,0.05917749181389809,0.3880230784416199,0.38039714097976685,0.08007949590682983,0.5692046284675598,0.34834325313568115,0.06323612481355667,0.7032626271247864,0.34842392802238464,0.0297201219946146,0.8103530406951904,0.35746580362319946,0.005055625922977924,0.37660640478134155,0.374268114566803,0.014580289833247662,0.5599099397659302,0.33552658557891846,-0.006686353124678135,0.6957317590713501,0.3388310670852661,-0.025778833776712418,0.7990306615829468,0.3494293689727783,-0.03800865262746811,0.38409632444381714,0.38691478967666626,-0.05103272199630737,0.5404037833213806,0.34293559193611145,-0.06927233189344406,0.6485207676887512,0.34193092584609985,-0.07288552820682526,0.7375174760818481,0.35219722986221313,-0.07446350902318954,C
0.2457379400730133,0.6635262966156006,1.2576789458762505e-06,0.4024588167667389,0.645492672920227,0.022004222497344017,0.5311415791511536,0.5913179516792297,0.02774086594581604,0.647506058216095,0.5694519281387329,0.01444681454449892,0.7532301545143127,0.5572896003723145,0.0034698140807449818,0.41368383169174194,0.41538798809051514,0.10501184314489365,0.5593085885047913,0.3849172294139862,0.0771721675992012,0.6809229254722595,0.3792290687561035,0.036443259567022324,0.7723788022994995,0.37913811206817627,0.00884257536381483,0.3896182179450989,0.3912506699562073,0.06341946870088577,0.5617085099220276,0.3580123782157898,0.03960490971803665,0.692020833492279,0.35342881083488464,0.006300601176917553,0.7993589639663696,0.3588300943374634,-0.016913745552301407,0.38019895553588867,0.38405296206474304,0.011535495519638062,0.5585906505584717,0.34767499566078186,-0.015896903350949287,0.6888891458511353,0.3448123335838318,-0.03373865410685539,0.7901225090026855,0.35224875807762146,-0.04291241616010666,0.3876313269138336,0.39220768213272095,-0.04325972497463226,0.5409268140792847,0.3485204577445984,-0.06452257931232452,0.6453971862792969,0.3437875509262085,-0.06673421710729599,0.7308927774429321,0.3525896668434143,-0.06527222692966461,C
0.22641479969024658,0.6597714424133301,1.153451648860937e-06,0.39485329389572144,0.6395460963249207,0.031837671995162964,0.5278736352920532,0.5861024856567383,0.03449001535773277,0.6458224654197693,0.5667234659194946,0.016117239370942116,0.7547619342803955,0.5583091378211975,-0.003418346168473363,0.4170163571834564,0.4019932150840759,0.09365252405405045,0.5676290392875671,0.37599626183509827,0.06286893784999847,0.6925424933433533,0.37174472212791443,0.019994810223579407,0.7873544096946716,0.3720044195652008,-0.011021023616194725,0.38952985405921936,0.38005179166793823,0.04445382207632065,0.5751532912254333,0.3534102737903595,0.01923869550228119,0.7072304487228394,0.3532297611236572,-0.014403660781681538,0.8130635023117065,0.35959571599960327,-0.039689965546131134,0.37702643871307373,0.3775401711463928,-0.012707522138953209,0.5644708275794983,0.34514203667640686,-0.03825179114937782,0.6964902877807617,0.3447532057762146,-0.05447153374552727,0.7997254133224487,0.3505136966705322,-0.0648796483874321,0.37957563996315,0.3950633108615875,-0.07174567878246307,0.5357052087783813,0.35026979446411133,-0.09069425612688065,0.642489492893219,0.34400758147239685,-0.09049266576766968,0.7302306890487671,0.34894365072250366,-0.08903541415929794,C
0.22696326673030853,0.6671977639198303,1.1136539797007572e-06,0.4056663513183594,0.6434265375137329,0.03936513140797615,0.5301651954650879,0.5857786536216736,0.049677614122629166,0.6448419690132141,0.5628435611724854,0.03599793463945389,0.7522920370101929,0.5579895377159119,0.022812403738498688,0.403374046087265,0.4020582139492035,0.11924741417169571,0.5629288554191589,0.38103485107421875,0.0923977941274643,0.6907452344894409,0.38051077723503113,0.04985414445400238,0.7862162590026855,0.3848676085472107,0.018869219347834587,0.38021817803382874,0.37898361682891846,0.06684888154268265,0.5744236707687378,0.35633811354637146,0.040301613509655,0.7113586664199829,0.35698702931404114,0.0021262604277580976,0.8196637630462646,0.3665568232536316,-0.0246469434350729,0.3739430606365204,0.37438926100730896,0.005651466082781553,0.5743069052696228,0.34614312648773193,-0.021632185205817223,0.7102402448654175,0.34789174795150757,-0.04503520950675011,0.8123927116394043,0.35746461153030396,-0.059056639671325684,0.38490864634513855,0.38715997338294983,-0.05708404630422592,0.5519294738769531,0.3505256772041321,-0.07819963991641998,0.6614704132080078,0.34847575426101685,-0.08362846821546555,0.7518296241760254,0.35662198066711426,-0.08553626388311386,C
0.2199261486530304,0.6675963401794434,1.0967436310238554e-06,0.4039420783519745,0.6404749751091003,0.04964515566825867,0.5294411182403564,0.5853313207626343,0.06129469349980354,0.6483246088027954,0.5665252208709717,0.047366391867399216,0.7547058463096619,0.5664471387863159,0.03319940343499184,0.37965497374534607,0.3889932930469513,0.12237031757831573,0.5457435250282288,0.3720364570617676,0.09851165860891342,0.679524838924408,0.3724149763584137,0.057027194648981094,0.7786438465118408,0.38059306144714355,0.026532083749771118,0.3554935157299042,0.36838820576667786,0.06562285125255585,0.5596051812171936,0.3495998978614807,0.04361049458384514,0.6996321678161621,0.3524186313152313,0.00948786735534668,0.8080597519874573,0.3645864427089691,-0.015763550996780396,0.35364601016044617,0.3677668571472168,0.0015977644361555576,0.5613044500350952,0.33961671590805054,-0.017871765419840813,0.6990377902984619,0.34335076808929443,-0.03443460166454315,0.8007575273513794,0.35550254583358765,-0.04529498144984245,0.3757968246936798,0.3862403631210327,-0.06363575160503387,0.543620765209198,0.3441525101661682,-0.07658161222934723,0.6527079939842224,0.3397912383079529,-0.07564297318458557,0.7410440444946289,0.34821802377700806,-0.07390905916690826,C
0.22728633880615234,0.6646422147750854,1.0278473610014771e-06,0.4125441312789917,0.6413071155548096,0.05898154899477959,0.5340118408203125,0.5823293328285217,0.07861173152923584,0.6448289752006531,0.5609090924263,0.070231594145298,0.7520095705986023,0.5598710179328918,0.0611121729016304,0.40850892663002014,0.3968266546726227,0.1408793032169342,0.5615969896316528,0.3698585629463196,0.1203215941786766,0.6873809099197388,0.3676610589027405,0.08135747909545898,0.7830795645713806,0.3733465075492859,0.052267301827669144,0.38306179642677307,0.3742065727710724,0.0788155123591423,0.570685625076294,0.344594806432724,0.057861123234033585,0.7093297839164734,0.34494611620903015,0.021521620452404022,0.8203150629997253,0.3573365807533264,-0.004674813710153103,0.37454548478126526,0.3701933026313782,0.008990674279630184,0.5707086324691772,0.33870428800582886,-0.012869248166680336,0.7090141773223877,0.34321004152297974,-0.034904856234788895,0.8127895593643188,0.35603615641593933,-0.04929273948073387,0.38575926423072815,0.38463854789733887,-0.06102854385972023,0.5481038689613342,0.34417635202407837,-0.07789596170186996,0.6566441655158997,0.34333109855651855,-0.08183121681213379,0.746076762676239,0.35324493050575256,-0.0838347002863884,C
0.24966630339622498,0.6484666466712952,1.3906750382375321e-06,0.4084189534187317,0.6317228078842163,0.004231879021972418,0.5310389995574951,0.5853108167648315,-0.008883368223905563,0.6519774198532104,0.5681901574134827,-0.03774502873420715,0.7615042924880981,0.5549485087394714,-0.06530812382698059,0.4031008780002594,0.40336811542510986,0.06217062100768089,0.5545573234558105,0.3824542760848999,0.02165253832936287,0.6830025315284729,0.3765200972557068,-0.025595789775252342,0.7769069075584412,0.3774385452270508,-0.05669555440545082,0.378214031457901,0.3809671998023987,0.027603738009929657,0.5688758492469788,0.3591538667678833,-0.0031297188252210617,0.6996389627456665,0.35578155517578125,-0.03489698842167854,0.8009508848190308,0.3577337861061096,-0.05782534182071686,0.3705509305000305,0.3765440583229065,-0.016789330169558525,0.5613834857940674,0.34396427869796753,-0.04373769089579582,0.6881923079490662,0.33892273902893066,-0.05614186078310013,0.7844964861869812,0.34180089831352234,-0.06309904903173447,0.37884321808815,0.3898748755455017,-0.06552910059690475,0.5323507189750671,0.3460650146007538,-0.08348515629768372,0.6370209455490112,0.33651527762413025,-0.08138343691825867,0.7214469909667969,0.3400283455848694,-0.077663853764534,C
0.23970545828342438,0.6510115265846252,1.2696176554527483e-06,0.3934013843536377,0.637564480304718,0.0018710739677771926,0.5235199332237244,0.5890222787857056,-0.008877209387719631,0.6449292898178101,0.5630245208740234,-0.034963350743055344,0.7584438323974609,0.5492801666259766,-0.05886099487543106,0.4246463179588318,0.40813687443733215,0.06805811077356339,0.5691819190979004,0.37835049629211426,0.028343891724944115,0.6922207474708557,0.3735080659389496,-0.017725514248013496,0.783281683921814,0.37545111775398254,-0.04838036000728607,0.3997644782066345,0.38258096575737,0.033870477229356766,0.577039897441864,0.3549214005470276,0.0022383169271051884,0.7042776346206665,0.3530750870704651,-0.030184360221028328,0.8055843114852905,0.35733291506767273,-0.05242132768034935,0.38805049657821655,0.37341368198394775,-0.011191380210220814,0.5715425610542297,0.34221261739730835,-0.042082495987415314,0.6972278356552124,0.3394881784915924,-0.056258853524923325,0.7941911220550537,0.3455672562122345,-0.0631704330444336,0.3891723155975342,0.38153666257858276,-0.0609254390001297,0.5448587536811829,0.3440839648246765,-0.08326159417629242,0.6507301330566406,0.3381347358226776,-0.08397876471281052,0.7373614311218262,0.34294119477272034,-0.08133232593536377,C
0.23837798833847046,0.664854109287262,1.2661325854423922e-06,0.41350698471069336,0.6415373682975769,0.038724783807992935,0.5358340740203857,0.5882514119148254,0.04560704156756401,0.6518510580062866,0.5701690912246704,0.02890697494149208,0.7578277587890625,0.5634929537773132,0.011882273480296135,0.4047587215900421,0.40487533807754517,0.10771039873361588,0.5658153891563416,0.3798796534538269,0.07567247003316879,0.6945443153381348,0.380172461271286,0.030015263706445694,0.7933701276779175,0.38633963465690613,-0.0021730903536081314,0.38189589977264404,0.38326573371887207,0.05390471592545509,0.5750230550765991,0.357011079788208,0.024078993126749992,0.713385820388794,0.3578569293022156,-0.0158075038343668,0.8243035078048706,0.3683862090110779,-0.043799810111522675,0.37629038095474243,0.3803483545780182,-0.008046763017773628,0.5721509456634521,0.3486589789390564,-0.036298442631959915,0.7074143886566162,0.3514209985733032,-0.05759710073471069,0.8092107772827148,0.36095237731933594,-0.07051907479763031,0.3878859579563141,0.3955234885215759,-0.0717194601893425,0.5457272529602051,0.3495565950870514,-0.09221506863832474,0.653675377368927,0.3451385796070099,-0.09479807317256927,0.7424918413162231,0.3527732789516449,-0.09488647431135178,C
0.2495741993188858,0.6552725434303284,1.4537846482198802e-06,0.4012095630168915,0.6411029696464539,0.002684955717995763,0.5310585498809814,0.5955233573913574,-0.009592278860509396,0.6540052890777588,0.5779722332954407,-0.03497396036982536,0.7608301639556885,0.5637825131416321,-0.05870179086923599,0.4087703824043274,0.406108021736145,0.05740590766072273,0.5630039572715759,0.38514745235443115,0.020844904705882072,0.6885954737663269,0.38183993101119995,-0.02492152526974678,0.7811503410339355,0.38238444924354553,-0.05648979917168617,0.3838578760623932,0.3816508650779724,0.024815071374177933,0.5712562799453735,0.361799955368042,-0.003657422261312604,0.7018397450447083,0.35951414704322815,-0.03824111074209213,0.8063284754753113,0.36176469922065735,-0.06378152221441269,0.37620529532432556,0.37848177552223206,-0.016128916293382645,0.5626404881477356,0.3494604825973511,-0.04187483713030815,0.6914094686508179,0.3470209836959839,-0.05543950945138931,0.7912369966506958,0.3490486443042755,-0.06373012065887451,0.3849325478076935,0.3956683874130249,-0.060987330973148346,0.5388122200965881,0.35042569041252136,-0.07916141301393509,0.6441481113433838,0.3422863483428955,-0.07677841931581497,0.7311418056488037,0.3453427255153656,-0.07287460565567017,C
0.24494923651218414,0.670810341835022,1.2225889349792851e-06,0.3984859585762024,0.6500318050384521,0.023140188306570053,0.5298778414726257,0.5916014909744263,0.026818376034498215,0.6471010446548462,0.568625807762146,0.011393885128200054,0.7552884817123413,0.5624175071716309,-0.0028988495469093323,0.4170646071434021,0.41570425033569336,0.10544732958078384,0.5546800494194031,0.3825976252555847,0.08145333081483841,0.6744329929351807,0.3745662569999695,0.043235763907432556,0.7625924348831177,0.3745175898075104,0.01669648475944996,0.3916338086128235,0.39380860328674316,0.06329570710659027,0.5552631616592407,0.35781237483024597,0.04766254127025604,0.6796475052833557,0.35131528973579407,0.01941867172718048,0.7832607626914978,0.3563770055770874,-0.0012958081206306815,0.38132771849632263,0.3886115849018097,0.011277692392468452,0.5458778142929077,0.34856733679771423,-0.0043830880895257,0.6717521548271179,0.3415866494178772,-0.01084620226174593,0.7729027271270752,0.3462395668029785,-0.014601287432014942,0.38664889335632324,0.40135657787323,-0.044546082615852356,0.5255030989646912,0.3516451120376587,-0.055188681930303574,0.6247280240058899,0.3400893211364746,-0.0485895611345768,0.7079178690910339,0.34269821643829346,-0.04225001856684685,C
0.2304869294166565,0.6700157523155212,1.083444885807694e-06,0.402561217546463,0.6497947573661804,0.052818745374679565,0.5318703651428223,0.5905192494392395,0.06772475689649582,0.6441606283187866,0.5654764175415039,0.057580363005399704,0.7528494596481323,0.5607272386550903,0.04766526073217392,0.41044852137565613,0.39990681409835815,0.12443586438894272,0.564389169216156,0.3784843683242798,0.10134138911962509,0.6920467615127563,0.37807953357696533,0.06169109791517258,0.7909859418869019,0.3848522901535034,0.03274388238787651,0.3847790062427521,0.3778029978275299,0.06536076217889786,0.570785403251648,0.35203707218170166,0.04355139657855034,0.7120351791381836,0.3555234372615814,0.010337304323911667,0.8246740102767944,0.36975449323654175,-0.013923130929470062,0.3759933412075043,0.3749569356441498,-0.000960927689447999,0.5673699975013733,0.3440861403942108,-0.022162053734064102,0.7063111066818237,0.35068070888519287,-0.03763638064265251,0.8104188442230225,0.36571604013442993,-0.04820286110043526,0.38716113567352295,0.39044004678726196,-0.06817246228456497,0.5439359545707703,0.34534209966659546,-0.08595166355371475,0.6554556488990784,0.3433522880077362,-0.08757840096950531,0.7455801963806152,0.35323745012283325,-0.08771339058876038,C
0.24470920860767365,0.6624997854232788,1.265845980924496e-06,0.4004938006401062,0.6456971168518066,0.03190043568611145,0.5250319242477417,0.5903753638267517,0.03554772958159447,0.6436834335327148,0.5685787200927734,0.01957004889845848,0.7513900995254517,0.5645703077316284,0.004535956308245659,0.39443400502204895,0.39215850830078125,0.09751441329717636,0.5492331981658936,0.372913122177124,0.06956519186496735,0.6767522096633911,0.3716523349285126,0.02635430172085762,0.7731117010116577,0.37682369351387024,-0.004803490824997425,0.37223196029663086,0.3700239658355713,0.05019289255142212,0.5580490827560425,0.34930092096328735,0.028334710747003555,0.6959841251373291,0.34847158193588257,-0.0050641498528420925,0.8089274168014526,0.35660526156425476,-0.030767381191253662,0.36702513694763184,0.3689977824687958,-0.004820921923965216,0.5571495890617371,0.34278059005737305,-0.027365200221538544,0.693101167678833,0.3439285159111023,-0.04275854304432869,0.7988798022270203,0.35233402252197266,-0.05334223434329033,0.380867600440979,0.3890755772590637,-0.06184918060898781,0.5368973612785339,0.3486821949481964,-0.0787789449095726,0.6413751840591431,0.34297117590904236,-0.07846379280090332,0.7282512187957764,0.3473122715950012,-0.0771590918302536,C
0.24544265866279602,0.6611840128898621,1.1042850474041188e-06,0.4066888988018036,0.6416298151016235,0.02362133376300335,0.532433032989502,0.5856893658638,0.024640293791890144,0.6430445313453674,0.5654070377349854,0.005827723536640406,0.7491182088851929,0.5593767762184143,-0.013876469805836678,0.4361467957496643,0.42131054401397705,0.0862838476896286,0.5736581087112427,0.3887929618358612,0.050074514001607895,0.6905347108840942,0.381684809923172,0.004890909418463707,0.7812302112579346,0.3814971446990967,-0.02580091543495655,0.41098713874816895,0.4001863896846771,0.04014016315340996,0.579936146736145,0.36644285917282104,0.009159337729215622,0.7032880187034607,0.3604544997215271,-0.027243679389357567,0.8051245212554932,0.3613678812980652,-0.05229063704609871,0.3939797282218933,0.3922604024410248,-0.01517331413924694,0.5683152675628662,0.3533238470554352,-0.0451967753469944,0.6919218301773071,0.3486570715904236,-0.06348607689142227,0.7903831601142883,0.35037097334861755,-0.07387727499008179,0.3865421712398529,0.4004203975200653,-0.07321518659591675,0.5311399102210999,0.3543943464756012,-0.0950443223118782,0.6333380341529846,0.3446175456047058,-0.0968407541513443,0.7204720973968506,0.34416109323501587,-0.09601754695177078,C
0.24544265866279602,0.6611840128898621,1.1042850474041188e-06,0.4066888988018036,0.6416298151016235,0.02362133376300335,0.532433032989502,0.5856893658638,0.024640293791890144,0.6430445313453674,0.5654070377349854,0.005827723536640406,0.7491182088851929,0.5593767762184143,-0.013876469805836678,0.4361467957496643,0.42131054401397705,0.0862838476896286,0.5736581087112427,0.3887929618358612,0.050074514001607895,0.6905347108840942,0.381684809923172,0.004890909418463707,0.7812302112579346,0.3814971446990967,-0.02580091543495655,0.41098713874816895,0.4001863896846771,0.04014016315340996,0.579936146736145,0.36644285917282104,0.009159337729215622,0.7032880187034607,0.3604544997215271,-0.027243679389357567,0.8051245212554932,0.3613678812980652,-0.05229063704609871,0.3939797282218933,0.3922604024410248,-0.01517331413924694,0.5683152675628662,0.3533238470554352,-0.0451967753469944,0.6919218301773071,0.3486570715904236,-0.06348607689142227,0.7903831601142883,0.35037097334861755,-0.07387727499008179,0.3865421712398529,0.4004203975200653,-0.07321518659591675,0.5311399102210999,0.3543943464756012,-0.0950443223118782,0.6333380341529846,0.3446175456047058,-0.0968407541513443,0.7204720973968506,0.34416109323501587,-0.09601754695177078,C
0.23542185127735138,0.6592653393745422,1.3581231996795395e-06,0.3902864456176758,0.6422502994537354,0.013269498944282532,0.5250124335289001,0.5905648469924927,0.008707668632268906,0.6494426727294922,0.5727599859237671,-0.013761088252067566,0.7585397958755493,0.5620256662368774,-0.036784254014492035,0.42171353101730347,0.41411012411117554,0.07997800409793854,0.5654734373092651,0.3835064172744751,0.04605504870414734,0.686678409576416,0.37898582220077515,0.00182354636490345,0.7790734171867371,0.38052019476890564,-0.02879350259900093,0.3962221145629883,0.39189478754997253,0.03887472301721573,0.571311891078949,0.36274662613868713,0.010661582462489605,0.6991552114486694,0.35952550172805786,-0.026075193658471107,0.802189826965332,0.3641366958618164,-0.05238031968474388,0.38301512598991394,0.3854050934314728,-0.011743524111807346,0.5627446174621582,0.3516463041305542,-0.038263678550720215,0.6871055960655212,0.3492415249347687,-0.054382745176553726,0.783235490322113,0.35399216413497925,-0.06410656124353409,0.38156858086586,0.39645591378211975,-0.06629277765750885,0.5307199954986572,0.34986284375190735,-0.0860561728477478,0.6352543234825134,0.34108829498291016,-0.08613596856594086,0.7237066030502319,0.34365314245224,-0.0840342715382576,C
0.21456491947174072,0.6811631321907043,1.0422143077448709e-06,0.40472790598869324,0.6498003602027893,0.05575886741280556,0.5344114303588867,0.5904120802879333,0.07104185223579407,0.6470049619674683,0.5709187984466553,0.059118159115314484,0.7523878812789917,0.5709740519523621,0.047287482768297195,0.3867320716381073,0.3956994116306305,0.1314241737127304,0.5536070466041565,0.3733866214752197,0.10771677643060684,0.6849948763847351,0.37419456243515015,0.0665612667798996,0.7838313579559326,0.38406234979629517,0.036100514233112335,0.35955190658569336,0.3763180673122406,0.07122784107923508,0.5610102415084839,0.35047465562820435,0.046205271035432816,0.7015458345413208,0.3536086678504944,0.007818455807864666,0.8122371435165405,0.36912059783935547,-0.01934378407895565,0.3565712869167328,0.3772154152393341,0.00408537220209837,0.5634333491325378,0.34747982025146484,-0.018772760406136513,0.704116702079773,0.3530711531639099,-0.04096953198313713,0.8090094327926636,0.3694308400154114,-0.05496784299612045,0.3786303699016571,0.3965374827384949,-0.0635962039232254,0.5511842370033264,0.36055874824523926,-0.0794367715716362,0.6645531058311462,0.3588826060295105,-0.08318588882684708,0.7571780681610107,0.3687172830104828,-0.08471600711345673,C
0.2194221466779709,0.6767081022262573,1.1134695796499727e-06,0.3969252109527588,0.6532461643218994,0.04328153282403946,0.5308935642242432,0.5928633809089661,0.05691714957356453,0.6494044065475464,0.570183515548706,0.046604547649621964,0.7574824094772339,0.5692446827888489,0.03665081039071083,0.39431220293045044,0.40147972106933594,0.12391585856676102,0.5537271499633789,0.37562131881713867,0.10210136324167252,0.6820931434631348,0.3738629221916199,0.0628499910235405,0.7787395119667053,0.37823283672332764,0.034540750086307526,0.36910444498062134,0.3809792399406433,0.0712539330124855,0.559810996055603,0.35390371084213257,0.051813069730997086,0.6981204748153687,0.35364896059036255,0.01748785190284252,0.8070939779281616,0.3628215789794922,-0.007294948678463697,0.36365005373954773,0.3807692527770996,0.010511906817555428,0.556453287601471,0.3477419912815094,-0.009603817947208881,0.6945249438285828,0.34980130195617676,-0.028316443786025047,0.7983115911483765,0.3600073754787445,-0.0400875024497509,0.3794082999229431,0.39699286222457886,-0.0518113411962986,0.5398455858230591,0.3536459803581238,-0.06622562557458878,0.6489246487617493,0.3496040105819702,-0.06694478541612625,0.7377773523330688,0.35599178075790405,-0.06610292941331863,C
0.22857150435447693,0.6711829304695129,1.0641635981301079e-06,0.40095359086990356,0.6507730484008789,0.040559276938438416,0.5337263345718384,0.594231903553009,0.04908226430416107,0.6481118202209473,0.5730258226394653,0.0345371812582016,0.7552304267883301,0.5702522993087769,0.020147522911429405,0.4069908857345581,0.4077761471271515,0.10843626409769058,0.5625936985015869,0.3781927525997162,0.08243034034967422,0.6891874074935913,0.37531036138534546,0.042670994997024536,0.7836673259735107,0.3820083439350128,0.014445198699831963,0.3795914649963379,0.38853567838668823,0.055724047124385834,0.567500114440918,0.3555850088596344,0.033031120896339417,0.7042475938796997,0.3551883101463318,0.00013060038327239454,0.8094638586044312,0.3666006624698639,-0.023733222857117653,0.371809720993042,0.38703399896621704,-0.0046439520083367825,0.5647335648536682,0.3509403467178345,-0.025350043550133705,0.6996878981590271,0.3516048491001129,-0.04196476936340332,0.7980167865753174,0.36251330375671387,-0.052886415272951126,0.3833332061767578,0.4028068780899048,-0.06676360964775085,0.5397084951400757,0.3593018651008606,-0.08128181099891663,0.6472941040992737,0.35166656970977783,-0.08205308765172958,0.732986569404602,0.3565305471420288,-0.0815969705581665,C
0.23407122492790222,0.6731318235397339,1.2482661304602516e-06,0.411604106426239,0.6442909240722656,0.03306518495082855,0.5356783866882324,0.5905412435531616,0.03120536543428898,0.6487964987754822,0.5715525150299072,0.0071339076384902,0.7558356523513794,0.5699792504310608,-0.01646423153579235,0.3874644339084625,0.3967946469783783,0.08909238874912262,0.555450439453125,0.3752380311489105,0.05360182374715805,0.69085693359375,0.37451276183128357,0.007511507719755173,0.7912938594818115,0.38343802094459534,-0.02478737384080887,0.3591459095478058,0.3780331611633301,0.03839460387825966,0.5633424520492554,0.3545418977737427,0.005740382708609104,0.7050004601478577,0.3562629818916321,-0.030281540006399155,0.8154421448707581,0.36624908447265625,-0.056213896721601486,0.35621148347854614,0.37868067622184753,-0.019674628973007202,0.568225085735321,0.3495389521121979,-0.04967213049530983,0.706430971622467,0.35487329959869385,-0.06726346909999847,0.8069791197776794,0.36976248025894165,-0.07726991176605225,0.37792256474494934,0.39735034108161926,-0.0796547681093216,0.5539869666099548,0.3584429919719696,-0.10026868432760239,0.6682518720626831,0.35692429542541504,-0.10135973989963531,0.7587035894393921,0.3673980236053467,-0.09983810782432556,C
0.23773378133773804,0.6439752578735352,1.0923038189503131e-06,0.4077754318714142,0.6201269030570984,0.0511443056166172,0.5312666893005371,0.566260814666748,0.06450943648815155,0.6429495811462402,0.5454437136650085,0.05462533235549927,0.7492864727973938,0.5437608361244202,0.04558982700109482,0.3909238874912262,0.37408357858657837,0.11576802283525467,0.5539939403533936,0.35481488704681396,0.09526132792234421,0.6795253157615662,0.35126030445098877,0.05992727354168892,0.7745152115821838,0.3542745113372803,0.03353238105773926,0.365885853767395,0.35131219029426575,0.060169633477926254,0.5609544515609741,0.3266947865486145,0.040269866585731506,0.6966999769210815,0.326019287109375,0.010469513013958931,0.8053946495056152,0.3361862003803253,-0.01137765683233738,0.36213764548301697,0.35102957487106323,-0.0016082951333373785,0.558326005935669,0.3213411569595337,-0.02108006924390793,0.6939569711685181,0.321918249130249,-0.03538088500499725,0.7975124716758728,0.3305019438266754,-0.044977400451898575,0.382627934217453,0.3700817823410034,-0.06373506784439087,0.5422553420066833,0.3289180099964142,-0.08025174587965012,0.6505571603775024,0.3209049105644226,-0.08217079937458038,0.7408416271209717,0.32342949509620667,-0.08233008533716202,C
0.22107549011707306,0.6819219589233398,1.0050958962892764e-06,0.4117783010005951,0.646661102771759,0.04726310074329376,0.5355571508407593,0.592698335647583,0.05207737162709236,0.649901270866394,0.5788722038269043,0.03258311003446579,0.7611237168312073,0.5797460079193115,0.011745062656700611,0.38184693455696106,0.39519500732421875,0.0973394438624382,0.5524218678474426,0.3785281777381897,0.06283775717020035,0.6876164674758911,0.37693071365356445,0.015927230939269066,0.7920293807983398,0.3855181038379669,-0.018109213560819626,0.35325148701667786,0.3781692683696747,0.03875422850251198,0.5672686100006104,0.35535338521003723,0.007648535072803497,0.7055902481079102,0.3575371205806732,-0.02914661355316639,0.8139939904212952,0.3658420145511627,-0.0561765693128109,0.3488768935203552,0.38177210092544556,-0.0260649174451828,0.5645984411239624,0.3534207046031952,-0.05310014262795448,0.6985719799995422,0.3552253842353821,-0.07111380249261856,0.7976396083831787,0.3630284070968628,-0.08295492827892303,0.3699171245098114,0.40591517090797424,-0.09190455824136734,0.5358816981315613,0.36372190713882446,-0.11181928217411041,0.6426361799240112,0.35720354318618774,-0.11364486068487167,0.730666995048523,0.363010048866272,-0.11351154744625092,C
0.2383284717798233,0.6668134331703186,1.2593586689035874e-06,0.4065268039703369,0.6429239511489868,0.02559576742351055,0.5334919691085815,0.5950384736061096,0.023646540939807892,0.6519366502761841,0.5786624550819397,0.0008778278133831918,0.7601834535598755,0.5660851001739502,-0.021694650873541832,0.40461286902427673,0.4067515432834625,0.09520681947469711,0.5584472417831421,0.3839815557003021,0.06376606971025467,0.6862362623214722,0.3814202547073364,0.01834293082356453,0.7813934087753296,0.38504087924957275,-0.013868439942598343,0.3799867630004883,0.38594964146614075,0.049505844712257385,0.5703506469726562,0.3605126738548279,0.025759819895029068,0.7025247812271118,0.35834458470344543,-0.007629769388586283,0.8081242442131042,0.3631708025932312,-0.03310762718319893,0.37422099709510803,0.38359376788139343,-0.00530422106385231,0.5684424638748169,0.35283470153808594,-0.02795175090432167,0.6987991333007812,0.34983471035957336,-0.042853470891714096,0.7991416454315186,0.35533154010772705,-0.05274055153131485,0.38688212633132935,0.39985013008117676,-0.06318289041519165,0.548113226890564,0.359164297580719,-0.07940589636564255,0.6543231010437012,0.35206568241119385,-0.07817113399505615,0.741265058517456,0.35681697726249695,-0.07587704062461853,C
0.2414446920156479,0.6690611839294434,1.1712102150340797e-06,0.4126776158809662,0.6474102139472961,0.03768904507160187,0.5404337048530579,0.5916658639907837,0.04286480322480202,0.6541064381599426,0.5733050107955933,0.025663133710622787,0.759283185005188,0.5729512572288513,0.009358852170407772,0.41320666670799255,0.4027330279350281,0.10525397211313248,0.5727260112762451,0.38107869029045105,0.07758323848247528,0.6983358860015869,0.3785109519958496,0.03668547794222832,0.7908974885940552,0.38387778401374817,0.00760288443416357,0.38515353202819824,0.38041216135025024,0.054566651582717896,0.5798380374908447,0.35685673356056213,0.03186793625354767,0.7140734195709229,0.3558606505393982,0.00010967048001475632,0.8210636377334595,0.3642977178096771,-0.02337036281824112,0.3769776225090027,0.3757593631744385,-0.0040937489829957485,0.577283501625061,0.34970396757125854,-0.023822013288736343,0.7102240324020386,0.35071972012519836,-0.03883346542716026,0.8102763891220093,0.36120685935020447,-0.04907521605491638,0.3908250629901886,0.38910743594169617,-0.06483450531959534,0.555986762046814,0.35668259859085083,-0.0767088383436203,0.6614610552787781,0.3520812392234802,-0.0755479708313942,0.7476547956466675,0.3572178781032562,-0.07413982599973679,C
0.23559348285198212,0.6625543236732483,1.204797399623203e-06,0.40307503938674927,0.6489244699478149,0.029276929795742035,0.5318869948387146,0.5906127691268921,0.03914627060294151,0.6480318307876587,0.5684157609939575,0.03112700767815113,0.7560778856277466,0.5671825408935547,0.025743478909134865,0.4065815210342407,0.39722973108291626,0.10353109240531921,0.5634462833404541,0.3839988112449646,0.07772069424390793,0.6877431869506836,0.38365039229393005,0.03782162070274353,0.7793717980384827,0.38813620805740356,0.009250442497432232,0.38107001781463623,0.37203916907310486,0.060149189084768295,0.5705002546310425,0.3520960807800293,0.037267543375492096,0.7042202353477478,0.3540574312210083,0.005953476298600435,0.8157249689102173,0.36183488368988037,-0.016237406060099602,0.3727383613586426,0.36953121423721313,0.007837345823645592,0.5667930841445923,0.34312552213668823,-0.020707175135612488,0.7044534683227539,0.34498313069343567,-0.039984315633773804,0.8130180835723877,0.3532295227050781,-0.05013861879706383,0.3859601318836212,0.3870992958545685,-0.045970045030117035,0.5571669340133667,0.35384130477905273,-0.07022391259670258,0.667346715927124,0.3525996506214142,-0.0757041946053505,0.758520245552063,0.36118441820144653,-0.07653247565031052,C
0.2552611529827118,0.6486989259719849,1.2979098755749874e-06,0.4125823974609375,0.6334981918334961,0.010848889127373695,0.536012589931488,0.5853582620620728,0.007391961757093668,0.6513291001319885,0.5684627294540405,-0.012974635697901249,0.752719521522522,0.5557283759117126,-0.032741568982601166,0.42446422576904297,0.4125707745552063,0.08057017624378204,0.568081259727478,0.3858076333999634,0.04547422379255295,0.6877919435501099,0.3812969923019409,-0.0003888687351718545,0.7745980620384216,0.3814443051815033,-0.031207500025629997,0.40254172682762146,0.3901292383670807,0.04267600178718567,0.5758045315742493,0.362423300743103,0.013355451636016369,0.7013446092605591,0.3580660820007324,-0.025100234895944595,0.8013511300086975,0.3623068034648895,-0.05170605704188347,0.3941912353038788,0.3838420510292053,-0.004759302828460932,0.569909930229187,0.3494810461997986,-0.030920052900910378,0.6908794641494751,0.3447483479976654,-0.04812055453658104,0.7840940356254578,0.3465387225151062,-0.05763699486851692,0.3980053961277008,0.3937136232852936,-0.05611436814069748,0.5391958951950073,0.3437115252017975,-0.07304073125123978,0.6374884843826294,0.33290594816207886,-0.07157665491104126,0.7202807664871216,0.33462634682655334,-0.06803382933139801,C
0.23518982529640198,0.664892852306366,1.105013097912888e-06,0.41399696469306946,0.6442362666130066,0.05630555376410484,0.5349188446998596,0.5918160080909729,0.06877712905406952,0.6505812406539917,0.572361946105957,0.055489432066679,0.7543642520904541,0.5711108446121216,0.042186494916677475,0.38377845287323,0.3876730799674988,0.11869683861732483,0.554743230342865,0.3658261299133301,0.09619496762752533,0.6866118907928467,0.3662523329257965,0.057893093675374985,0.7858754396438599,0.37574777007102966,0.029106583446264267,0.36027443408966064,0.3692759573459625,0.05860581994056702,0.571293294429779,0.3456384539604187,0.03700220212340355,0.7123641967773438,0.3510541319847107,0.005184889305382967,0.8209202289581299,0.367829293012619,-0.018626270815730095,0.3641741871833801,0.3732089400291443,-0.007424183189868927,0.5752261281013489,0.34432125091552734,-0.025121042504906654,0.7143634557723999,0.3475837707519531,-0.03905417025089264,0.8157156109809875,0.35822927951812744,-0.049590520560741425,0.3934014141559601,0.3974950611591339,-0.07383953779935837,0.5611955523490906,0.3568173944950104,-0.08500983566045761,0.6691699028015137,0.3500548005104065,-0.08361706137657166,0.7565286755561829,0.3551022708415985,-0.08274002373218536,C
0.25167423486709595,0.6265300512313843,1.2509199223131873e-06,0.4177919328212738,0.6110988855361938,0.029051046818494797,0.535792887210846,0.5647341012954712,0.03437095880508423,0.6526010632514954,0.548470675945282,0.018320221453905106,0.7565135955810547,0.5378760099411011,0.0016554354224354029,0.4202137887477875,0.39148494601249695,0.1102670282125473,0.568604052066803,0.36999770998954773,0.08843961358070374,0.6879251003265381,0.36613065004348755,0.04880204424262047,0.7757691144943237,0.36645951867103577,0.019870975986123085,0.3991056978702545,0.36637061834335327,0.06515201926231384,0.5791338682174683,0.343179851770401,0.04740547761321068,0.705564022064209,0.33902615308761597,0.012773292139172554,0.8066949248313904,0.3438168168067932,-0.013488881289958954,0.3902841806411743,0.3581128716468811,0.010840468108654022,0.5760203003883362,0.32875919342041016,-0.007924403063952923,0.7013809680938721,0.32423898577690125,-0.02725820429623127,0.7974035739898682,0.326577365398407,-0.04066294804215431,0.3955361545085907,0.36756768822669983,-0.045890383422374725,0.5464612245559692,0.3230743408203125,-0.06000225245952606,0.6486102342605591,0.31474730372428894,-0.0607561320066452,0.7343647480010986,0.31787240505218506,-0.060524746775627136,C
0.24284617602825165,0.6555899977684021,1.1186629080839339e-06,0.4077478349208832,0.6408383846282959,0.03610284999012947,0.5357626676559448,0.5882765054702759,0.04441116005182266,0.6517831683158875,0.5687502026557922,0.03137829154729843,0.7574758529663086,0.5640542507171631,0.01867428980767727,0.42008695006370544,0.40433841943740845,0.1077219545841217,0.5719010233879089,0.3788817524909973,0.08302807062864304,0.6950825452804565,0.37590092420578003,0.04358874633908272,0.7879273295402527,0.37903469800949097,0.014828450046479702,0.3948976397514343,0.38007596135139465,0.058999624103307724,0.5814808011054993,0.35196492075920105,0.038358043879270554,0.7136552333831787,0.3521461486816406,0.005956510081887245,0.8193310499191284,0.36153531074523926,-0.018055487424135208,0.38523370027542114,0.37585920095443726,0.0022552513983100653,0.5758674144744873,0.3403494358062744,-0.019245969131588936,0.7048947811126709,0.34333547949790955,-0.03463846817612648,0.8027989268302917,0.35488981008529663,-0.0442918986082077,0.39391928911209106,0.3909451961517334,-0.05613518878817558,0.555117130279541,0.3477873206138611,-0.07038748264312744,0.6578194499015808,0.34451425075531006,-0.06875099241733551,0.7389686107635498,0.35232025384902954,-0.06657996028661728,C
0.2455080896615982,0.6546469330787659,1.2344872857283917e-06,0.4102005958557129,0.6359652280807495,0.021709710359573364,0.535396933555603,0.5872447490692139,0.02262452431023121,0.6517046689987183,0.5686511993408203,0.003207666799426079,0.7573296427726746,0.5557333827018738,-0.01623132824897766,0.4256432056427002,0.41743654012680054,0.09758900851011276,0.572127103805542,0.3877542018890381,0.06620514392852783,0.6950082778930664,0.3853222131729126,0.02215544879436493,0.7866327166557312,0.3878679871559143,-0.008005869574844837,0.40265509486198425,0.39420264959335327,0.05396559089422226,0.5826712250709534,0.3654903173446655,0.02880912832915783,0.7121540307998657,0.3621915578842163,-0.007453278638422489,0.8147717714309692,0.3661503791809082,-0.03366321325302124,0.3908499777317047,0.38541343808174133,0.0003945818170905113,0.5751436948776245,0.3502333462238312,-0.024827150627970695,0.7018866539001465,0.34578338265419006,-0.043451953679323196,0.7976503372192383,0.34752047061920166,-0.05481109768152237,0.38971298933029175,0.3916374742984772,-0.05633373185992241,0.5367934107780457,0.3418588638305664,-0.07461640983819962,0.6396417617797852,0.334026962518692,-0.07488458603620529,0.724872887134552,0.33882108330726624,-0.07320772111415863,C
0.2648742198944092,0.6412367820739746,1.4369995824381476e-06,0.40650248527526855,0.633773922920227,-0.024990439414978027,0.5337660908699036,0.5934340953826904,-0.04880977049469948,0.6510152816772461,0.5703675746917725,-0.08057404309511185,0.7584455013275146,0.5521953701972961,-0.11035488545894623,0.4455527067184448,0.419437974691391,0.024267852306365967,0.5806556940078735,0.3810928761959076,-0.022515876218676567,0.6977881789207458,0.37388718128204346,-0.07055795192718506,0.7874705195426941,0.3773673474788666,-0.10147123783826828,0.4194851815700531,0.3944253921508789,0.005965490359812975,0.5874968767166138,0.3600991368293762,-0.0319516696035862,0.7078105211257935,0.3563399016857147,-0.06730924546718597,0.8038470149040222,0.3589431643486023,-0.09095470607280731,0.4018934667110443,0.3835240304470062,-0.022885682061314583,0.5705695152282715,0.3469392657279968,-0.058010660111904144,0.6883920431137085,0.34087201952934265,-0.07450618594884872,0.7798938751220703,0.3434605896472931,-0.08244986087083817,0.38985928893089294,0.38849860429763794,-0.057263705879449844,0.5252467393875122,0.3453997075557709,-0.0823245495557785,0.6234793066978455,0.33601728081703186,-0.08380120247602463,0.7045000791549683,0.33840689063072205,-0.08099889010190964,C
0.23731911182403564,0.6582867503166199,1.1393833574402379e-06,0.4052993953227997,0.6363619565963745,0.029236191883683205,0.534957766532898,0.5820942521095276,0.03566906601190567,0.6514258980751038,0.5619331002235413,0.02074260637164116,0.7593123316764832,0.5519342422485352,0.006124137435108423,0.42475253343582153,0.41150811314582825,0.1111799106001854,0.5716128945350647,0.3847602903842926,0.08304399996995926,0.6943362951278687,0.38037845492362976,0.039954494684934616,0.7880557775497437,0.3803549110889435,0.009689399972558022,0.40149998664855957,0.3880194127559662,0.06404193490743637,0.5815038084983826,0.361013263463974,0.04126429185271263,0.7104443311691284,0.3565862774848938,0.004955484997481108,0.8149741888046265,0.3592352569103241,-0.021245386451482773,0.38924935460090637,0.37991589307785034,0.007071359548717737,0.5728068351745605,0.34675055742263794,-0.0163577813655138,0.6997817754745483,0.3425394594669342,-0.03517180308699608,0.7978801131248474,0.34543609619140625,-0.04659343883395195,0.39049437642097473,0.3875819444656372,-0.05272260680794716,0.5419345498085022,0.34122925996780396,-0.06903425604104996,0.6467149257659912,0.33419835567474365,-0.06919024139642715,0.7340261936187744,0.3382197618484497,-0.06768149137496948,C
0.23731911182403564,0.6582867503166199,1.1393833574402379e-06,0.4052993953227997,0.6363619565963745,0.029236191883683205,0.534957766532898,0.5820942521095276,0.03566906601190567,0.6514258980751038,0.5619331002235413,0.02074260637164116,0.7593123316764832,0.5519342422485352,0.006124137435108423,0.42475253343582153,0.41150811314582825,0.1111799106001854,0.5716128945350647,0.3847602903842926,0.08304399996995926,0.6943362951278687,0.38037845492362976,0.039954494684934616,0.7880557775497437,0.3803549110889435,0.009689399972558022,0.40149998664855957,0.3880194127559662,0.06404193490743637,0.5815038084983826,0.361013263463974,0.04126429185271263,0.7104443311691284,0.3565862774848938,0.004955484997481108,0.8149741888046265,0.3592352569103241,-0.021245386451482773,0.38924935460090637,0.37991589307785034,0.007071359548717737,0.5728068351745605,0.34675055742263794,-0.0163577813655138,0.6997817754745483,0.3425394594669342,-0.03517180308699608,0.7978801131248474,0.34543609619140625,-0.04659343883395195,0.39049437642097473,0.3875819444656372,-0.05272260680794716,0.5419345498085022,0.34122925996780396,-0.06903425604104996,0.6467149257659912,0.33419835567474365,-0.06919024139642715,0.7340261936187744,0.3382197618484497,-0.06768149137496948,C
0.2614116370677948,0.6387948989868164,1.4527079201798188e-06,0.39833420515060425,0.6306691765785217,-0.02682400867342949,0.5311661958694458,0.5870029926300049,-0.0480370856821537,0.6471439599990845,0.5637423396110535,-0.07652955502271652,0.7533188462257385,0.5476062297821045,-0.10195384919643402,0.4557926654815674,0.4206996560096741,0.026676800101995468,0.5884079337120056,0.3884175419807434,-0.022174350917339325,0.7033108472824097,0.3799690306186676,-0.07133171707391739,0.7931602597236633,0.37918078899383545,-0.10264530032873154,0.42911621928215027,0.39269205927848816,0.00836288183927536,0.592167854309082,0.36330628395080566,-0.03342212736606598,0.7099414467811584,0.35690784454345703,-0.07031165808439255,0.809817910194397,0.35617345571517944,-0.09352411329746246,0.4106373190879822,0.37987470626831055,-0.021156636998057365,0.5746089220046997,0.3461724519729614,-0.06164044886827469,0.6895420551300049,0.34064704179763794,-0.07897603511810303,0.7840732336044312,0.3418634533882141,-0.08547650277614594,0.3988945186138153,0.38422566652297974,-0.05643364042043686,0.5358885526657104,0.342427134513855,-0.08477037400007248,0.6325237154960632,0.3334498405456543,-0.08674760162830353,0.7150554656982422,0.3346584737300873,-0.08332674205303192,C
0.22667020559310913,0.6614151000976562,1.0825792742252816e-06,0.4117434620857239,0.6343746781349182,0.04795348271727562,0.5382438898086548,0.5790593028068542,0.060028720647096634,0.6534168124198914,0.5598652958869934,0.04825973138213158,0.7587118148803711,0.563290536403656,0.037323661148548126,0.3925256133079529,0.3863549828529358,0.1184430792927742,0.5674605369567871,0.3711857795715332,0.09444878250360489,0.6964583396911621,0.37208300828933716,0.05595436692237854,0.7909770607948303,0.378695547580719,0.02758312039077282,0.3654068112373352,0.36441150307655334,0.06380714476108551,0.5792877078056335,0.3419482409954071,0.03958318755030632,0.7148985862731934,0.3470088541507721,0.0063348389230668545,0.8204331398010254,0.3593605160713196,-0.01701216772198677,0.36267808079719543,0.3637511432170868,0.002025420079007745,0.5777756571769714,0.3344680070877075,-0.020558292046189308,0.7135809659957886,0.34036338329315186,-0.039483338594436646,0.8133679628372192,0.353929340839386,-0.05086057633161545,0.38354790210723877,0.38252022862434387,-0.060440707951784134,0.5593653321266174,0.3451178967952728,-0.07487302273511887,0.6685969233512878,0.34351053833961487,-0.07702512294054031,0.7566760778427124,0.3516092598438263,-0.07746309787034988,C
0.2485804408788681,0.6502411961555481,1.3639286180477939e-06,0.4028232991695404,0.6353693008422852,0.01259429007768631,0.531781792640686,0.5850841999053955,0.010327915661036968,0.6493064761161804,0.5644742846488953,-0.009026093408465385,0.7570675611495972,0.5535555481910706,-0.02729428932070732,0.4343656003475189,0.41472378373146057,0.0909297987818718,0.5780574679374695,0.38570523262023926,0.06064755469560623,0.6979061365127563,0.3828771412372589,0.01753068156540394,0.7850456237792969,0.3832511901855469,-0.011554949916899204,0.41078370809555054,0.39077070355415344,0.05325201153755188,0.5835984945297241,0.3623776435852051,0.03039603866636753,0.7096471190452576,0.35805994272232056,-0.005057774484157562,0.8111957311630249,0.36148080229759216,-0.030585376545786858,0.3976929187774658,0.3813766837120056,0.005409622099250555,0.5756762027740479,0.3481869697570801,-0.014780208468437195,0.6986188888549805,0.34348180890083313,-0.02974759042263031,0.793467104434967,0.3455614745616913,-0.03908486291766167,0.39624664187431335,0.387857586145401,-0.04653855040669441,0.5465295910835266,0.34085461497306824,-0.05828322097659111,0.6484212875366211,0.3328339457511902,-0.05483195185661316,0.7315101623535156,0.3366386294364929,-0.05087554454803467,C
0.26413285732269287,0.631370484828949,1.4031028285899083e-06,0.4109273850917816,0.6204216480255127,0.010733230039477348,0.5352913737297058,0.5716297030448914,0.0048384652473032475,0.6527655720710754,0.5531944632530212,-0.016810039058327675,0.7558948993682861,0.5440166592597961,-0.037256501615047455,0.4182974696159363,0.3942449688911438,0.06651616841554642,0.5688394904136658,0.3698582649230957,0.028270116075873375,0.6919071674346924,0.36662477254867554,-0.015752412378787994,0.7833836078643799,0.368259996175766,-0.04473334550857544,0.39433327317237854,0.36954084038734436,0.0279679074883461,0.5751495361328125,0.34368377923965454,-0.004645796027034521,0.7061656713485718,0.33987724781036377,-0.038869891315698624,0.8136235475540161,0.34534186124801636,-0.06190815195441246,0.38541555404663086,0.3609752058982849,-0.019617771729826927,0.570299506187439,0.33032405376434326,-0.05051707848906517,0.6995363235473633,0.32717496156692505,-0.06687872856855392,0.8008751273155212,0.33225464820861816,-0.0747862234711647,0.3904798924922943,0.36992356181144714,-0.07058774679899216,0.545419454574585,0.3233640491962433,-0.09230822324752808,0.6515661478042603,0.31573036313056946,-0.09343212842941284,0.7397209405899048,0.3218924403190613,-0.09117109328508377,C
0.3082277774810791,0.6042095422744751,1.4852330423309468e-06,0.4308469593524933,0.6063997149467468,-0.01666150987148285,0.5574257969856262,0.563355565071106,-0.022580759599804878,0.668520987033844,0.5469057559967041,-0.036712396889925,0.7696858048439026,0.5393895506858826,-0.04977792128920555,0.48868224024772644,0.42628586292266846,0.06885147839784622,0.5833108425140381,0.37579503655433655,0.04918193072080612,0.6716203689575195,0.3550765812397003,0.018670527264475822,0.7423107624053955,0.34514564275741577,-0.0020930753089487553,0.4635623097419739,0.40241238474845886,0.05301487073302269,0.5728156566619873,0.35391709208488464,0.036257192492485046,0.6697569489479065,0.3329281210899353,0.0023299374151974916,0.7573162317276001,0.3236429691314697,-0.02023301087319851,0.4376462399959564,0.38547247648239136,0.02672404982149601,0.5504472851753235,0.33430880308151245,0.00756473932415247,0.6493996381759644,0.3152049481868744,-0.01244635134935379,0.7360972166061401,0.307467520236969,-0.02357044629752636,0.4089559018611908,0.377977192401886,-0.004113005939871073,0.5046043992042542,0.32837018370628357,-0.017229951918125153,0.5867350101470947,0.3077160716056824,-0.020497703924775124,0.6639614105224609,0.2988514006137848,-0.02064363844692707,C
0.24156838655471802,0.6595479846000671,1.2270247680135071e-06,0.40992242097854614,0.6406238079071045,0.040636882185935974,0.5314008593559265,0.5860389471054077,0.04946064203977585,0.646338939666748,0.5631858706474304,0.034979160875082016,0.7537631988525391,0.5595517158508301,0.02089398168027401,0.40466421842575073,0.39569059014320374,0.11878573149442673,0.561095654964447,0.37591806054115295,0.09420138597488403,0.6868879795074463,0.37549877166748047,0.0527399517595768,0.780115008354187,0.3798145651817322,0.022484278306365013,0.38099461793899536,0.37193360924720764,0.06663419306278229,0.5733780860900879,0.34959810972213745,0.045049868524074554,0.7090744376182556,0.35166510939598083,0.010608258657157421,0.8176530003547668,0.3631187081336975,-0.014453827403485775,0.37385499477386475,0.368234246969223,0.006203172728419304,0.5697449445724487,0.3421404957771301,-0.013762171380221844,0.7037081718444824,0.34481027722358704,-0.029768995940685272,0.8055447340011597,0.356353223323822,-0.04007314145565033,0.38483303785324097,0.38586077094078064,-0.05604168400168419,0.5462820529937744,0.34617024660110474,-0.06974738836288452,0.6518698930740356,0.3413340747356415,-0.06904630362987518,0.7388001680374146,0.3487713038921356,-0.06743773072957993,C
0.24156838655471802,0.6595479846000671,1.2270247680135071e-06,0.40992242097854614,0.6406238079071045,0.040636882185935974,0.5314008593559265,0.5860389471054077,0.04946064203977585,0.646338939666748,0.5631858706474304,0.034979160875082016,0.7537631988525391,0.5595517158508301,0.02089398168027401,0.40466421842575073,0.39569059014320374,0.11878573149442673,0.561095654964447,0.37591806054115295,0.09420138597488403,0.6868879795074463,0.37549877166748047,0.0527399517595768,0.780115008354187,0.3798145651817322,0.022484278306365013,0.38099461793899536,0.37193360924720764,0.06663419306278229,0.5733780860900879,0.34959810972213745,0.045049868524074554,0.7090744376182556,0.35166510939598083,0.010608258657157421,0.8176530003547668,0.3631187081336975,-0.014453827403485775,0.37385499477386475,0.368234246969223,0.006203172728419304,0.5697449445724487,0.3421404957771301,-0.013762171380221844,0.7037081718444824,0.34481027722358704,-0.029768995940685272,0.8055447340011597,0.356353223323822,-0.04007314145565033,0.38483303785324097,0.38586077094078064,-0.05604168400168419,0.5462820529937744,0.34617024660110474,-0.06974738836288452,0.6518698930740356,0.3413340747356415,-0.06904630362987518,0.7388001680374146,0.3487713038921356,-0.06743773072957993,C
0.2528228163719177,0.6430188417434692,1.435557464901649e-06,0.4000454545021057,0.6329824924468994,-0.009514213539659977,0.5278767943382263,0.5889493823051453,-0.02911999076604843,0.6496748924255371,0.5728726387023926,-0.06041369587182999,0.758047878742218,0.5528451204299927,-0.09065715223550797,0.42599377036094666,0.4050363302230835,0.03511090576648712,0.5810416340827942,0.3838600218296051,-0.011565807275474072,0.7045576572418213,0.38365432620048523,-0.06126881018280983,0.7992303371429443,0.3874298632144928,-0.09477248042821884,0.40192338824272156,0.37971246242523193,0.005234122276306152,0.5945287942886353,0.3601846396923065,-0.03580619767308235,0.7210038900375366,0.36297035217285156,-0.07334792613983154,0.8221449255943298,0.36930686235427856,-0.09893209487199783,0.3904978036880493,0.3721727728843689,-0.03416217863559723,0.5856968760490417,0.3476654291152954,-0.07159347832202911,0.7078589200973511,0.34860959649086,-0.08940785378217697,0.8016061782836914,0.35392969846725464,-0.09874977916479111,0.38988736271858215,0.38461950421333313,-0.07819809764623642,0.54365074634552,0.34166741371154785,-0.10762963443994522,0.6491779088973999,0.33659717440605164,-0.1113935261964798,0.7368748188018799,0.34405791759490967,-0.11018576472997665,C
0.2822415232658386,0.6356214880943298,1.596451511431951e-06,0.41392064094543457,0.6298839449882507,-0.011600091122090816,0.5403693914413452,0.5860424637794495,-0.024112870916724205,0.6568692326545715,0.5669606924057007,-0.04605459049344063,0.7577609419822693,0.5543668866157532,-0.06522566080093384,0.4323166310787201,0.42160719633102417,0.05164910480380058,0.5614665150642395,0.3863367736339569,0.021165428683161736,0.6714414358139038,0.3785438537597656,-0.01409760769456625,0.7511191368103027,0.3781667947769165,-0.03621722385287285,0.4063308537006378,0.3959108591079712,0.03139972686767578,0.5663966536521912,0.36207255721092224,0.0049534752033650875,0.6837992668151855,0.35932663083076477,-0.023230748251080513,0.7776497602462769,0.3639287054538727,-0.04001358151435852,0.39367759227752686,0.3843246400356293,0.0015662480145692825,0.5533031225204468,0.3407212495803833,-0.023902472108602524,0.6709962487220764,0.3365027904510498,-0.035038117319345474,0.7604813575744629,0.34284722805023193,-0.03789181262254715,0.39016708731651306,0.3857456147670746,-0.032549478113651276,0.5268203020095825,0.3368127942085266,-0.047440897673368454,0.6236900091171265,0.32480353116989136,-0.04431154206395149,0.7014238834381104,0.32684823870658875,-0.03821925073862076,C
0.23600947856903076,0.6517289280891418,1.3473053286361392e-06,0.40082278847694397,0.6356000900268555,0.0022789351642131805,0.530206024646759,0.5916370153427124,-0.011475264094769955,0.6448790431022644,0.5712041854858398,-0.040608543902635574,0.7502424716949463,0.5555930137634277,-0.0682763084769249,0.4035153388977051,0.4036731421947479,0.051757875829935074,0.5673334002494812,0.38206928968429565,0.005814191419631243,0.7001585960388184,0.37919238209724426,-0.04555574804544449,0.7996010780334473,0.38362550735473633,-0.08057539165019989,0.38042715191841125,0.37953442335128784,0.015353541821241379,0.5810755491256714,0.35643261671066284,-0.02517172135412693,0.7202006578445435,0.3579576015472412,-0.06272128969430923,0.8249691724777222,0.3657747209072113,-0.08826456218957901,0.37563103437423706,0.3753015398979187,-0.03014644794166088,0.5784459114074707,0.3442152440547943,-0.06892893463373184,0.7096925377845764,0.3453095555305481,-0.08585328608751297,0.8049416542053223,0.35435694456100464,-0.0934840515255928,0.3858132064342499,0.3896891474723816,-0.07947366684675217,0.5500741004943848,0.35089778900146484,-0.10920391231775284,0.6587094664573669,0.34623804688453674,-0.11116401106119156,0.744036853313446,0.3519729673862457,-0.10803747922182083,C
0.24346406757831573,0.650205135345459,1.437681817151315e-06,0.4054286479949951,0.6355553865432739,0.02089773677289486,0.5303426384925842,0.5899888277053833,0.014540795236825943,0.6490849256515503,0.5757462978363037,-0.011050466448068619,0.7563744783401489,0.5633000731468201,-0.036189187318086624,0.40132641792297363,0.3958124816417694,0.08192944526672363,0.5598495602607727,0.37762880325317383,0.050018735229969025,0.6905820369720459,0.3759191036224365,0.004655001685023308,0.7890291213989258,0.38153576850891113,-0.027814660221338272,0.3802175223827362,0.3723134398460388,0.038396984338760376,0.5740006566047668,0.3545171916484833,0.01442489679902792,0.7100927829742432,0.3538530766963959,-0.019692353904247284,0.8179641962051392,0.3596888780593872,-0.046043477952480316,0.37713053822517395,0.3690061569213867,-0.0132210161536932,0.5761005282402039,0.3431386649608612,-0.035045597702264786,0.7079514861106873,0.3431490957736969,-0.048016417771577835,0.8062280416488647,0.35147571563720703,-0.057034317404031754,0.39225098490715027,0.38633623719215393,-0.06815299391746521,0.5543479323387146,0.34498676657676697,-0.08327914774417877,0.6648620367050171,0.34215760231018066,-0.07947292923927307,0.7522718906402588,0.3521919548511505,-0.0752827450633049,C
0.2817561626434326,0.6423065662384033,1.6272713310172549e-06,0.4131418466567993,0.632957398891449,-0.010331500321626663,0.5396242141723633,0.5911659002304077,-0.025713389739394188,0.6586833596229553,0.572291374206543,-0.05116387829184532,0.7629542946815491,0.5577890276908875,-0.07376065850257874,0.43638139963150024,0.4181205630302429,0.04625270888209343,0.5747780799865723,0.3875814974308014,0.00575508177280426,0.6933923363685608,0.38314345479011536,-0.039172396063804626,0.7825614213943481,0.3863477110862732,-0.06825761497020721,0.4116116464138031,0.39241138100624084,0.02125193551182747,0.5786683559417725,0.36132699251174927,-0.015275940299034119,0.7047171592712402,0.35881638526916504,-0.05067164823412895,0.806746244430542,0.36549240350723267,-0.07322630286216736,0.4000239968299866,0.3815383315086365,-0.01362620946019888,0.5724632740020752,0.34620097279548645,-0.04939896985888481,0.6960077285766602,0.34548163414001465,-0.06707777082920074,0.7911041975021362,0.3556385040283203,-0.07431965321302414,0.39999282360076904,0.3866370916366577,-0.05269942432641983,0.5469345450401306,0.34777501225471497,-0.07845619320869446,0.6493428945541382,0.34028613567352295,-0.08221861720085144,0.7328602075576782,0.3449311852455139,-0.08072815835475922,C
0.2752361297607422,0.6320939064025879,1.6230687833740376e-06,0.4141142666339874,0.6231839656829834,-0.013664819300174713,0.5385431051254272,0.5856043696403503,-0.030809326097369194,0.6570004224777222,0.572091817855835,-0.058861926198005676,0.7574121356010437,0.5594791769981384,-0.08441494405269623,0.420065701007843,0.40744099020957947,0.05121926590800285,0.5629043579101562,0.3807036876678467,0.018342571333050728,0.6767460107803345,0.3706554174423218,-0.021013468503952026,0.761264443397522,0.3693162202835083,-0.04675253480672836,0.3918760120868683,0.38356441259384155,0.029306545853614807,0.5609021782875061,0.35776734352111816,0.0013088275445625186,0.6792961359024048,0.35240769386291504,-0.02865663729608059,0.7766399383544922,0.3548405170440674,-0.047438982874155045,0.38464415073394775,0.37682297825813293,-0.0022614742629230022,0.5492005348205566,0.34167203307151794,-0.028082692995667458,0.6637122631072998,0.336887001991272,-0.03867705911397934,0.7534211874008179,0.3408808708190918,-0.04192231222987175,0.39285799860954285,0.3882444202899933,-0.03920036554336548,0.5273337364196777,0.3435298800468445,-0.05582127347588539,0.6225266456604004,0.33489981293678284,-0.0515255443751812,0.7007107734680176,0.33866462111473083,-0.04424777999520302,C
0.25457778573036194,0.6538227200508118,1.3197056887293002e-06,0.41107097268104553,0.6378301382064819,0.00872629415243864,0.5394130349159241,0.5907454490661621,-0.0027184649370610714,0.6536275744438171,0.5715950131416321,-0.030188143253326416,0.7593066692352295,0.5600935816764832,-0.0568825788795948,0.4224705696105957,0.402934730052948,0.05546305701136589,0.5820108652114868,0.3831697702407837,0.013695674948394299,0.7091696262359619,0.38327309489250183,-0.034324899315834045,0.8061745166778564,0.3882906436920166,-0.06780987977981567,0.3940421938896179,0.37800824642181396,0.016391271725296974,0.5909973382949829,0.3571784794330597,-0.020153505727648735,0.7246510982513428,0.356119841337204,-0.05534150451421738,0.830855667591095,0.3597005307674408,-0.08067075163125992,0.38160619139671326,0.37153851985931396,-0.03130495548248291,0.5877063870429993,0.34852051734924316,-0.06725279241800308,0.7183107733726501,0.34789687395095825,-0.08595705777406693,0.8177585601806641,0.3536187410354614,-0.0966780036687851,0.3846677541732788,0.3845728933811188,-0.08229658007621765,0.5526449084281921,0.3514624238014221,-0.11122448742389679,0.6612448692321777,0.3475405275821686,-0.11624866724014282,0.7505906820297241,0.3529074788093567,-0.11693932861089706,C
0.258041113615036,0.6576429009437561,1.2800605873053428e-06,0.41510725021362305,0.6373106837272644,0.010844817385077477,0.5405518412590027,0.5875762701034546,0.003457792103290558,0.6579695343971252,0.5689847469329834,-0.02116387151181698,0.7629339694976807,0.5588956475257874,-0.045243002474308014,0.427409827709198,0.40441280603408813,0.07329286634922028,0.575323760509491,0.37787097692489624,0.03636690974235535,0.7003870606422424,0.37340471148490906,-0.009409270249307156,0.7936365604400635,0.3757610321044922,-0.04038139432668686,0.4001151919364929,0.38315922021865845,0.035951219499111176,0.5859072804450989,0.35831695795059204,0.00851226132363081,0.7123312950134277,0.35703980922698975,-0.02359197661280632,0.8121417760848999,0.35990530252456665,-0.046867046505212784,0.3886730670928955,0.37883931398391724,-0.010891652666032314,0.5763093829154968,0.34985390305519104,-0.036165185272693634,0.7006321549415588,0.34597185254096985,-0.04917420819401741,0.7945225238800049,0.34931257367134094,-0.05646313354372978,0.39026185870170593,0.39219772815704346,-0.06176457926630974,0.5425269603729248,0.3505675196647644,-0.07896015793085098,0.645511269569397,0.3437521457672119,-0.07615302503108978,0.72886061668396,0.3483307361602783,-0.07174554467201233,C
0.23483644425868988,0.6658033728599548,1.1720519523805706e-06,0.4141262173652649,0.6460259556770325,0.04658522084355354,0.5405409932136536,0.5915000438690186,0.05622752383351326,0.6561857461929321,0.5717642307281494,0.041439734399318695,0.7626799941062927,0.5692461729049683,0.027747832238674164,0.3987634479999542,0.3932468593120575,0.11889170110225677,0.5672972202301025,0.3734937906265259,0.09840157628059387,0.6958544254302979,0.374644011259079,0.06077808141708374,0.7908257246017456,0.3826957643032074,0.032713476568460464,0.3737592399120331,0.37315207719802856,0.06397548317909241,0.5755221843719482,0.34755611419677734,0.04698535054922104,0.7137993574142456,0.35058343410491943,0.01663760282099247,0.8209856152534485,0.36370334029197693,-0.006692271213978529,0.37307098507881165,0.37453150749206543,0.0018284701509401202,0.5766908526420593,0.3429067134857178,-0.013993704691529274,0.7158579230308533,0.3455154299736023,-0.029159028083086014,0.8179625272750854,0.3581545352935791,-0.04057702049612999,0.39782753586769104,0.39446160197257996,-0.06166325882077217,0.5621258616447449,0.355098694562912,-0.07118850946426392,0.6702865362167358,0.35082337260246277,-0.06897792965173721,0.7561327815055847,0.3574199080467224,-0.0675918310880661,C
0.2350100725889206,0.664280116558075,1.098528855436598e-06,0.4161500036716461,0.6436029672622681,0.03463752567768097,0.5460270047187805,0.589081346988678,0.04025140404701233,0.6607624888420105,0.5717414021492004,0.023021742701530457,0.7676723599433899,0.5686586499214172,0.006154400296509266,0.41682177782058716,0.4031662940979004,0.10939773172140121,0.5719505548477173,0.3796323239803314,0.08541107177734375,0.698534369468689,0.37523651123046875,0.04597329720854759,0.790252685546875,0.37951335310935974,0.017438670620322227,0.38878315687179565,0.3828882575035095,0.0612587109208107,0.577748715877533,0.35456377267837524,0.041730571538209915,0.7089532613754272,0.3541971445083618,0.011220983229577541,0.810583770275116,0.3620956540107727,-0.011824303306639194,0.3806517422199249,0.38019856810569763,0.004679159726947546,0.5785582065582275,0.34655481576919556,-0.014798872172832489,0.7097535133361816,0.34653136134147644,-0.030781980603933334,0.8063482046127319,0.3560045659542084,-0.04154765233397484,0.3939555585384369,0.39437150955200195,-0.05410974100232124,0.5597019195556641,0.3565674424171448,-0.06772143393754959,0.6667918562889099,0.3510879874229431,-0.06754547357559204,0.7525835633277893,0.356208860874176,-0.06652696430683136,C
0.23684564232826233,0.6654987335205078,1.1428095376686542e-06,0.4158715009689331,0.640895664691925,0.06239284574985504,0.5428016185760498,0.5899778008460999,0.07924800366163254,0.65809565782547,0.5716739892959595,0.06796631217002869,0.7640895843505859,0.5666723251342773,0.05525873973965645,0.4115489423274994,0.40280449390411377,0.13798993825912476,0.5760931968688965,0.3848007917404175,0.12404681742191315,0.7045267820358276,0.38545095920562744,0.08960942178964615,0.7994264960289001,0.39058274030685425,0.06276176124811172,0.38595718145370483,0.37909647822380066,0.07542422413825989,0.588560938835144,0.3549239933490753,0.06303625553846359,0.7269863486289978,0.3571738600730896,0.032069094479084015,0.8322053551673889,0.369304358959198,0.007011952344328165,0.3793489336967468,0.3761501610279083,0.006332703400403261,0.5897652506828308,0.3493761718273163,-0.007740927394479513,0.7290177345275879,0.3535594940185547,-0.026689525693655014,0.8294496536254883,0.36691904067993164,-0.04184625297784805,0.39341413974761963,0.3914588689804077,-0.06237687170505524,0.5683509707450867,0.3562939167022705,-0.0740097388625145,0.6824225783348083,0.35514408349990845,-0.07586122304201126,0.7734614014625549,0.3643110394477844,-0.07795491069555283,C
0.2517791986465454,0.6593531370162964,1.2765109431711608e-06,0.41745099425315857,0.6404592990875244,0.02059205435216427,0.5414924025535583,0.5906873345375061,0.013583444058895111,0.6599847674369812,0.574137806892395,-0.012536668218672276,0.7653305530548096,0.5691059231758118,-0.03898487985134125,0.41309523582458496,0.4015340507030487,0.07341267168521881,0.5702419281005859,0.3805251717567444,0.03784231096506119,0.6965693831443787,0.375774085521698,-0.0074156043119728565,0.7904543876647949,0.37826043367385864,-0.03891640901565552,0.3888605237007141,0.38332217931747437,0.029386503621935844,0.5820202827453613,0.36055466532707214,0.0016494531882926822,0.711250901222229,0.35883304476737976,-0.02940138801932335,0.8125193119049072,0.36093103885650635,-0.05241003260016441,0.3835861384868622,0.38341403007507324,-0.022633690387010574,0.5770232081413269,0.35287463665008545,-0.0463893786072731,0.7036995887756348,0.34881171584129333,-0.057758912444114685,0.798611044883728,0.351529061794281,-0.06535458564758301,0.39460375905036926,0.4020322263240814,-0.07795033603906631,0.5486357808113098,0.35964202880859375,-0.09395816177129745,0.6515641808509827,0.3508146107196808,-0.09050299227237701,0.7343041896820068,0.35241931676864624,-0.0868128091096878,C
0.30418315529823303,0.6073670387268066,1.3613238252219162e-06,0.4245927929878235,0.6079440712928772,-0.026115257292985916,0.551640510559082,0.5646107792854309,-0.03657851368188858,0.663409411907196,0.5447888374328613,-0.05354683846235275,0.7641606330871582,0.5315643548965454,-0.07010174542665482,0.5119870901107788,0.4392382502555847,0.04265925660729408,0.6114268898963928,0.3966364860534668,0.004997700918465853,0.7078787684440613,0.37938517332077026,-0.03499709442257881,0.785493791103363,0.3707422912120819,-0.05981069430708885,0.48742952942848206,0.4101845324039459,0.027918677777051926,0.6085125803947449,0.3657461404800415,-0.0046761599369347095,0.7094952464103699,0.3501471281051636,-0.03850177302956581,0.8018903732299805,0.3427261710166931,-0.058704670518636703,0.45588696002960205,0.38756197690963745,0.0012403210857883096,0.5806484222412109,0.3373022675514221,-0.03410249575972557,0.6849798560142517,0.3218940496444702,-0.05160396546125412,0.7775785326957703,0.3167957365512848,-0.05736367776989937,0.4159695506095886,0.3736400008201599,-0.03057411126792431,0.5328600406646729,0.32412251830101013,-0.05646345019340515,0.6238520741462708,0.31008467078208923,-0.05884328857064247,0.7047544121742249,0.30804604291915894,-0.055787984281778336,C
0.25736790895462036,0.6581398248672485,1.401078634444275e-06,0.4209453761577606,0.6427655220031738,0.024382956326007843,0.5441163778305054,0.5957320928573608,0.022279154509305954,0.6619745492935181,0.5784909725189209,-0.00015543604968115687,0.7679561376571655,0.5699865818023682,-0.02227666601538658,0.41133368015289307,0.4016300141811371,0.09008776396512985,0.5703057050704956,0.38448747992515564,0.0563843734562397,0.7012403607368469,0.38473737239837646,0.009280991740524769,0.7994632720947266,0.3898715078830719,-0.02343197539448738,0.3879557251930237,0.380357563495636,0.044607628136873245,0.5817599892616272,0.3613196015357971,0.017602715641260147,0.7202602624893188,0.36046770215034485,-0.017785726115107536,0.830704927444458,0.3673290014266968,-0.04401780664920807,0.3827633559703827,0.37892580032348633,-0.009668199345469475,0.5796294212341309,0.3523499369621277,-0.036277975887060165,0.7159315347671509,0.3520519733428955,-0.052983008325099945,0.8198707103729248,0.36062368750572205,-0.06291963905096054,0.3947717547416687,0.3969270884990692,-0.06676468998193741,0.5590241551399231,0.3575827181339264,-0.08511782437562943,0.6675589680671692,0.35227125883102417,-0.08436921238899231,0.7549819350242615,0.35933902859687805,-0.08192344009876251,C
0.26719963550567627,0.6610068082809448,1.2128921298426576e-06,0.4177120625972748,0.6447880268096924,0.027211982756853104,0.5447491407394409,0.5945366024971008,0.02978922240436077,0.6601783633232117,0.5764937400817871,0.01400729175657034,0.7625925540924072,0.5726356506347656,-0.000961233745329082,0.4197152256965637,0.40475398302078247,0.097039595246315,0.5693041086196899,0.38447678089141846,0.07267528027296066,0.6907816529273987,0.38182130455970764,0.0328703373670578,0.7793005704879761,0.38400352001190186,0.004279834218323231,0.3966255784034729,0.38179969787597656,0.05455533042550087,0.57890784740448,0.36100509762763977,0.03766019642353058,0.7049425840377808,0.3584847152233124,0.008066676557064056,0.8072848320007324,0.36224281787872314,-0.014889548532664776,0.3912196755409241,0.3768911063671112,0.0040597012266516685,0.5732856392860413,0.35101187229156494,-0.012169268913567066,0.6980459094047546,0.34809088706970215,-0.023929528892040253,0.7962725162506104,0.35265398025512695,-0.03251264989376068,0.4037640690803528,0.3909377455711365,-0.04914242774248123,0.5538051128387451,0.35440146923065186,-0.058996524661779404,0.6524638533592224,0.3483349084854126,-0.054406482726335526,0.7339600920677185,0.35202863812446594,-0.05057868734002113,C
0.258497953414917,0.6599898338317871,1.393931938764581e-06,0.40787309408187866,0.6419275403022766,0.010828104801476002,0.5366647839546204,0.5942865014076233,0.0029201332945376635,0.6591824889183044,0.5754793882369995,-0.022670872509479523,0.7690492272377014,0.5624798536300659,-0.047779932618141174,0.43367230892181396,0.4153250753879547,0.082950659096241,0.5797266364097595,0.3862757682800293,0.05317592993378639,0.702781081199646,0.38285261392593384,0.01283606793731451,0.7921597361564636,0.38783612847328186,-0.014204679988324642,0.40985754132270813,0.3932543098926544,0.04646919667720795,0.5905020236968994,0.3652459383010864,0.02650778740644455,0.7163918614387512,0.3657803535461426,-0.0012411207426339388,0.815663754940033,0.37053602933883667,-0.02161819115281105,0.3989628255367279,0.3869639039039612,-0.00023450606386177242,0.5826060175895691,0.35164472460746765,-0.019557157531380653,0.7082683444023132,0.3495510220527649,-0.030611326918005943,0.8023585081100464,0.35755112767219543,-0.03747028112411499,0.3983510434627533,0.3975394368171692,-0.05119820684194565,0.55013108253479,0.354011595249176,-0.06535081565380096,0.656777560710907,0.347392201423645,-0.062424615025520325,0.7422289848327637,0.35426098108291626,-0.05840291082859039,C
0.2394104152917862,0.6644326448440552,1.1269046353845624e-06,0.4056273102760315,0.6467369794845581,0.026718802750110626,0.5395606756210327,0.5926305055618286,0.02616603672504425,0.6563909649848938,0.5730030536651611,0.005512867122888565,0.7636296153068542,0.5678948163986206,-0.015414652414619923,0.4256325960159302,0.40848714113235474,0.08553452789783478,0.573815107345581,0.3800317943096161,0.0502961091697216,0.6968479156494141,0.37636566162109375,0.004821453709155321,0.7907425165176392,0.3799065351486206,-0.02648327872157097,0.3994815945625305,0.38953718543052673,0.03868363797664642,0.5819718241691589,0.35764914751052856,0.010651363991200924,0.7119736671447754,0.35507676005363464,-0.02424684353172779,0.8165494799613953,0.36215272545814514,-0.04957190155982971,0.39016619324684143,0.3867552578449249,-0.016284117475152016,0.577885627746582,0.3505871295928955,-0.042576052248477936,0.7071887254714966,0.34770268201828003,-0.0588703528046608,0.8068044185638428,0.3541758060455322,-0.06901143491268158,0.39709892868995667,0.4013802409172058,-0.07386641204357147,0.5493086576461792,0.3577464520931244,-0.09208661317825317,0.6526153683662415,0.34863123297691345,-0.09210637211799622,0.7367849946022034,0.35038936138153076,-0.09066297113895416,C
0.2738875448703766,0.6530320644378662,1.45925298511429e-06,0.42219269275665283,0.636364758014679,-0.003456579986959696,0.5442149043083191,0.5971359610557556,-0.018983474001288414,0.6599341630935669,0.5796552896499634,-0.04905755817890167,0.7660558819770813,0.5607936382293701,-0.0775400847196579,0.42911502718925476,0.4157969355583191,0.05589586868882179,0.5802793502807617,0.38862717151641846,0.011534499935805798,0.7081395983695984,0.38392120599746704,-0.03872202709317207,0.8031080365180969,0.38567623496055603,-0.07223957031965256,0.4027095437049866,0.39180096983909607,0.02477206103503704,0.5905272960662842,0.3645279109477997,-0.013613926246762276,0.7234953045845032,0.3629012703895569,-0.051716964691877365,0.827768862247467,0.36772382259368896,-0.0780516266822815,0.3920776844024658,0.385591596364975,-0.01675570197403431,0.5873348116874695,0.354785680770874,-0.055688273161649704,0.7184576392173767,0.35356801748275757,-0.07646993547677994,0.8177050352096558,0.3614247739315033,-0.08638545125722885,0.39572790265083313,0.3964267075061798,-0.062243539839982986,0.5644112229347229,0.36107224225997925,-0.09123122692108154,0.6767971515655518,0.35655519366264343,-0.09612245857715607,0.7669090032577515,0.36364713311195374,-0.09558785706758499,C
0.23625348508358002,0.666769802570343,1.1281782690275577e-06,0.40663108229637146,0.652502179145813,0.03610175475478172,0.5417230129241943,0.5949652194976807,0.04444122314453125,0.6551872491836548,0.5755820274353027,0.030804134905338287,0.762391209602356,0.5749725103378296,0.01764853298664093,0.43365681171417236,0.4054657518863678,0.11254098266363144,0.5827932357788086,0.3838231563568115,0.08789040893316269,0.7053744792938232,0.3790653645992279,0.047073911875486374,0.7986429929733276,0.3816407024860382,0.01696457713842392,0.40518641471862793,0.3834345042705536,0.06163196265697479,0.5877749919891357,0.3571048378944397,0.03951898589730263,0.718451976776123,0.3572601079940796,0.005168944131582975,0.8275282382965088,0.36365222930908203,-0.01941997930407524,0.39430633187294006,0.3808068037033081,0.0023893339093774557,0.579920768737793,0.349873811006546,-0.02142740786075592,0.7133665084838867,0.3516826927661896,-0.03753533959388733,0.8193618655204773,0.3582196831703186,-0.047469113022089005,0.4027000963687897,0.39734962582588196,-0.05891748145222664,0.5591346025466919,0.3583645522594452,-0.07647060602903366,0.6667815446853638,0.3539580702781677,-0.07612239569425583,0.7573803067207336,0.35824859142303467,-0.07445105165243149,C
0.23625348508358002,0.666769802570343,1.1281782690275577e-06,0.40663108229637146,0.652502179145813,0.03610175475478172,0.5417230129241943,0.5949652194976807,0.04444122314453125,0.6551872491836548,0.5755820274353027,0.030804134905338287,0.762391209602356,0.5749725103378296,0.01764853298664093,0.43365681171417236,0.4054657518863678,0.11254098266363144,0.5827932357788086,0.3838231563568115,0.08789040893316269,0.7053744792938232,0.3790653645992279,0.047073911875486374,0.7986429929733276,0.3816407024860382,0.01696457713842392,0.40518641471862793,0.3834345042705536,0.06163196265697479,0.5877749919891357,0.3571048378944397,0.03951898589730263,0.718451976776123,0.3572601079940796,0.005168944131582975,0.8275282382965088,0.36365222930908203,-0.01941997930407524,0.39430633187294006,0.3808068037033081,0.0023893339093774557,0.579920768737793,0.349873811006546,-0.02142740786075592,0.7133665084838867,0.3516826927661896,-0.03753533959388733,0.8193618655204773,0.3582196831703186,-0.047469113022089005,0.4027000963687897,0.39734962582588196,-0.05891748145222664,0.5591346025466919,0.3583645522594452,-0.07647060602903366,0.6667815446853638,0.3539580702781677,-0.07612239569425583,0.7573803067207336,0.35824859142303467,-0.07445105165243149,C
0.23759368062019348,0.674484372138977,1.2027961702187895e-06,0.416495680809021,0.6444642543792725,0.033332325518131256,0.5390599370002747,0.5938136577606201,0.03242873400449753,0.6528260111808777,0.5780962705612183,0.00933354813605547,0.7641594409942627,0.5735079050064087,-0.012904951348900795,0.39297613501548767,0.39861446619033813,0.0970841497182846,0.5639331340789795,0.38236626982688904,0.06367260962724686,0.6952782273292542,0.3819896876811981,0.01848006062209606,0.7936581373214722,0.38732171058654785,-0.013763559982180595,0.3677922189235687,0.3791007399559021,0.046698205173015594,0.5765975713729858,0.362112820148468,0.015706866979599,0.7135130167007446,0.36564186215400696,-0.020252859219908714,0.821179986000061,0.3751424252986908,-0.04587800055742264,0.36698269844055176,0.38021138310432434,-0.011725489050149918,0.5791639089584351,0.35501837730407715,-0.039383452385663986,0.7125403881072998,0.35872748494148254,-0.056107934564352036,0.8123133778572083,0.3693934679031372,-0.0655711442232132,0.3897331953048706,0.40056437253952026,-0.07229558378458023,0.5619077682495117,0.3626416325569153,-0.08906746655702591,0.6695371866226196,0.3576433062553406,-0.08865008503198624,0.7561194896697998,0.3627239763736725,-0.08658561110496521,C
0.23835326731204987,0.6754639744758606,1.260038402506325e-06,0.4175242781639099,0.645291805267334,0.028613155707716942,0.5434909462928772,0.5960450172424316,0.026250595226883888,0.6618604063987732,0.5814270973205566,0.0027689309790730476,0.7701271772384644,0.5751525163650513,-0.02067217230796814,0.39319905638694763,0.3978261351585388,0.08462259918451309,0.5565425157546997,0.3768306076526642,0.0493086539208889,0.6909384727478027,0.3730674386024475,0.003512844443321228,0.7923020124435425,0.3763761520385742,-0.028881996870040894,0.3665807545185089,0.37750279903411865,0.037752892822027206,0.5805106163024902,0.35836169123649597,0.005899745970964432,0.7203067541122437,0.36641445755958557,-0.02994733303785324,0.8236172199249268,0.3787575662136078,-0.05559259653091431,0.3645114004611969,0.38095688819885254,-0.01664910838007927,0.5797539949417114,0.35306960344314575,-0.04584822431206703,0.7139995694160461,0.359186053276062,-0.06350396573543549,0.809414267539978,0.37147271633148193,-0.07337619364261627,0.3836172819137573,0.40473151206970215,-0.0728927031159401,0.5544867515563965,0.3637285828590393,-0.09177713096141815,0.6644335389137268,0.35958945751190186,-0.09189419448375702,0.7507045269012451,0.3674880266189575,-0.08980511128902435,C
0.2844412624835968,0.6260718107223511,1.373919985780958e-06,0.4241233468055725,0.6171295642852783,0.002331129275262356,0.5549923181533813,0.5639992356300354,0.012222624383866787,0.6607685685157776,0.5462929010391235,0.011574078351259232,0.7531214952468872,0.5389294624328613,0.011400136165320873,0.4467751085758209,0.4344474673271179,0.10405229032039642,0.5269824862480164,0.37695619463920593,0.10775355994701385,0.6062487959861755,0.3526567220687866,0.08917175978422165,0.6654677391052246,0.3378053903579712,0.07420506328344345,0.41424328088760376,0.41084790229797363,0.0868636891245842,0.5048021078109741,0.3551163375377655,0.09351201355457306,0.5915346145629883,0.3303023874759674,0.06495809555053711,0.6634641289710999,0.3163694143295288,0.0436420664191246,0.39139389991760254,0.3975367546081543,0.061191219836473465,0.48743993043899536,0.3416602909564972,0.06450193375349045,0.5755559206008911,0.31842127442359924,0.052582770586013794,0.6461049914360046,0.304021418094635,0.04401998966932297,0.37413477897644043,0.3957388699054718,0.03203181177377701,0.4642378091812134,0.34314578771591187,0.03749852254986763,0.5370907783508301,0.3197731077671051,0.045218393206596375,0.6015153527259827,0.30695003271102905,0.0511714331805706,C
0.2660214304924011,0.664488673210144,1.4711910125697614e-06,0.4118238091468811,0.6459442973136902,0.000989318359643221,0.5434733629226685,0.603562593460083,-0.01675652153789997,0.6633139848709106,0.584517776966095,-0.047876305878162384,0.7694500684738159,0.5715289115905762,-0.07802774012088776,0.42488864064216614,0.414020299911499,0.04324263706803322,0.5820133686065674,0.3901633322238922,-0.0007608242449350655,0.7085190415382385,0.38969966769218445,-0.04929199814796448,0.8031331896781921,0.3961457908153534,-0.08165793120861053,0.3974526524543762,0.3904634118080139,0.00926042441278696,0.5924004912376404,0.36669209599494934,-0.025726735591888428,0.7244441509246826,0.3675192892551422,-0.059028878808021545,0.8261568546295166,0.3743986189365387,-0.08260404318571091,0.38565346598625183,0.38571929931640625,-0.033068593591451645,0.5824625492095947,0.35502004623413086,-0.06349289417266846,0.7097505331039429,0.354107141494751,-0.07564575970172882,0.804702877998352,0.3625621497631073,-0.08203966915607452,0.38747191429138184,0.4010455906391144,-0.07952825725078583,0.5436834692955017,0.3586657643318176,-0.10146835446357727,0.6465632319450378,0.3526649475097656,-0.09959906339645386,0.7281593084335327,0.3581274747848511,-0.09504994750022888,C
0.2305179387331009,0.6736342310905457,1.1717517054421478e-06,0.41885238885879517,0.6453043222427368,0.044777482748031616,0.5463564395904541,0.5950276255607605,0.05023542419075966,0.6561594009399414,0.5781400203704834,0.03009842522442341,0.7635424137115479,0.5774143934249878,0.00934030581265688,0.4109487235546112,0.41046953201293945,0.11453466862440109,0.5690597295761108,0.3897641599178314,0.08758283406496048,0.6981314420700073,0.3853656053543091,0.045943453907966614,0.7948852777481079,0.388507604598999,0.01607007347047329,0.3819636404514313,0.3892454206943512,0.05941758304834366,0.5793388485908508,0.36689889430999756,0.03544343635439873,0.7156078219413757,0.3646371066570282,0.0009416455286554992,0.8233089447021484,0.37068912386894226,-0.024632612243294716,0.37169960141181946,0.3863130509853363,-0.0033054526429623365,0.5774973630905151,0.35764455795288086,-0.02582322247326374,0.71181321144104,0.35859063267707825,-0.04325936362147331,0.8124022483825684,0.36812102794647217,-0.05432981252670288,0.3825247585773468,0.40065819025039673,-0.06724027544260025,0.5559329986572266,0.3646814823150635,-0.08024079352617264,0.666447639465332,0.3601207733154297,-0.07893204689025879,0.7553267478942871,0.36630770564079285,-0.07716873288154602,C
0.24829721450805664,0.6595978140830994,1.290596742364869e-06,0.4133027195930481,0.6450753211975098,0.015406966209411621,0.541678786277771,0.5973325967788696,0.006337280385196209,0.6634358167648315,0.5813263654708862,-0.02100190706551075,0.7700965404510498,0.5737089514732361,-0.04814412072300911,0.40680021047592163,0.4047335386276245,0.06347383558750153,0.571262538433075,0.3835732936859131,0.024815479293465614,0.703146755695343,0.38331714272499084,-0.02139434963464737,0.8014838695526123,0.39196741580963135,-0.05330219492316246,0.38105255365371704,0.3850800096988678,0.02242027409374714,0.5820549726486206,0.36402714252471924,-0.00740837212651968,0.7165688872337341,0.36474522948265076,-0.03798501566052437,0.8229393362998962,0.37040773034095764,-0.061269670724868774,0.37724757194519043,0.38479334115982056,-0.02687729522585869,0.5805988311767578,0.35775211453437805,-0.0549643374979496,0.7122743129730225,0.3568739593029022,-0.06701807677745819,0.8109729886054993,0.3631437122821808,-0.07422541826963425,0.392983078956604,0.4029908776283264,-0.07963962852954865,0.5562182664871216,0.360481321811676,-0.09994003176689148,0.663362979888916,0.3534988760948181,-0.09812159091234207,0.7494478821754456,0.3588618040084839,-0.09468616545200348,C
0.2632429599761963,0.6606115698814392,1.4939912489353446e-06,0.4140968918800354,0.6426848769187927,0.0074346959590911865,0.5381712317466736,0.601002037525177,-0.005145472474396229,0.6589388847351074,0.585091769695282,-0.03423811122775078,0.7667052745819092,0.5696284770965576,-0.06244276836514473,0.41496309638023376,0.41615208983421326,0.07049691677093506,0.5692577362060547,0.39042794704437256,0.0359448604285717,0.6954043507575989,0.388506144285202,-0.007090851664543152,0.7859593629837036,0.3931276202201843,-0.035762373358011246,0.39075401425361633,0.39208537340164185,0.036091629415750504,0.5825424790382385,0.36480164527893066,0.010557903908193111,0.7120586633682251,0.3654005527496338,-0.019762152805924416,0.8134622573852539,0.37073999643325806,-0.04177355393767357,0.38421937823295593,0.3862799406051636,-0.007815740071237087,0.5779746770858765,0.353854238986969,-0.032261162996292114,0.706913948059082,0.35210907459259033,-0.046357661485672,0.8039023876190186,0.35939955711364746,-0.054696813225746155,0.39140111207962036,0.3975856602191925,-0.05540856346487999,0.551875114440918,0.357541561126709,-0.07274360209703445,0.6603480577468872,0.35278838872909546,-0.0716991052031517,0.7474514842033386,0.3615889847278595,-0.06865761429071426,C
0.26031264662742615,0.659792959690094,1.468077698518755e-06,0.4149813652038574,0.6435121297836304,0.0025236380752176046,0.5406240224838257,0.5989510416984558,-0.014271561987698078,0.6620662212371826,0.5822829008102417,-0.04635181650519371,0.7712067365646362,0.5699576735496521,-0.07811208069324493,0.4229586720466614,0.4096405506134033,0.05223113298416138,0.5797668099403381,0.38929659128189087,0.008625099435448647,0.7083912491798401,0.3884813189506531,-0.04188047721982002,0.8064274787902832,0.3927815556526184,-0.0767672210931778,0.3970790505409241,0.38597121834754944,0.015316994860768318,0.5923482775688171,0.3671642243862152,-0.01982569880783558,0.7250486612319946,0.3671952784061432,-0.05564790964126587,0.8312808871269226,0.37108051776885986,-0.08196838200092316,0.38617390394210815,0.3803115487098694,-0.030899424105882645,0.5856432914733887,0.3576201796531677,-0.0631420835852623,0.715211033821106,0.3571263551712036,-0.07941866666078568,0.8144650459289551,0.36287903785705566,-0.08934765309095383,0.3891338109970093,0.3948196768760681,-0.0814628079533577,0.5500221252441406,0.3574998378753662,-0.10690277814865112,0.6606013178825378,0.3543854355812073,-0.10915892571210861,0.7512972354888916,0.3627353310585022,-0.10813131928443909,C
0.21698957681655884,0.6769534349441528,1.0514767154745641e-06,0.41003233194351196,0.6490845680236816,0.04744245857000351,0.5404394268989563,0.5935022830963135,0.05548559129238129,0.6567197442054749,0.5766023397445679,0.037153709679841995,0.7631217241287231,0.5794029235839844,0.01861342042684555,0.3981746435165405,0.3975975215435028,0.11745483428239822,0.5647814869880676,0.3771381974220276,0.09082123637199402,0.6957921981811523,0.37856465578079224,0.04898705706000328,0.7917514443397522,0.3898444175720215,0.018814262002706528,0.36914029717445374,0.37956321239471436,0.06046154350042343,0.5737961530685425,0.35488077998161316,0.03452913463115692,0.7110418081283569,0.36079949140548706,-0.0002985528262797743,0.8160415887832642,0.37611761689186096,-0.025024304166436195,0.3651798665523529,0.38116323947906494,-0.003944186959415674,0.5762787461280823,0.3498762249946594,-0.027398668229579926,0.714276909828186,0.3559519052505493,-0.045825134962797165,0.8146978616714478,0.3716628849506378,-0.0572025366127491,0.38563793897628784,0.4007437825202942,-0.0696476623415947,0.5590018630027771,0.36336249113082886,-0.0847773477435112,0.6715515851974487,0.3607022762298584,-0.08565925806760788,0.7619026899337769,0.3703276216983795,-0.08502200990915298,C
0.22415700554847717,0.6787985563278198,1.1504271242301911e-06,0.4091455340385437,0.6538611650466919,0.05710046365857124,0.5369464159011841,0.5973400473594666,0.06882081180810928,0.6539128422737122,0.5771470665931702,0.0539340041577816,0.7605124711990356,0.5771539211273193,0.038638968020677567,0.38795706629753113,0.39099177718162537,0.11977896839380264,0.5608590245246887,0.37132757902145386,0.09519989788532257,0.6925617456436157,0.3745177388191223,0.054430507123470306,0.792411744594574,0.38486504554748535,0.023639872670173645,0.3641209006309509,0.37291860580444336,0.05632379651069641,0.5722744464874268,0.3507750332355499,0.032351188361644745,0.7152501344680786,0.3568197190761566,-0.0030996999703347683,0.8256455659866333,0.374325156211853,-0.02931641787290573,0.36373987793922424,0.37769177556037903,-0.012991860508918762,0.5712724924087524,0.34935009479522705,-0.0334036722779274,0.7147907018661499,0.35638627409935,-0.04944431409239769,0.8203921318054199,0.37172842025756836,-0.06105272099375725,0.38699454069137573,0.40337079763412476,-0.0827537402510643,0.5541690587997437,0.36225101351737976,-0.09671352803707123,0.6661608219146729,0.35852643847465515,-0.09583138674497604,0.7557995319366455,0.3657795786857605,-0.09500396996736526,C
0.22817426919937134,0.6784769892692566,1.1548628435775754e-06,0.4088215231895447,0.6507861614227295,0.038367319852113724,0.5337227582931519,0.5991708040237427,0.04142221435904503,0.6535797715187073,0.5804569721221924,0.021867452189326286,0.7597882151603699,0.577617347240448,0.0032401345670223236,0.3893429934978485,0.3996190130710602,0.0979369506239891,0.5650216937065125,0.38287609815597534,0.06523990631103516,0.6990424394607544,0.38433772325515747,0.02207873947918415,0.7987802028656006,0.3933018445968628,-0.008537553250789642,0.36399173736572266,0.37828099727630615,0.045668937265872955,0.5781064033508301,0.3556024134159088,0.014063982293009758,0.7197049260139465,0.3622996509075165,-0.020253805443644524,0.8294054269790649,0.3785873353481293,-0.044116392731666565,0.36254382133483887,0.3791041374206543,-0.014212223701179028,0.5782089233398438,0.3528673052787781,-0.04324425011873245,0.719374418258667,0.3588296175003052,-0.06196942180395126,0.8227448463439941,0.37428122758865356,-0.07274174690246582,0.38469183444976807,0.4000300467014313,-0.07552514225244522,0.5570688247680664,0.36237648129463196,-0.09542109072208405,0.6683421730995178,0.36015868186950684,-0.09848126769065857,0.757999837398529,0.3708530068397522,-0.09881196171045303,C
0.24413169920444489,0.6740424036979675,1.1246158919675509e-06,0.41021937131881714,0.6531929969787598,0.02907448820769787,0.5407920479774475,0.5994343161582947,0.031239397823810577,0.6563869714736938,0.5792430639266968,0.012526891194283962,0.7649083137512207,0.5732059478759766,-0.00562232406809926,0.4194474518299103,0.4139217436313629,0.09644056111574173,0.5723648071289062,0.3874434530735016,0.06346942484378815,0.7002800107002258,0.3845513164997101,0.01956607587635517,0.7948476076126099,0.389087438583374,-0.010494856163859367,0.3934191167354584,0.3921825587749481,0.04966557025909424,0.5823686718940735,0.36378252506256104,0.023826446384191513,0.7164679765701294,0.3628263771533966,-0.008516523987054825,0.821658730506897,0.36998751759529114,-0.03233569115400314,0.3839931786060333,0.38738369941711426,-0.006234008818864822,0.5797544717788696,0.35548293590545654,-0.031304843723773956,0.7124845385551453,0.3551822900772095,-0.04748361557722092,0.8116841316223145,0.36482977867126465,-0.0573568195104599,0.3922211229801178,0.3998478353023529,-0.06461096554994583,0.5549045205116272,0.3620014786720276,-0.08145974576473236,0.6622982621192932,0.35721948742866516,-0.08161890506744385,0.7484335899353027,0.363529235124588,-0.08036081492900848,C
0.2302194982767105,0.6854935884475708,1.1951011629207642e-06,0.4111734926700592,0.6571699976921082,0.04721307009458542,0.5403183102607727,0.599853515625,0.05518356338143349,0.6573774814605713,0.5785087943077087,0.03958448767662048,0.7668440341949463,0.5778262615203857,0.024740587919950485,0.3958032727241516,0.3947891891002655,0.1069226861000061,0.5716062188148499,0.37826234102249146,0.08051887154579163,0.7031055092811584,0.38110479712486267,0.04037092626094818,0.802814245223999,0.39065083861351013,0.010684088803827763,0.36992648243904114,0.37493419647216797,0.049907784909009933,0.5796271562576294,0.35772404074668884,0.02576001174747944,0.7218907475471497,0.36341291666030884,-0.007782930973917246,0.8341958522796631,0.3791097402572632,-0.032995257526636124,0.366851270198822,0.3788717985153198,-0.01345987617969513,0.5789086818695068,0.35542917251586914,-0.035577014088630676,0.7205990552902222,0.36229437589645386,-0.05257246643304825,0.8271884918212891,0.3778696358203888,-0.06436075270175934,0.3880719542503357,0.40412023663520813,-0.07773751020431519,0.5623895525932312,0.3678637146949768,-0.0927727073431015,0.6764764189720154,0.3652951419353485,-0.09335323423147202,0.7683835029602051,0.37287452816963196,-0.09308096766471863,C
0.22884321212768555,0.6871597766876221,1.155422523879679e-06,0.41266122460365295,0.6550116539001465,0.04450048878788948,0.5416901111602783,0.5996448397636414,0.04905178025364876,0.6568766832351685,0.5791841149330139,0.02914569154381752,0.7645004391670227,0.576203465461731,0.009590867906808853,0.39552101492881775,0.3997608721256256,0.10662228614091873,0.5667126178741455,0.3741658926010132,0.0782899558544159,0.6971912980079651,0.37681007385253906,0.037060897797346115,0.7959389686584473,0.3879137933254242,0.00765162194147706,0.367378294467926,0.3819275498390198,0.051462121307849884,0.5777757167816162,0.35667264461517334,0.025651944801211357,0.7168919444084167,0.36414438486099243,-0.007541236467659473,0.8238213658332825,0.38212329149246216,-0.03158864751458168,0.3636667728424072,0.3852745294570923,-0.010480296798050404,0.5770114064216614,0.3557165265083313,-0.03195546194911003,0.7148252725601196,0.3636375367641449,-0.047228869050741196,0.8147151470184326,0.3818929195404053,-0.05721480771899223,0.3836190104484558,0.40725842118263245,-0.0738426074385643,0.5567841529846191,0.3697970509529114,-0.08488751202821732,0.6664121150970459,0.36830347776412964,-0.08181240409612656,0.7514084577560425,0.3787018656730652,-0.0789094790816307,C
0.2371579110622406,0.6816797852516174,1.3055396266281605e-06,0.41325533390045166,0.6543196439743042,0.04079054668545723,0.5415501594543457,0.6035107970237732,0.04345715418457985,0.6575747728347778,0.5842940211296082,0.02360113151371479,0.765536904335022,0.5804474949836731,0.0041489917784929276,0.39683598279953003,0.4044734239578247,0.09637846797704697,0.5709586143493652,0.3800866901874542,0.06782139837741852,0.7023394107818604,0.3810575306415558,0.027894005179405212,0.8001694679260254,0.38844096660614014,-0.00043540913611650467,0.36928319931030273,0.38430482149124146,0.04364899918437004,0.5787473917007446,0.36054614186286926,0.018997326493263245,0.7200086116790771,0.36487656831741333,-0.013126438483595848,0.8280349969863892,0.37897926568984985,-0.03703445941209793,0.3657766580581665,0.3868274688720703,-0.015460431575775146,0.5780918598175049,0.3577248752117157,-0.03659134730696678,0.716996967792511,0.3625428080558777,-0.05112310126423836,0.8181644678115845,0.37655332684516907,-0.060949523001909256,0.38564854860305786,0.40878522396087646,-0.07569682598114014,0.5601874589920044,0.37098294496536255,-0.08752480149269104,0.672450602054596,0.3679022789001465,-0.08484827727079391,0.7602884769439697,0.37575381994247437,-0.08222091197967529,C
0.23716521263122559,0.6816327571868896,1.12025884391187e-06,0.41071945428848267,0.6576564908027649,0.047566093504428864,0.5400183796882629,0.6025721430778503,0.058377619832754135,0.655780017375946,0.5823634266853333,0.045337121933698654,0.7633042335510254,0.5790172219276428,0.031934164464473724,0.41291284561157227,0.41058868169784546,0.11440088599920273,0.5741745829582214,0.38690710067749023,0.09114959090948105,0.6989054679870605,0.3872622847557068,0.053306374698877335,0.7926346063613892,0.39386194944381714,0.025364672765135765,0.38650766015052795,0.3881024718284607,0.058421794325113297,0.5825051069259644,0.3629804849624634,0.03653263673186302,0.7201030254364014,0.36581242084503174,0.002621205523610115,0.8274075388908386,0.3791522681713104,-0.022412516176700592,0.3775330185890198,0.38730505108833313,-0.0044660503044724464,0.5788001418113708,0.3589703440666199,-0.026610855013132095,0.716719925403595,0.36342212557792664,-0.04554140940308571,0.8192542791366577,0.3755370080471039,-0.058333322405815125,0.3884553909301758,0.4059491455554962,-0.06784450262784958,0.5536558628082275,0.3676229417324066,-0.08388160914182663,0.6629864573478699,0.36462002992630005,-0.08549736440181732,0.751429557800293,0.37141650915145874,-0.08590991795063019,C
0.23391027748584747,0.6801395416259766,1.1713084404618712e-06,0.4173114001750946,0.6569375395774841,0.05775076895952225,0.5413995981216431,0.6013997793197632,0.0726882815361023,0.6583472490310669,0.581672191619873,0.060567643493413925,0.7663117051124573,0.5786085724830627,0.047957491129636765,0.3957967758178711,0.40323498845100403,0.12699724733829498,0.5653800964355469,0.3831343650817871,0.10535205900669098,0.6967382431030273,0.38583385944366455,0.06809387356042862,0.7947466373443604,0.3961727023124695,0.0410117506980896,0.3736896514892578,0.3831414580345154,0.06693790853023529,0.5824616551399231,0.36118659377098083,0.04790313169360161,0.7230373620986938,0.3674720525741577,0.016627760604023933,0.8317246437072754,0.38389962911605835,-0.006817900110036135,0.3736220598220825,0.386033296585083,0.000303876178804785,0.583870530128479,0.35803744196891785,-0.017351625487208366,0.7259328365325928,0.3631417751312256,-0.03382016718387604,0.8306944370269775,0.377083957195282,-0.04586406797170639,0.39482995867729187,0.4067201316356659,-0.06631243973970413,0.5654619336128235,0.37074506282806396,-0.07767997682094574,0.6772769689559937,0.36698687076568604,-0.07701922208070755,0.7673087120056152,0.37313613295555115,-0.07665801048278809,C
0.25245392322540283,0.6733566522598267,1.4657740621260018e-06,0.40954503417015076,0.6500647068023682,0.010261463932693005,0.5365381836891174,0.6029694080352783,-0.0031800023280084133,0.6601313352584839,0.5878070592880249,-0.03377561643719673,0.76955246925354,0.5781569480895996,-0.06389918178319931,0.3996380567550659,0.40600883960723877,0.06189924106001854,0.564868688583374,0.3844616115093231,0.019709205254912376,0.6992502212524414,0.3857507109642029,-0.030137905851006508,0.8007296323776245,0.3943111300468445,-0.06431205570697784,0.3776347041130066,0.38748717308044434,0.022119726985692978,0.5806282758712769,0.3650318384170532,-0.011741993948817253,0.7192145586013794,0.367533802986145,-0.047072313725948334,0.8284071683883667,0.37748900055885315,-0.07283268123865128,0.3747919797897339,0.38829779624938965,-0.026440922170877457,0.5777959823608398,0.36079832911491394,-0.056672658771276474,0.7137734889984131,0.36093592643737793,-0.07169337570667267,0.8162990808486938,0.3712896704673767,-0.08047232776880264,0.38824397325515747,0.40845727920532227,-0.07884819805622101,0.5513362288475037,0.3701336979866028,-0.10155147314071655,0.6612578630447388,0.364907830953598,-0.10180186480283737,0.7500119209289551,0.37189656496047974,-0.09932370483875275,C
0.2506103813648224,0.6770862340927124,1.3079628615741967e-06,0.42238375544548035,0.6507338285446167,0.0329546220600605,0.5452010035514832,0.599492073059082,0.03421081602573395,0.6584655046463013,0.5824187994003296,0.01386012602597475,0.7667689323425293,0.5782608985900879,-0.005953716579824686,0.4089653491973877,0.4094406068325043,0.09722023457288742,0.570814311504364,0.3850082755088806,0.06407122313976288,0.6982486248016357,0.3824880123138428,0.01941811293363571,0.7954041957855225,0.38593319058418274,-0.012451160699129105,0.38211190700531006,0.3878319263458252,0.04725232347846031,0.5806299448013306,0.3642014265060425,0.017993761226534843,0.7187699675559998,0.36409077048301697,-0.01928727887570858,0.8308429718017578,0.3720979690551758,-0.046242304146289825,0.3750048279762268,0.3866787850856781,-0.010743482038378716,0.5784575343132019,0.3603248596191406,-0.0389268696308136,0.7143944501876831,0.36346206068992615,-0.057016074657440186,0.8191907405853271,0.3735232353210449,-0.06762689352035522,0.3876974582672119,0.40550217032432556,-0.07049085199832916,0.5585585832595825,0.37024441361427307,-0.089034304022789,0.6672024726867676,0.36773014068603516,-0.08907049894332886,0.7565141916275024,0.3739987909793854,-0.08728273957967758,C
0.21948006749153137,0.6848957538604736,1.0337245157643338e-06,0.4104553759098053,0.6577872037887573,0.047886718064546585,0.543790340423584,0.601101815700531,0.05627235770225525,0.6623529195785522,0.5807567834854126,0.04042166471481323,0.7723104953765869,0.5791937708854675,0.022916020825505257,0.41859427094459534,0.4078015089035034,0.09870943427085876,0.5821623802185059,0.3865281045436859,0.06629789620637894,0.710038423538208,0.3870870769023895,0.024269012734293938,0.8087470531463623,0.39401987195014954,-0.00618218258023262,0.3892294764518738,0.387253999710083,0.039381735026836395,0.5944072008132935,0.3642849922180176,0.008443118073046207,0.7333084940910339,0.3694669008255005,-0.02618616260588169,0.8420530557632446,0.3834972679615021,-0.05091219022870064,0.37735119462013245,0.38978615403175354,-0.02644392102956772,0.5862950086593628,0.3616953194141388,-0.055489227175712585,0.7250436544418335,0.3677152991294861,-0.07361482828855515,0.8291358947753906,0.38020190596580505,-0.08496095985174179,0.3840087056159973,0.41281574964523315,-0.09275011718273163,0.55177903175354,0.36914384365081787,-0.11411582678556442,0.6651037931442261,0.36416494846343994,-0.11698145419359207,0.7581751346588135,0.3701364994049072,-0.11778172105550766,C
0.22829569876194,0.678491473197937,1.1150292493766756e-06,0.4127114713191986,0.6536291837692261,0.04644288122653961,0.5405835509300232,0.6014904379844666,0.051258184015750885,0.6579158306121826,0.5840606093406677,0.031337227672338486,0.7647721767425537,0.5841999650001526,0.0101209357380867,0.40851065516471863,0.4051423668861389,0.1032482385635376,0.5756016969680786,0.3943641185760498,0.07384637743234634,0.7054773569107056,0.3951420187950134,0.030424490571022034,0.8040444850921631,0.4026370346546173,-0.0021755520720034838,0.3819361925125122,0.3841494619846344,0.0450376495718956,0.5902136564254761,0.3702791631221771,0.019776469096541405,0.7270975708961487,0.37236112356185913,-0.013277342543005943,0.8343618512153625,0.3816503584384918,-0.03873351588845253,0.374468594789505,0.38595178723335266,-0.019881470128893852,0.5831049680709839,0.3617755174636841,-0.04410413280129433,0.7189802527427673,0.3653707206249237,-0.05940896272659302,0.8215802907943726,0.37576019763946533,-0.07019674777984619,0.38760024309158325,0.41020670533180237,-0.08585217595100403,0.558128833770752,0.373712420463562,-0.10445857048034668,0.6692152619361877,0.3692253828048706,-0.10509826987981796,0.760004997253418,0.37493646144866943,-0.10479807108640671,C
0.22829569876194,0.678491473197937,1.1150292493766756e-06,0.4127114713191986,0.6536291837692261,0.04644288122653961,0.5405835509300232,0.6014904379844666,0.051258184015750885,0.6579158306121826,0.5840606093406677,0.031337227672338486,0.7647721767425537,0.5841999650001526,0.0101209357380867,0.40851065516471863,0.4051423668861389,0.1032482385635376,0.5756016969680786,0.3943641185760498,0.07384637743234634,0.7054773569107056,0.3951420187950134,0.030424490571022034,0.8040444850921631,0.4026370346546173,-0.0021755520720034838,0.3819361925125122,0.3841494619846344,0.0450376495718956,0.5902136564254761,0.3702791631221771,0.019776469096541405,0.7270975708961487,0.37236112356185913,-0.013277342543005943,0.8343618512153625,0.3816503584384918,-0.03873351588845253,0.374468594789505,0.38595178723335266,-0.019881470128893852,0.5831049680709839,0.3617755174636841,-0.04410413280129433,0.7189802527427673,0.3653707206249237,-0.05940896272659302,0.8215802907943726,0.37576019763946533,-0.07019674777984619,0.38760024309158325,0.41020670533180237,-0.08585217595100403,0.558128833770752,0.373712420463562,-0.10445857048034668,0.6692152619361877,0.3692253828048706,-0.10509826987981796,0.760004997253418,0.37493646144866943,-0.10479807108640671,C
0.25753822922706604,0.6651440262794495,1.5563060742351809e-06,0.40831124782562256,0.6480396389961243,-0.0005958665860816836,0.5332643985748291,0.601516842842102,-0.018692731857299805,0.6524627208709717,0.5844889879226685,-0.05012497305870056,0.7538368701934814,0.5743224024772644,-0.08086821436882019,0.40171775221824646,0.40306147933006287,0.03263070434331894,0.5692914724349976,0.3831033706665039,-0.01440359652042389,0.704238772392273,0.3831874132156372,-0.06509232521057129,0.8071041107177734,0.3915654420852661,-0.10038157552480698,0.37758874893188477,0.3831626772880554,-0.0014697466976940632,0.5899667739868164,0.36484068632125854,-0.04128192365169525,0.731591522693634,0.3713111877441406,-0.07613812386989594,0.842361569404602,0.37968865036964417,-0.10124614834785461,0.373904287815094,0.38529932498931885,-0.04339040443301201,0.5848914384841919,0.35973212122917175,-0.08216626197099686,0.72232985496521,0.3625277280807495,-0.0979934111237526,0.8253333568572998,0.37288394570350647,-0.1060316190123558,0.38771501183509827,0.4091765880584717,-0.0890347883105278,0.5534152984619141,0.367189884185791,-0.11993282288312912,0.6680346727371216,0.3629588484764099,-0.12245948612689972,0.7598088979721069,0.37122124433517456,-0.12039602547883987,C
0.25598007440567017,0.6668734550476074,1.3967760423838627e-06,0.4061869978904724,0.6484505534172058,0.011033222079277039,0.540124773979187,0.6028093099594116,0.004628371447324753,0.6612458229064941,0.5865441560745239,-0.018777305260300636,0.7677419185638428,0.5708879232406616,-0.04184363782405853,0.42919668555259705,0.4252939820289612,0.07318119704723358,0.5800411105155945,0.3966309130191803,0.03855591267347336,0.7060413956642151,0.3949486315250397,-0.005996891763061285,0.8022373914718628,0.4002590477466583,-0.03662245348095894,0.4048011004924774,0.40026888251304626,0.03580053523182869,0.5925312638282776,0.3722609281539917,0.007926296442747116,0.7252616882324219,0.37086784839630127,-0.026762619614601135,0.8303475975990295,0.37739694118499756,-0.05193602666258812,0.39317062497138977,0.3926198482513428,-0.010639335960149765,0.5856862664222717,0.36093541979789734,-0.03779546543955803,0.7159219980239868,0.3602001667022705,-0.055257778614759445,0.815230131149292,0.3692765235900879,-0.06561192870140076,0.3931442201137543,0.4022299647331238,-0.0606258288025856,0.5533344745635986,0.36268189549446106,-0.08196039497852325,0.6624468564987183,0.35968002676963806,-0.0835142582654953,0.7506998777389526,0.3691364526748657,-0.08189389109611511,C
0.2448001205921173,0.6789158582687378,1.3932553883932997e-06,0.4251720607280731,0.6521229147911072,0.03324976563453674,0.5495299100875854,0.6021071076393127,0.029650628566741943,0.6615238785743713,0.5831733345985413,0.0038251783698797226,0.7709749937057495,0.5784841775894165,-0.022010300308465958,0.4014134407043457,0.3994657099246979,0.0871005430817604,0.5730021595954895,0.37758517265319824,0.052114542573690414,0.7091652154922485,0.38105928897857666,0.005688844248652458,0.811143696308136,0.3916948735713959,-0.0271151140332222,0.3759176433086395,0.38037577271461487,0.0357409231364727,0.5843303799629211,0.3568544089794159,0.006503645796328783,0.727885901927948,0.36210161447525024,-0.029416890814900398,0.8385053873062134,0.37548214197158813,-0.056532587856054306,0.37216392159461975,0.3827773928642273,-0.022735098376870155,0.5846028923988342,0.3554065227508545,-0.04878576099872589,0.7269814014434814,0.36077630519866943,-0.06805068254470825,0.8308390378952026,0.3768518567085266,-0.08117308467626572,0.38977017998695374,0.40413543581962585,-0.08303847908973694,0.5646611452102661,0.36680757999420166,-0.10159711539745331,0.6790683269500732,0.36721327900886536,-0.10327431559562683,0.7677441239356995,0.37951016426086426,-0.10315566509962082,C
0.23886652290821075,0.6881964206695557,1.0542512427491602e-06,0.41082262992858887,0.657831609249115,0.04430486634373665,0.5395944714546204,0.6068864464759827,0.049754898995161057,0.6560603380203247,0.5890830159187317,0.0316394679248333,0.7632894515991211,0.5865591168403625,0.013128012418746948,0.40480008721351624,0.40885913372039795,0.10360938310623169,0.5708839893341064,0.3874400854110718,0.0727972686290741,0.7028402090072632,0.38678446412086487,0.030445879325270653,0.7996264696121216,0.39409613609313965,0.0005248882807791233,0.37808406352996826,0.38847407698631287,0.04841390624642372,0.5863662362098694,0.36416321992874146,0.02021062560379505,0.7264903783798218,0.36890292167663574,-0.013683855533599854,0.8324499726295471,0.38235393166542053,-0.038051001727581024,0.3720000386238098,0.3878312408924103,-0.014059087261557579,0.584431529045105,0.3584243357181549,-0.04080573096871376,0.7217174768447876,0.3627050817012787,-0.05871840566396713,0.8208644390106201,0.376800000667572,-0.06951556354761124,0.3864157199859619,0.4061220586299896,-0.07741966098546982,0.5553020238876343,0.3654159605503082,-0.09565349668264389,0.6640663743019104,0.36230191588401794,-0.09724585711956024,0.7505131363868713,0.3720775842666626,-0.09688852727413177,C
0.21297621726989746,0.6869760751724243,1.1096587968495442e-06,0.406302273273468,0.6596347093582153,0.05715329945087433,0.5372902154922485,0.6035387516021729,0.07153832912445068,0.6559762954711914,0.5849356055259705,0.05743388086557388,0.769071638584137,0.5802205801010132,0.04242905229330063,0.40401601791381836,0.4091002643108368,0.13802440464496613,0.567603588104248,0.3894924223423004,0.11825130134820938,0.698326826095581,0.3900127410888672,0.07857663184404373,0.7987140417098999,0.39569610357284546,0.048302069306373596,0.38157129287719727,0.38921910524368286,0.07545127719640732,0.5851826071739197,0.36719632148742676,0.05705182999372482,0.7256544828414917,0.371998131275177,0.021394429728388786,0.8358801603317261,0.3858311176300049,-0.006358257029205561,0.3775861859321594,0.39060842990875244,0.005260702222585678,0.5875228643417358,0.3656047582626343,-0.012312204577028751,0.7281507253646851,0.371499240398407,-0.032408516854047775,0.8323385715484619,0.3846313953399658,-0.04764978960156441,0.39336255192756653,0.409643292427063,-0.06569161266088486,0.5640003085136414,0.3718371093273163,-0.07767265290021896,0.6784036159515381,0.36941999197006226,-0.07889794558286667,0.7720462083816528,0.3773287236690521,-0.08040030300617218,C
0.25123780965805054,0.6713038682937622,1.511625782768533e-06,0.41022446751594543,0.6529533863067627,0.01084950566291809,0.537239134311676,0.6074284315109253,-0.00020252903050277382,0.6586225628852844,0.5926531553268433,-0.026602283120155334,0.7629900574684143,0.5824811458587646,-0.05154421180486679,0.3910760283470154,0.40258073806762695,0.053936172276735306,0.5712913274765015,0.3880835473537445,0.014833582565188408,0.707155704498291,0.3930596113204956,-0.03195522353053093,0.8071045875549316,0.40489867329597473,-0.06411927193403244,0.3666824400424957,0.3819305896759033,0.01655576378107071,0.5794417858123779,0.3641028106212616,-0.017328090965747833,0.7207451462745667,0.3713315427303314,-0.051188837736845016,0.8321614265441895,0.38372379541397095,-0.07535260915756226,0.36764997243881226,0.38427871465682983,-0.02782108634710312,0.5778293609619141,0.35771334171295166,-0.058865662664175034,0.7161951065063477,0.3628387153148651,-0.0725657269358635,0.8195306658744812,0.37433457374572754,-0.07955308258533478,0.38975057005882263,0.4060542583465576,-0.07532936334609985,0.5597236156463623,0.3636215925216675,-0.09784006327390671,0.6724448204040527,0.3628482520580292,-0.09612642973661423,0.7621510028839111,0.37432247400283813,-0.09142539650201797,C
0.25123780965805054,0.6713038682937622,1.511625782768533e-06,0.41022446751594543,0.6529533863067627,0.01084950566291809,0.537239134311676,0.6074284315109253,-0.00020252903050277382,0.6586225628852844,0.5926531553268433,-0.026602283120155334,0.7629900574684143,0.5824811458587646,-0.05154421180486679,0.3910760283470154,0.40258073806762695,0.053936172276735306,0.5712913274765015,0.3880835473537445,0.014833582565188408,0.707155704498291,0.3930596113204956,-0.03195522353053093,0.8071045875549316,0.40489867329597473,-0.06411927193403244,0.3666824400424957,0.3819305896759033,0.01655576378107071,0.5794417858123779,0.3641028106212616,-0.017328090965747833,0.7207451462745667,0.3713315427303314,-0.051188837736845016,0.8321614265441895,0.38372379541397095,-0.07535260915756226,0.36764997243881226,0.38427871465682983,-0.02782108634710312,0.5778293609619141,0.35771334171295166,-0.058865662664175034,0.7161951065063477,0.3628387153148651,-0.0725657269358635,0.8195306658744812,0.37433457374572754,-0.07955308258533478,0.38975057005882263,0.4060542583465576,-0.07532936334609985,0.5597236156463623,0.3636215925216675,-0.09784006327390671,0.6724448204040527,0.3628482520580292,-0.09612642973661423,0.7621510028839111,0.37432247400283813,-0.09142539650201797,C
0.22714106738567352,0.6811769008636475,1.1611820127654937e-06,0.418152391910553,0.6544108986854553,0.05971042439341545,0.5440007448196411,0.6016849279403687,0.07487538456916809,0.6592028141021729,0.5851192474365234,0.06287088990211487,0.7647391557693481,0.5840243101119995,0.05023883283138275,0.3985847532749176,0.40240585803985596,0.12582062184810638,0.5757696628570557,0.3837169408798218,0.10567102581262589,0.70881187915802,0.38619184494018555,0.06992807239294052,0.8089576959609985,0.3946338891983032,0.043381787836551666,0.3727908432483673,0.3802306652069092,0.06531449407339096,0.5869431495666504,0.36048945784568787,0.044549454003572464,0.7280049324035645,0.36868101358413696,0.012616819702088833,0.8360073566436768,0.38639000058174133,-0.010831991210579872,0.3702434003353119,0.3816583752632141,-0.0011265352368354797,0.5889370441436768,0.3568671643733978,-0.020713917911052704,0.7296788096427917,0.3654730021953583,-0.03884999081492424,0.8318857550621033,0.3817499279975891,-0.05116943642497063,0.39072859287261963,0.40244975686073303,-0.06713415682315826,0.5710242986679077,0.366763710975647,-0.0798392966389656,0.6860119104385376,0.36700189113616943,-0.0805438831448555,0.7782354354858398,0.37756308913230896,-0.08052109181880951,C
0.27582159638404846,0.6385878324508667,1.2369866908557015e-06,0.4206021726131439,0.62510085105896,0.013023091480135918,0.5426334738731384,0.5722410082817078,0.01319389883428812,0.6548978090286255,0.5506181716918945,-0.0019302756991237402,0.7590665817260742,0.5429080128669739,-0.015200542286038399,0.42950326204299927,0.39983999729156494,0.08350317180156708,0.5724573135375977,0.36439430713653564,0.052971720695495605,0.692957878112793,0.3591005206108093,0.013161671347916126,0.7800013422966003,0.35986819863319397,-0.013099207542836666,0.4055146276950836,0.3775582015514374,0.04869229346513748,0.5758382081985474,0.33920782804489136,0.0245099738240242,0.7037414908409119,0.33646467328071594,-0.006202050019055605,0.8049662709236145,0.34112539887428284,-0.027799995616078377,0.3942066431045532,0.36970922350883484,0.004297246690839529,0.5680164694786072,0.3266878128051758,-0.02206537127494812,0.6940438747406006,0.32428044080734253,-0.03624503314495087,0.7883955240249634,0.3287256062030792,-0.04325590282678604,0.3961193263530731,0.3769589960575104,-0.042966242879629135,0.5432642698287964,0.3271263539791107,-0.06166533753275871,0.6414978504180908,0.3213130235671997,-0.059979312121868134,0.717174768447876,0.3266347050666809,-0.056300319731235504,C
0.23502683639526367,0.6708329319953918,1.2329834362390102e-06,0.4149889647960663,0.6482203006744385,0.060846686363220215,0.5388380885124207,0.6001373529434204,0.07258427143096924,0.6561247110366821,0.5845010280609131,0.056931883096694946,0.7640764713287354,0.5796868801116943,0.03864821791648865,0.40037673711776733,0.39554235339164734,0.1249384954571724,0.5539811849594116,0.3773012161254883,0.10819564014673233,0.6832273006439209,0.37419071793556213,0.07041407376527786,0.7829961776733398,0.37522104382514954,0.039836492389440536,0.37931883335113525,0.3739461898803711,0.06032182276248932,0.5886833071708679,0.35988980531692505,0.045546624809503555,0.7321149110794067,0.3677758276462555,0.011792253702878952,0.838762640953064,0.3827153146266937,-0.01633279025554657,0.3770221173763275,0.3770226240158081,-0.009444090537726879,0.5861273407936096,0.35517701506614685,-0.023836856707930565,0.7268972992897034,0.36180630326271057,-0.03896063566207886,0.8299294710159302,0.3744511604309082,-0.05277147516608238,0.3956652879714966,0.40240979194641113,-0.0789232924580574,0.5600864887237549,0.36258983612060547,-0.0897606760263443,0.6712279319763184,0.3604917824268341,-0.086468905210495,0.7594712972640991,0.3698452413082123,-0.08543601632118225,C
0.23229500651359558,0.6741911172866821,1.3448142226479831e-06,0.4072604477405548,0.6500728130340576,0.03116774559020996,0.5369256734848022,0.6023281216621399,0.03137489780783653,0.6538267135620117,0.5866587162017822,0.010041605681180954,0.7592604160308838,0.5747095942497253,-0.010854185558855534,0.39466017484664917,0.41004955768585205,0.09159772843122482,0.5674216151237488,0.39260196685791016,0.05658440664410591,0.7045323848724365,0.39545750617980957,0.01054952573031187,0.8050651550292969,0.4041175842285156,-0.02043435536324978,0.37239786982536316,0.389175683259964,0.04253994673490524,0.580889105796814,0.3659586012363434,0.012036574073135853,0.724185585975647,0.36807018518447876,-0.024468882009387016,0.8338426351547241,0.37807080149650574,-0.05018855258822441,0.37099772691726685,0.38823655247688293,-0.01434418372809887,0.5829170942306519,0.35645779967308044,-0.04242881014943123,0.7224640250205994,0.3579736351966858,-0.060927487909793854,0.8244630098342896,0.3668747842311859,-0.07161417603492737,0.38786277174949646,0.4046976566314697,-0.07312024384737015,0.5608852505683899,0.36096593737602234,-0.09134608507156372,0.6729707717895508,0.35721760988235474,-0.09051123261451721,0.7599375247955322,0.3657761216163635,-0.08779486268758774,C
0.24445103108882904,0.6714189052581787,1.2984469321963843e-06,0.4129564166069031,0.6469209790229797,0.03474641963839531,0.5384939312934875,0.5982285141944885,0.036380160599946976,0.6560541391372681,0.5822381973266602,0.015968315303325653,0.7614177465438843,0.5736120343208313,-0.004674033261835575,0.3987938165664673,0.4068872630596161,0.09595127403736115,0.5654487013816833,0.3859606087207794,0.06533925235271454,0.6973083019256592,0.38685402274131775,0.021936818957328796,0.7957596182823181,0.39322108030319214,-0.008527102880179882,0.3743816018104553,0.38668888807296753,0.045918602496385574,0.5778728723526001,0.36241278052330017,0.01983634941279888,0.7173823118209839,0.36588042974472046,-0.014733957126736641,0.824779748916626,0.3762342929840088,-0.04021848365664482,0.37077805399894714,0.3868720829486847,-0.011576512828469276,0.5756753087043762,0.35659632086753845,-0.035554513335227966,0.7124751806259155,0.3584579825401306,-0.053977616131305695,0.8131345510482788,0.36859649419784546,-0.06620146334171295,0.386135995388031,0.40383052825927734,-0.0707632377743721,0.5502521991729736,0.3643219470977783,-0.08703398704528809,0.6580600738525391,0.35993069410324097,-0.08749394863843918,0.74379563331604,0.3667840361595154,-0.08682028204202652,C
0.22740206122398376,0.6754800081253052,1.25862902677909e-06,0.40672439336776733,0.6511896848678589,0.027061419561505318,0.5382840633392334,0.6007185578346252,0.024830730631947517,0.6534596681594849,0.5808446407318115,0.0013809880474582314,0.7635010480880737,0.570371687412262,-0.021781867370009422,0.4089299142360687,0.4069238603115082,0.09064207226037979,0.5753953456878662,0.3873254954814911,0.05454155430197716,0.7105555534362793,0.38918426632881165,0.006494048982858658,0.8115063309669495,0.3971710205078125,-0.027362028136849403,0.3837459683418274,0.38515329360961914,0.04235372319817543,0.584323525428772,0.3619275987148285,0.012687618844211102,0.7255751490592957,0.36351341009140015,-0.024022333323955536,0.8363436460494995,0.37207329273223877,-0.05107441917061806,0.37640538811683655,0.38383448123931885,-0.014636190608143806,0.5804293155670166,0.35471591353416443,-0.04518682882189751,0.7186007499694824,0.3569831848144531,-0.06418879330158234,0.822843074798584,0.36821311712265015,-0.07519977539777756,0.38790711760520935,0.4025115966796875,-0.07405303418636322,0.5573247671127319,0.3625431954860687,-0.09823110699653625,0.669378399848938,0.35966214537620544,-0.10094264149665833,0.7601579427719116,0.36925795674324036,-0.1000000461935997,C
0.22606822848320007,0.6766113638877869,1.076693479262758e-06,0.40485048294067383,0.6525192856788635,0.043749645352363586,0.535057008266449,0.5970450639724731,0.049384333193302155,0.6530340909957886,0.578161358833313,0.031081730499863625,0.7602225542068481,0.5776267051696777,0.012710644863545895,0.3985553979873657,0.3998286724090576,0.1014789566397667,0.5688832998275757,0.37238311767578125,0.07319767773151398,0.6980047225952148,0.37295806407928467,0.034019265323877335,0.7944867610931396,0.38265639543533325,0.006045820191502571,0.3717116713523865,0.3823223114013672,0.04585876315832138,0.5782487392425537,0.3530237078666687,0.018266798928380013,0.7160653471946716,0.35863953828811646,-0.014714526943862438,0.8219257593154907,0.3752402365207672,-0.03775819018483162,0.3696994185447693,0.38545238971710205,-0.016270363703370094,0.5780773162841797,0.35082194209098816,-0.0396273210644722,0.7147538661956787,0.35668402910232544,-0.054021526128053665,0.8140530586242676,0.3715544641017914,-0.06280209869146347,0.39048901200294495,0.40719032287597656,-0.079701729118824,0.556114912033081,0.36161306500434875,-0.09390383958816528,0.6649677753448486,0.35665571689605713,-0.09178663790225983,0.750813364982605,0.36407071352005005,-0.08909327536821365,C
0.21843579411506653,0.680823028087616,9.988855254050577e-07,0.40839916467666626,0.6487137079238892,0.057518742978572845,0.536676824092865,0.597530722618103,0.06897734105587006,0.6527466177940369,0.5850692987442017,0.0533507876098156,0.7602794170379639,0.5859625935554504,0.03755262494087219,0.3880041241645813,0.3947172462940216,0.12642836570739746,0.560517430305481,0.380932480096817,0.1037636399269104,0.6936571598052979,0.38336387276649475,0.0636715516448021,0.793784499168396,0.39548665285110474,0.03371987119317055,0.3615403473377228,0.3771478533744812,0.06500132381916046,0.5726056694984436,0.3546931743621826,0.04274498298764229,0.7118686437606812,0.35980817675590515,0.00861208327114582,0.8203322887420654,0.3751373291015625,-0.01636064052581787,0.3614373207092285,0.3807699680328369,-0.002816893858835101,0.5738681554794312,0.3511240482330322,-0.0229900311678648,0.7126054167747498,0.35734695196151733,-0.04123537242412567,0.8148866295814514,0.3736303150653839,-0.05330326408147812,0.3878280520439148,0.40475499629974365,-0.07107274234294891,0.5595661997795105,0.36643844842910767,-0.0854584127664566,0.6700818538665771,0.3664761185646057,-0.08663579821586609,0.7598299980163574,0.3800894021987915,-0.08631435036659241,C
0.23086312413215637,0.6795276999473572,1.191955107060494e-06,0.41324150562286377,0.6551695466041565,0.04148491472005844,0.5417225360870361,0.5994526743888855,0.050848253071308136,0.6586209535598755,0.5809563398361206,0.036912500858306885,0.7663252353668213,0.579673707485199,0.0236042570322752,0.4042997658252716,0.4048647880554199,0.10900648683309555,0.5739380121231079,0.38881316781044006,0.0782700628042221,0.7055093050003052,0.39267706871032715,0.0357830636203289,0.8021994829177856,0.40145111083984375,0.006631065160036087,0.37813514471054077,0.3840303421020508,0.05646977573633194,0.5815068483352661,0.362190306186676,0.027327878400683403,0.7229763269424438,0.3678896725177765,-0.007652775384485722,0.8337866067886353,0.38274216651916504,-0.03133708983659744,0.37214142084121704,0.38410234451293945,-0.004053486976772547,0.5808545351028442,0.3566526770591736,-0.03234893083572388,0.7228549122810364,0.3633768856525421,-0.052996404469013214,0.8286190032958984,0.37872886657714844,-0.06420163065195084,0.38639795780181885,0.40214845538139343,-0.06560828536748886,0.5621894598007202,0.3650651276111603,-0.08557650446891785,0.6767873764038086,0.36424848437309265,-0.08940187096595764,0.7691434621810913,0.3743281960487366,-0.08968573063611984,C
0.24246472120285034,0.6781200170516968,1.2173628647360601e-06,0.4113873839378357,0.6536215543746948,0.029138240963220596,0.5434002876281738,0.6029312610626221,0.028854193165898323,0.6584553122520447,0.5857753157615662,0.008316490799188614,0.7660490870475769,0.58394455909729,-0.011347837746143341,0.40899085998535156,0.4063259959220886,0.08727733045816422,0.5734566450119019,0.3843762278556824,0.05303476005792618,0.7032755613327026,0.3859509527683258,0.008947376161813736,0.7997192144393921,0.39512336254119873,-0.02131596766412258,0.381432443857193,0.384628027677536,0.04058763384819031,0.5837460160255432,0.36368608474731445,0.012235736474394798,0.7188475131988525,0.3673561215400696,-0.021784871816635132,0.8236714601516724,0.3789035379886627,-0.04641129821538925,0.37407925724983215,0.3821672201156616,-0.013853395357728004,0.5817244648933411,0.3595045506954193,-0.03974880650639534,0.7146440744400024,0.36296144127845764,-0.05696738511323929,0.8129072189331055,0.37517088651657104,-0.06745157390832901,0.3853353261947632,0.39779266715049744,-0.07047048211097717,0.555901050567627,0.3670417070388794,-0.08777715265750885,0.6637328863143921,0.3643586039543152,-0.08843749016523361,0.7500600814819336,0.3710308074951172,-0.08696328848600388,C
0.23787324130535126,0.6846596002578735,1.226165181833494e-06,0.4065851867198944,0.6601065993309021,0.03506406396627426,0.5353738069534302,0.6063004732131958,0.03890864551067352,0.6538388729095459,0.5881834626197815,0.020820289850234985,0.7621285915374756,0.580601692199707,0.002225209027528763,0.40825632214546204,0.41605424880981445,0.0988013818860054,0.5664429068565369,0.3928096294403076,0.06508997827768326,0.6948400735855103,0.3923153579235077,0.0194625835865736,0.7930943965911865,0.39786431193351746,-0.01196304801851511,0.38457489013671875,0.3951012194156647,0.047957032918930054,0.5796537399291992,0.37115639448165894,0.019674325361847878,0.7161330580711365,0.3738071024417877,-0.017157409340143204,0.8252499103546143,0.3858732283115387,-0.043064963072538376,0.3779355585575104,0.3948608338832855,-0.010843898169696331,0.5752919316291809,0.3660244345664978,-0.03686485439538956,0.709368109703064,0.36656251549720764,-0.054542187601327896,0.8123073577880859,0.37491145730018616,-0.06522785872220993,0.38632288575172424,0.4138377606868744,-0.0714411661028862,0.5436145067214966,0.3720701038837433,-0.08965258300304413,0.6492953896522522,0.3638985753059387,-0.08981970697641373,0.7361754179000854,0.36708182096481323,-0.08807330578565598,C
0.22616258263587952,0.6830024123191833,1.0921594366664067e-06,0.4137953221797943,0.6621805429458618,0.042941585183143616,0.5442823171615601,0.6065311431884766,0.04948542267084122,0.6553506851196289,0.5879726409912109,0.03095950558781624,0.7633657455444336,0.5885013341903687,0.011932688765227795,0.41576915979385376,0.4137045443058014,0.11407757550477982,0.5696097612380981,0.389826238155365,0.08860018849372864,0.6965256929397583,0.384882390499115,0.04841092973947525,0.7901688814163208,0.3885786831378937,0.01950881816446781,0.3854983150959015,0.392907977104187,0.06002773344516754,0.578971803188324,0.36931195855140686,0.0383438803255558,0.711883544921875,0.36959803104400635,0.006234905682504177,0.8155788779258728,0.3755395710468292,-0.01742786541581154,0.3766394555568695,0.3915877938270569,-0.0018908331403508782,0.5766805410385132,0.3633733093738556,-0.02420593611896038,0.7106750011444092,0.36477088928222656,-0.039270639419555664,0.8111279010772705,0.37222346663475037,-0.04867386817932129,0.3894035816192627,0.40949052572250366,-0.0652805045247078,0.5576546788215637,0.3728727102279663,-0.0796128362417221,0.6678539514541626,0.3687066435813904,-0.07723978161811829,0.7572753429412842,0.3737930953502655,-0.07438422739505768,C
0.21903665363788605,0.6838621497154236,1.1109576689705136e-06,0.4063723087310791,0.6578885316848755,0.03852120041847229,0.5372568368911743,0.6053919196128845,0.037506163120269775,0.6498521566390991,0.5865888595581055,0.013544468209147453,0.7582646608352661,0.583799421787262,-0.010532962158322334,0.39852428436279297,0.40273064374923706,0.09072206169366837,0.571613073348999,0.39081230759620667,0.05985831096768379,0.7021012306213379,0.3943463861942291,0.01682281494140625,0.8001053929328918,0.40414100885391235,-0.015053331851959229,0.3727976679801941,0.3836703896522522,0.03640944883227348,0.5848350524902344,0.3696622848510742,0.010950763709843159,0.722447395324707,0.3734927177429199,-0.02083284594118595,0.8297092914581299,0.3816123604774475,-0.04613148793578148,0.368876576423645,0.38726434111595154,-0.024788573384284973,0.5851395130157471,0.3658095598220825,-0.05048571527004242,0.7209944128990173,0.3711448907852173,-0.06583887338638306,0.8205692768096924,0.3828737735748291,-0.07657276839017868,0.3864913880825043,0.4113921821117401,-0.08740774542093277,0.5612016916275024,0.37676364183425903,-0.10670880973339081,0.673968493938446,0.37574538588523865,-0.10667701810598373,0.7646423578262329,0.3838132917881012,-0.10547547042369843,C
0.21715594828128815,0.6864571571350098,1.1064801128668478e-06,0.3988625109195709,0.6584248542785645,0.04455610737204552,0.5304872989654541,0.6033807992935181,0.052174512296915054,0.6514247059822083,0.583791971206665,0.035607390105724335,0.7578165531158447,0.5852913856506348,0.019751930609345436,0.40057212114334106,0.4117405116558075,0.10762208700180054,0.5724261999130249,0.38823986053466797,0.07950718700885773,0.7018297910690308,0.3921128511428833,0.03999197483062744,0.799580454826355,0.40444087982177734,0.012189527973532677,0.37119054794311523,0.38990575075149536,0.05368180200457573,0.5824166536331177,0.36140134930610657,0.0257585272192955,0.7221856117248535,0.36946436762809753,-0.007302515208721161,0.8309040069580078,0.3884361684322357,-0.02979172021150589,0.3634529709815979,0.38978904485702515,-0.007441328838467598,0.5789960622787476,0.3590100109577179,-0.03269120678305626,0.7187174558639526,0.3678668439388275,-0.0523332878947258,0.8210575580596924,0.38743454217910767,-0.0639667883515358,0.37919241189956665,0.40788447856903076,-0.06953053176403046,0.5563030242919922,0.3727213442325592,-0.08577512204647064,0.6692934036254883,0.3742561936378479,-0.08855458348989487,0.7596808075904846,0.38780537247657776,-0.08897649496793747,C
0.23458687961101532,0.6681978106498718,1.4267801589085138e-06,0.4043053984642029,0.6510505676269531,0.01564713567495346,0.5335139036178589,0.605125367641449,0.004631106276065111,0.6524825692176819,0.5894693732261658,-0.024872351437807083,0.7594572305679321,0.5822581052780151,-0.05451110377907753,0.4014219045639038,0.41078850626945496,0.06379614770412445,0.564856767654419,0.38697350025177,0.02644261345267296,0.696442723274231,0.3874955475330353,-0.019345032051205635,0.7964752912521362,0.3949975073337555,-0.05172394588589668,0.3779360055923462,0.38993799686431885,0.021008776500821114,0.5827268362045288,0.36873799562454224,-0.009290418587625027,0.7216137647628784,0.37211889028549194,-0.04275958240032196,0.8302527070045471,0.37808752059936523,-0.06825098395347595,0.37237125635147095,0.3881700336933136,-0.029765162616968155,0.580147385597229,0.36303362250328064,-0.059602536261081696,0.717315673828125,0.36514750123023987,-0.0763971358537674,0.8182908892631531,0.3731791377067566,-0.08709302544593811,0.38306039571762085,0.4038988947868347,-0.08360562473535538,0.550800085067749,0.36392083764076233,-0.10742078721523285,0.6658004522323608,0.36053988337516785,-0.10924839228391647,0.7574965953826904,0.36900046467781067,-0.1082114577293396,C
0.2313351035118103,0.6768575310707092,1.1213163588763564e-06,0.40752315521240234,0.6570045351982117,0.04886120185256004,0.536406397819519,0.6006907224655151,0.06328069418668747,0.6510241031646729,0.5801096558570862,0.05229409039020538,0.7582650780677795,0.5797356367111206,0.04086493328213692,0.4078810214996338,0.40956711769104004,0.13075989484786987,0.5621392726898193,0.3865691125392914,0.11042916774749756,0.6902282238006592,0.3860763907432556,0.07111625373363495,0.7867622971534729,0.39265504479408264,0.041897911578416824,0.386441171169281,0.3884536623954773,0.07545863837003708,0.578377366065979,0.3653762936592102,0.06001004949212074,0.7143312692642212,0.36674848198890686,0.027311313897371292,0.8229998350143433,0.3770529329776764,0.001756281591951847,0.3824275732040405,0.3868236839771271,0.012158875353634357,0.5774936079978943,0.35835739970207214,-0.0025813477113842964,0.7132795453071594,0.3597549796104431,-0.01787443459033966,0.8166570067405701,0.3704773187637329,-0.029599932953715324,0.39675918221473694,0.40360623598098755,-0.052633997052907944,0.5573469996452332,0.3656678795814514,-0.061354901641607285,0.6645942330360413,0.3625693917274475,-0.05847257375717163,0.750439465045929,0.3707132935523987,-0.05688632279634476,C
0.23379872739315033,0.6738066077232361,1.2600495438164216e-06,0.4131852388381958,0.6446645259857178,0.032227713614702225,0.5395559668540955,0.5963199138641357,0.029120031744241714,0.6538885831832886,0.5820572376251221,0.004225132521241903,0.7629949450492859,0.5771914720535278,-0.020566381514072418,0.396442711353302,0.3996339440345764,0.08588092774152756,0.5682263970375061,0.3862951695919037,0.04861019551753998,0.7013190984725952,0.3867008090019226,0.0013932680012658238,0.8023650646209717,0.39351144433021545,-0.03199521079659462,0.369171142578125,0.37791040539741516,0.03449374809861183,0.5806673765182495,0.36347806453704834,0.001816465868614614,0.7204391956329346,0.3664321303367615,-0.03431273251771927,0.8303983211517334,0.3767414391040802,-0.06067238375544548,0.3637341558933258,0.37811362743377686,-0.02437007427215576,0.5789737701416016,0.35679635405540466,-0.05435958877205849,0.7130981683731079,0.363494873046875,-0.07097088545560837,0.8128825426101685,0.3773486614227295,-0.08055536448955536,0.38019803166389465,0.3997911214828491,-0.08526455610990524,0.5551340579986572,0.3638923466205597,-0.10526757687330246,0.6642165184020996,0.3633427321910858,-0.10490510612726212,0.7507774233818054,0.3739674389362335,-0.10246534645557404,C
0.21865087747573853,0.6811122298240662,1.1779975466197357e-06,0.40330421924591064,0.6548758745193481,0.038580480962991714,0.5365066528320312,0.5985310673713684,0.045306246727705,0.6496032476425171,0.5795560479164124,0.029186012223362923,0.7574153542518616,0.5813980102539062,0.015050319954752922,0.3928566575050354,0.4030872583389282,0.11140292882919312,0.5643323659896851,0.3849107623100281,0.08420626819133759,0.6936455965042114,0.38482266664505005,0.043170228600502014,0.7902367115020752,0.39254868030548096,0.014077442698180676,0.36622631549835205,0.38352930545806885,0.060922928154468536,0.5707378387451172,0.3627511262893677,0.03658337518572807,0.7069955468177795,0.36586639285087585,0.0037449391093105078,0.8159513473510742,0.37934428453445435,-0.01917656883597374,0.36414390802383423,0.38551485538482666,0.0024290590081363916,0.5727764368057251,0.3570926785469055,-0.01965472847223282,0.7079997062683105,0.3605401813983917,-0.03553374484181404,0.8106541633605957,0.37493401765823364,-0.04440633952617645,0.3865213096141815,0.4066207706928253,-0.05807562544941902,0.5634170770645142,0.3737695515155792,-0.07003069669008255,0.6734243631362915,0.3703256845474243,-0.06847448647022247,0.7617690563201904,0.3776894211769104,-0.06571925431489944,C
0.20945797860622406,0.6852536201477051,9.842935924098128e-07,0.4004385471343994,0.6559957265853882,0.05637916922569275,0.5331205725669861,0.6014013290405273,0.06845203787088394,0.6529194116592407,0.583364725112915,0.05340765789151192,0.7589331269264221,0.5845296382904053,0.038031790405511856,0.3920955955982208,0.39844492077827454,0.1219150573015213,0.566959023475647,0.3812759518623352,0.09726440161466599,0.6988105773925781,0.38639718294143677,0.05743104964494705,0.7964951992034912,0.4012333154678345,0.028019966557621956,0.3651258647441864,0.37895524501800537,0.06037072837352753,0.580765426158905,0.3567427694797516,0.034844499081373215,0.7198376655578613,0.36611121892929077,0.0005918717943131924,0.8251397609710693,0.3848457336425781,-0.02389524318277836,0.36284977197647095,0.3816186487674713,-0.007605225313454866,0.5826871395111084,0.35267460346221924,-0.03194401040673256,0.7238014936447144,0.3620150685310364,-0.05135601386427879,0.8250473141670227,0.38026732206344604,-0.06381404399871826,0.3852691352367401,0.40399840474128723,-0.07577554881572723,0.5632327795028687,0.36780014634132385,-0.09368670731782913,0.676159679889679,0.3671914339065552,-0.09657619893550873,0.7664014101028442,0.378728449344635,-0.09740090370178223,C
0.21561488509178162,0.6770246624946594,1.084292648556584e-06,0.3909415602684021,0.6534538865089417,0.026241423562169075,0.5328762531280518,0.6001895666122437,0.022542273625731468,0.6532096266746521,0.5816741585731506,-0.0011986644240096211,0.7635921239852905,0.5795317888259888,-0.024164250120520592,0.4110696613788605,0.40872031450271606,0.07441917806863785,0.5800312757492065,0.3957744240760803,0.035110823810100555,0.7106976509094238,0.3962040841579437,-0.011645748279988766,0.8096277117729187,0.4051147699356079,-0.04438219964504242,0.377670556306839,0.3860202729701996,0.02641133964061737,0.5879000425338745,0.3700440526008606,-0.010313048958778381,0.7221971154212952,0.3742403984069824,-0.045080188661813736,0.829251766204834,0.38214051723480225,-0.06921879947185516,0.36650925874710083,0.3846985101699829,-0.029118794947862625,0.5833609700202942,0.3618848919868469,-0.0651307925581932,0.717127799987793,0.36644604802131653,-0.08253391087055206,0.8190513849258423,0.3774743378162384,-0.09117138385772705,0.37827083468437195,0.40381133556365967,-0.0868559181690216,0.5609667897224426,0.3702104389667511,-0.11275184154510498,0.6749236583709717,0.36928004026412964,-0.11498193442821503,0.7680963277816772,0.37896209955215454,-0.11327078938484192,C
0.22082330286502838,0.6850115060806274,1.1713239018718014e-06,0.41664034128189087,0.6576665639877319,0.058307062834501266,0.5407595634460449,0.6031471490859985,0.0721992552280426,0.6548769474029541,0.5870563983917236,0.05834630876779556,0.7610748410224915,0.5853203535079956,0.04336502030491829,0.38780760765075684,0.39767351746559143,0.12882696092128754,0.5606749057769775,0.3798138499259949,0.10583645105361938,0.6955194473266602,0.38313573598861694,0.06568896025419235,0.7959839701652527,0.3934576213359833,0.03617357835173607,0.3636235296726227,0.3793489336967468,0.06708981096744537,0.5734843611717224,0.36141589283943176,0.046629440039396286,0.7159551382064819,0.36778706312179565,0.011888793669641018,0.8267112374305725,0.3827912211418152,-0.014249885454773903,0.36278849840164185,0.3844744861125946,-0.001167649170383811,0.5745939612388611,0.35949909687042236,-0.019747719168663025,0.7174996137619019,0.3655557930469513,-0.03741774335503578,0.823259711265564,0.3783930540084839,-0.04997655749320984,0.38445577025413513,0.40918174386024475,-0.06969935446977615,0.557600736618042,0.37047278881073,-0.08201189339160919,0.6718087196350098,0.36686915159225464,-0.08130703121423721,0.7641479969024658,0.37375643849372864,-0.08046574890613556,C
0.2097064107656479,0.6914014220237732,9.069368616110296e-07,0.3983507454395294,0.6615615487098694,0.051522716879844666,0.5338553786277771,0.6073334217071533,0.062173839658498764,0.6521379351615906,0.5902574062347412,0.04571304842829704,0.7578321695327759,0.5898697972297668,0.028396304696798325,0.41059479117393494,0.4131436049938202,0.12232185155153275,0.570010244846344,0.3878386616706848,0.09749402105808258,0.6982532739639282,0.39167147874832153,0.05658183619379997,0.794202446937561,0.4054403007030487,0.02652219496667385,0.382582426071167,0.3940209150314331,0.06286751478910446,0.5812948942184448,0.36540061235427856,0.037613507360219955,0.7177815437316895,0.3735634684562683,0.0009361528209410608,0.8223204016685486,0.39210498332977295,-0.025183670222759247,0.3739604353904724,0.3952121436595917,-0.003619781695306301,0.5780134797096252,0.3591102957725525,-0.027374276891350746,0.7153018712997437,0.3682470917701721,-0.04778685048222542,0.8161251544952393,0.38795948028564453,-0.060850005596876144,0.3855566382408142,0.41537341475486755,-0.07093048095703125,0.5520079731941223,0.37344181537628174,-0.08713404089212418,0.662909984588623,0.37525224685668945,-0.08819248527288437,0.7519530057907104,0.3915526568889618,-0.08775658160448074,C
0.236818328499794,0.6839931011199951,1.1682478771035676e-06,0.4076293408870697,0.6616576313972473,0.035636741667985916,0.5383443236351013,0.608363151550293,0.041391775012016296,0.6549822092056274,0.5904589891433716,0.025990918278694153,0.7638447284698486,0.5919618606567383,0.011327044107019901,0.410758912563324,0.4217321276664734,0.10387029498815536,0.57548987865448,0.3970103859901428,0.07676688581705093,0.7000856399536133,0.3942253887653351,0.037827808409929276,0.7932124137878418,0.39700329303741455,0.009903707541525364,0.38285326957702637,0.39890480041503906,0.054448969662189484,0.5860060453414917,0.37144920229911804,0.03070904314517975,0.7201417684555054,0.3717288672924042,-0.0016354095423594117,0.8271147012710571,0.3815488815307617,-0.0250357985496521,0.3732922077178955,0.3959527611732483,-0.003142664674669504,0.5786848068237305,0.3649316132068634,-0.0262770913541317,0.7128512859344482,0.3664786219596863,-0.04301358014345169,0.8149876594543457,0.37756404280662537,-0.05329228565096855,0.38443759083747864,0.4113169312477112,-0.06238920986652374,0.5537456274032593,0.3736182749271393,-0.07706644386053085,0.6631835699081421,0.3694286346435547,-0.07748067378997803,0.7524453401565552,0.3760620057582855,-0.07675891369581223,C
0.24621766805648804,0.6825368404388428,1.2000811011603219e-06,0.4209049940109253,0.6551425457000732,0.041023749858140945,0.5474472045898438,0.6048805117607117,0.044741466641426086,0.66261225938797,0.5906951427459717,0.026188412681221962,0.7664837837219238,0.5903167724609375,0.007150052115321159,0.4007396101951599,0.4068570137023926,0.09356146305799484,0.5742585062980652,0.38991835713386536,0.06316755712032318,0.7055321931838989,0.3941490650177002,0.02129821851849556,0.801196277141571,0.40361177921295166,-0.008344653062522411,0.375158429145813,0.3866496980190277,0.041060809046030045,0.5843679904937744,0.36911383271217346,0.014446915127336979,0.7240447998046875,0.37600135803222656,-0.019085295498371124,0.8305320143699646,0.3895826041698456,-0.043969206511974335,0.3706073760986328,0.3891999423503876,-0.017591804265975952,0.5821138620376587,0.3648531138896942,-0.04156365618109703,0.7175336480140686,0.37367066740989685,-0.05682539567351341,0.8154916763305664,0.3876887261867523,-0.06668714433908463,0.3864552676677704,0.41101908683776855,-0.07719702273607254,0.5542519092559814,0.3720811605453491,-0.0931018590927124,0.6628298163414001,0.37055426836013794,-0.09120932966470718,0.7497965097427368,0.37850427627563477,-0.08852898329496384,C
0.2488984614610672,0.6791516542434692,1.4406016362045193e-06,0.4160807132720947,0.6540011167526245,0.021748630329966545,0.5434786677360535,0.6055253744125366,0.012114468030631542,0.6637716293334961,0.5912871956825256,-0.017712818458676338,0.7724955081939697,0.581402063369751,-0.0478644073009491,0.40550678968429565,0.4014320373535156,0.07538910955190659,0.5744635462760925,0.38456493616104126,0.03953378275036812,0.7118184566497803,0.38758498430252075,-0.007760107517242432,0.8145602941513062,0.39833784103393555,-0.04136507213115692,0.3834097683429718,0.38314148783683777,0.029989320784807205,0.589565098285675,0.36560627818107605,0.0044310730881989,0.7273920178413391,0.37403568625450134,-0.026906363666057587,0.835562527179718,0.3843682110309601,-0.05178340896964073,0.38285452127456665,0.3857785165309906,-0.023244380950927734,0.5868507623672485,0.36030855774879456,-0.04593847692012787,0.7225021123886108,0.3647201657295227,-0.05621633306145668,0.8234361410140991,0.3768407106399536,-0.06403607130050659,0.40064486861228943,0.40857914090156555,-0.07996200770139694,0.5647224187850952,0.3671666085720062,-0.09752270579338074,0.6762549877166748,0.3654784560203552,-0.09302607923746109,0.764069676399231,0.3772725462913513,-0.0880594253540039,C
0.2494790405035019,0.6763182878494263,1.2341510000624112e-06,0.42429807782173157,0.650824785232544,0.026504218578338623,0.5516698360443115,0.602901041507721,0.023802299052476883,0.6610956192016602,0.585425615310669,0.0014182766899466515,0.7683584690093994,0.5808126926422119,-0.020487863570451736,0.4330016076564789,0.41830265522003174,0.0839657410979271,0.5911294221878052,0.39715561270713806,0.049091558903455734,0.7173402309417725,0.39353498816490173,0.005377921275794506,0.8132065534591675,0.39603158831596375,-0.02494131028652191,0.40354621410369873,0.39634037017822266,0.03819887340068817,0.6027563810348511,0.37669530510902405,0.007849268615245819,0.7341741919517517,0.3748219311237335,-0.02584889344871044,0.8399519920349121,0.3765960931777954,-0.04973607882857323,0.39144158363342285,0.3931182324886322,-0.015513422898948193,0.5965306162834167,0.3697805404663086,-0.04590313509106636,0.725699245929718,0.3694334924221039,-0.062261030077934265,0.8246142268180847,0.374644935131073,-0.070863276720047,0.39627891778945923,0.4083366096019745,-0.0712207481265068,0.5688157081604004,0.3762018382549286,-0.0924587994813919,0.6768591403961182,0.37226876616477966,-0.09254033863544464,0.7653950452804565,0.3758518099784851,-0.08968427777290344,C
0.2613365650177002,0.6704321503639221,1.3429073533188784e-06,0.4213431775569916,0.6482112407684326,0.020283915102481842,0.5453818440437317,0.6064171195030212,0.011776583269238472,0.6621233224868774,0.5905395746231079,-0.014751872979104519,0.7725812196731567,0.5831104516983032,-0.04136724770069122,0.42581748962402344,0.4138302505016327,0.07302248477935791,0.5896285772323608,0.39384031295776367,0.03624071553349495,0.7173554301261902,0.39523598551750183,-0.009629311971366405,0.8135964870452881,0.40088748931884766,-0.04219308868050575,0.401187002658844,0.3910806179046631,0.0285936426371336,0.6043062210083008,0.37061798572540283,-0.0027453480288386345,0.7395196557044983,0.3742101788520813,-0.03823991119861603,0.8438796997070312,0.384575217962265,-0.06462866067886353,0.3917638957500458,0.3888770341873169,-0.023887570947408676,0.5996601581573486,0.36301732063293457,-0.05532633885741234,0.7324069738388062,0.36785751581192017,-0.07365056127309799,0.8308361768722534,0.37996578216552734,-0.08492570370435715,0.3971344232559204,0.40651988983154297,-0.07857254147529602,0.5674006938934326,0.3718041479587555,-0.10260099172592163,0.6741135120391846,0.37260833382606506,-0.1049775779247284,0.7578216791152954,0.38218510150909424,-0.1046205386519432,C
0.22857390344142914,0.6827788949012756,1.1537532600414124e-06,0.41093385219573975,0.6590093374252319,0.04982130602002144,0.5481831431388855,0.6037265062332153,0.055936962366104126,0.6658725142478943,0.5867129564285278,0.03782159835100174,0.7739967107772827,0.5906254649162292,0.018862061202526093,0.4107726812362671,0.39477866888046265,0.1045527532696724,0.5808702111244202,0.3819291591644287,0.08073367923498154,0.7115952968597412,0.38459140062332153,0.04180654510855675,0.8108670711517334,0.3958226442337036,0.01215089950710535,0.3793526291847229,0.37475958466529846,0.04639013484120369,0.5905393362045288,0.3627789616584778,0.023927342146635056,0.7304725646972656,0.3708142936229706,-0.008057299070060253,0.8410537838935852,0.38474833965301514,-0.03251827508211136,0.3704582452774048,0.37904030084609985,-0.016997581347823143,0.5847889184951782,0.35855841636657715,-0.0386061817407608,0.7238102555274963,0.36916619539260864,-0.051968757063150406,0.828603208065033,0.3850160539150238,-0.06152002140879631,0.38717687129974365,0.40543586015701294,-0.08091791719198227,0.5665016174316406,0.3708164691925049,-0.09634227305650711,0.6815035939216614,0.37177756428718567,-0.09385791420936584,0.7743897438049316,0.3816808760166168,-0.09109468013048172,C
0.2414848506450653,0.6840627193450928,1.3169166095394758e-06,0.41744446754455566,0.6624612808227539,0.0312764048576355,0.5480731725692749,0.6109111309051514,0.03340137377381325,0.6656038761138916,0.5966036319732666,0.01513732597231865,0.7715345621109009,0.5905718803405762,-0.0028563146479427814,0.4009825587272644,0.40996313095092773,0.08430862426757812,0.5772061944007874,0.39593517780303955,0.04956215247511864,0.7121943831443787,0.401486873626709,0.005361467134207487,0.8114489912986755,0.412339448928833,-0.025203650817275047,0.3791561424732208,0.3883689045906067,0.03633417189121246,0.589758574962616,0.37200286984443665,0.007599354721605778,0.7309669256210327,0.3786861300468445,-0.02496182546019554,0.8413256406784058,0.39025771617889404,-0.048849817365407944,0.37806886434555054,0.38999542593955994,-0.018926698714494705,0.589765191078186,0.366188645362854,-0.04716022312641144,0.7300369739532471,0.371511846780777,-0.06200786307454109,0.8348426818847656,0.3820510506629944,-0.07082276046276093,0.39625030755996704,0.4111807942390442,-0.07598615437746048,0.5675723552703857,0.3698590099811554,-0.09920326620340347,0.6820624470710754,0.3669287860393524,-0.09974919259548187,0.7745732665061951,0.37420454621315,-0.09737341105937958,C
0.2414848506450653,0.6840627193450928,1.3169166095394758e-06,0.41744446754455566,0.6624612808227539,0.0312764048576355,0.5480731725692749,0.6109111309051514,0.03340137377381325,0.6656038761138916,0.5966036319732666,0.01513732597231865,0.7715345621109009,0.5905718803405762,-0.0028563146479427814,0.4009825587272644,0.40996313095092773,0.08430862426757812,0.5772061944007874,0.39593517780303955,0.04956215247511864,0.7121943831443787,0.401486873626709,0.005361467134207487,0.8114489912986755,0.412339448928833,-0.025203650817275047,0.3791561424732208,0.3883689045906067,0.03633417189121246,0.589758574962616,0.37200286984443665,0.007599354721605778,0.7309669256210327,0.3786861300468445,-0.02496182546019554,0.8413256406784058,0.39025771617889404,-0.048849817365407944,0.37806886434555054,0.38999542593955994,-0.018926698714494705,0.589765191078186,0.366188645362854,-0.04716022312641144,0.7300369739532471,0.371511846780777,-0.06200786307454109,0.8348426818847656,0.3820510506629944,-0.07082276046276093,0.39625030755996704,0.4111807942390442,-0.07598615437746048,0.5675723552703857,0.3698590099811554,-0.09920326620340347,0.6820624470710754,0.3669287860393524,-0.09974919259548187,0.7745732665061951,0.37420454621315,-0.09737341105937958,C
0.2502923011779785,0.6836690902709961,1.1604704468481941e-06,0.428966760635376,0.6624168157577515,0.04598014056682587,0.5541186332702637,0.611979067325592,0.05798499658703804,0.6660536527633667,0.5961458683013916,0.0450877882540226,0.7686594724655151,0.591655433177948,0.030710259452462196,0.4248218536376953,0.41851213574409485,0.12194077670574188,0.5782865881919861,0.3896970748901367,0.10174287110567093,0.7083521485328674,0.3886098265647888,0.06379368901252747,0.8045783042907715,0.39481931924819946,0.0364181250333786,0.39951348304748535,0.3984925448894501,0.06936515867710114,0.5887300968170166,0.3736358880996704,0.05388862267136574,0.7226332426071167,0.3770013749599457,0.021779408678412437,0.82607102394104,0.38679689168930054,-0.002762638730928302,0.39508137106895447,0.39914005994796753,0.009321002289652824,0.5859959125518799,0.3695334792137146,-0.006995854899287224,0.7182352542877197,0.3723347783088684,-0.022407371550798416,0.8156185746192932,0.38177451491355896,-0.03312811627984047,0.40858301520347595,0.4180610477924347,-0.0519014336168766,0.5661290884017944,0.37559419870376587,-0.06308682262897491,0.6730514764785767,0.3725375235080719,-0.0599655956029892,0.7582408785820007,0.38054823875427246,-0.05690770968794823,C
0.26543208956718445,0.6812385320663452,1.304323291151377e-06,0.42712295055389404,0.6608415246009827,0.01862010359764099,0.5540426969528198,0.6144299507141113,0.012074512429535389,0.6663124561309814,0.5988211631774902,-0.012386614456772804,0.7697105407714844,0.5898032188415527,-0.036695607006549835,0.42098134756088257,0.420376181602478,0.0671977549791336,0.5833052396774292,0.3981640040874481,0.02979752980172634,0.7144002318382263,0.3979172706604004,-0.015310307033360004,0.8118970394134521,0.4054641127586365,-0.046132322400808334,0.39293035864830017,0.4009033143520355,0.024809526279568672,0.5936134457588196,0.378447026014328,-0.00849189143627882,0.7310701012611389,0.3800855278968811,-0.04348628222942352,0.8370110988616943,0.38723939657211304,-0.06823650747537613,0.385221391916275,0.400301992893219,-0.02506258897483349,0.5905485153198242,0.37251055240631104,-0.05829576030373573,0.7230416536331177,0.37353694438934326,-0.07659659534692764,0.8197982311248779,0.3809189796447754,-0.08636424690485,0.394566148519516,0.41724130511283875,-0.07725512981414795,0.5594859719276428,0.37738972902297974,-0.10167377442121506,0.6661131381988525,0.3728044033050537,-0.10350637137889862,0.7503292560577393,0.37854355573654175,-0.101681649684906,C
0.23124448955059052,0.6905379295349121,1.2315571211729548e-06,0.41420137882232666,0.6646091341972351,0.01809162274003029,0.5478413701057434,0.6114574074745178,0.007787332404404879,0.6652774214744568,0.5933336615562439,-0.02108043059706688,0.7739248275756836,0.5896559953689575,-0.049130138009786606,0.4065317213535309,0.4088958501815796,0.06324394047260284,0.5814467072486877,0.39127790927886963,0.02246779389679432,0.7173423171043396,0.39061439037323,-0.02494645118713379,0.8176349997520447,0.39916831254959106,-0.0580529123544693,0.37758323550224304,0.39282453060150146,0.019052619114518166,0.5937010049819946,0.3757399022579193,-0.017086153849959373,0.7306023836135864,0.37931716442108154,-0.05121530219912529,0.8350932598114014,0.38434338569641113,-0.07528942823410034,0.3736534118652344,0.3984607458114624,-0.03264841064810753,0.590818464756012,0.3760509788990021,-0.06503766775131226,0.7227963209152222,0.3801127076148987,-0.07882754504680634,0.8184566497802734,0.3885320723056793,-0.08604777604341507,0.39096537232398987,0.4240148365497589,-0.08745385706424713,0.5634743571281433,0.39017045497894287,-0.11028549075126648,0.6718741655349731,0.3880188465118408,-0.10924115777015686,0.757108747959137,0.39471980929374695,-0.1054597720503807,C
0.260405957698822,0.6801741123199463,1.2887707043773844e-06,0.4292484223842621,0.6578964591026306,0.024010075256228447,0.5521211624145508,0.6108303070068359,0.01800794154405594,0.664873480796814,0.594483494758606,-0.007329568266868591,0.7727864980697632,0.5911666750907898,-0.03288823366165161,0.42801427841186523,0.41286206245422363,0.07666484266519547,0.590640664100647,0.3923874497413635,0.0382266491651535,0.7201575040817261,0.3938118517398834,-0.008406838402152061,0.8160724639892578,0.40083396434783936,-0.040233589708805084,0.40152138471603394,0.3930227756500244,0.029947655275464058,0.6027065515518188,0.37336745858192444,-0.0013942776713520288,0.7396156787872314,0.37680691480636597,-0.035718098282814026,0.845328688621521,0.38703063130378723,-0.06068858131766319,0.39292722940444946,0.393764853477478,-0.02497490867972374,0.5967972874641418,0.36681103706359863,-0.05347316339612007,0.7320170402526855,0.36977559328079224,-0.06884784996509552,0.8335209488868713,0.38030731678009033,-0.07809989154338837,0.4026859700679779,0.4146212339401245,-0.08239883929491043,0.5681599378585815,0.37464675307273865,-0.10151788592338562,0.6768327355384827,0.3711925148963928,-0.10017188638448715,0.7631083726882935,0.37807828187942505,-0.09740794450044632,C
0.24867086112499237,0.6906911134719849,1.131842964241514e-06,0.4278787076473236,0.665128767490387,0.04872303828597069,0.5533859133720398,0.6117910146713257,0.05847639590501785,0.6672265529632568,0.5931395888328552,0.043668247759342194,0.7718247175216675,0.5906988382339478,0.028479544445872307,0.42152634263038635,0.4145752787590027,0.11141907423734665,0.588256299495697,0.3879987597465515,0.08595222234725952,0.7178350687026978,0.3891865313053131,0.047663088887929916,0.8138711452484131,0.3979966342449188,0.02026882953941822,0.3950406610965729,0.394131600856781,0.05521688982844353,0.5965712070465088,0.3678165078163147,0.031475841999053955,0.7362028956413269,0.37384772300720215,-0.0010141129605472088,0.8413329720497131,0.3896122872829437,-0.024400457739830017,0.39004749059677124,0.39596232771873474,-0.007672331761568785,0.595787525177002,0.3649643659591675,-0.02960408478975296,0.7345995903015137,0.37099695205688477,-0.04643930494785309,0.8346232771873474,0.38544708490371704,-0.05728296563029289,0.405855655670166,0.41744178533554077,-0.07104543596506119,0.5749251842498779,0.3764204680919647,-0.08665638417005539,0.6863580942153931,0.3731382489204407,-0.08710556477308273,0.7752573490142822,0.38059553503990173,-0.0861244648694992,C
0.24636200070381165,0.6824083924293518,1.2186879985165433e-06,0.4169893264770508,0.6596935987472534,0.03340454772114754,0.5465787053108215,0.6074317693710327,0.03755073994398117,0.6630474925041199,0.5910353660583496,0.020323073491454124,0.771614134311676,0.586569607257843,0.002070144284516573,0.4280380606651306,0.41740262508392334,0.10437086969614029,0.5781860947608948,0.3933510482311249,0.07891777157783508,0.7033675909042358,0.38791531324386597,0.038707464933395386,0.7986401319503784,0.3905267119407654,0.009029845707118511,0.39975786209106445,0.3965594172477722,0.05474771559238434,0.5860681533813477,0.37314289808273315,0.03220319375395775,0.7181576490402222,0.37358593940734863,-0.00266329781152308,0.826561450958252,0.3803767263889313,-0.02842615358531475,0.3890417218208313,0.39758631587028503,-0.002639159793034196,0.5737395286560059,0.3677862286567688,-0.02555096708238125,0.7049359083175659,0.36905384063720703,-0.03991672024130821,0.8092663288116455,0.3760696351528168,-0.0492284782230854,0.39499980211257935,0.41996893286705017,-0.06207619979977608,0.5464783906936646,0.3760570287704468,-0.07774192094802856,0.6503081321716309,0.3685210645198822,-0.07439868897199631,0.7369167804718018,0.3706524968147278,-0.07081541419029236,C
0.23531845211982727,0.688969612121582,9.93846356323047e-07,0.41822028160095215,0.6592342257499695,0.05112640559673309,0.5488880276679993,0.6064395904541016,0.06232491135597229,0.665815532207489,0.5900833606719971,0.0483301617205143,0.7715553045272827,0.5942910313606262,0.033852752298116684,0.41426876187324524,0.41455405950546265,0.11719899624586105,0.5795247554779053,0.3935926556587219,0.0910409465432167,0.7086817026138306,0.3930751085281372,0.05095610022544861,0.8057213425636292,0.39992010593414307,0.021680686622858047,0.3866124153137207,0.3930245041847229,0.06011764705181122,0.5935636758804321,0.36861979961395264,0.03455019369721413,0.72983717918396,0.3734301030635834,0.0010708756744861603,0.8357895612716675,0.38386136293411255,-0.02303418703377247,0.38009974360466003,0.39248865842819214,-0.003978231456130743,0.5897644758224487,0.36348769068717957,-0.028695521876215935,0.7233999371528625,0.3688647747039795,-0.04676779732108116,0.821732759475708,0.38104623556137085,-0.05797021463513374,0.3953251838684082,0.40967604517936707,-0.06857218593358994,0.5644561648368835,0.3724168837070465,-0.0858587771654129,0.6706619262695312,0.3729625344276428,-0.08733590692281723,0.7551854252815247,0.3839131295681,-0.0871061384677887,C
0.2503056526184082,0.6833704710006714,1.2038882459819433e-06,0.4266600012779236,0.6616058349609375,0.03468432277441025,0.5557674765586853,0.6084941625595093,0.0349811352789402,0.6713590621948242,0.591001033782959,0.014322367496788502,0.7793269157409668,0.5899545550346375,-0.00745165953412652,0.43340998888015747,0.41139835119247437,0.08332809060811996,0.596279501914978,0.39088675379753113,0.049018364399671555,0.7232680320739746,0.39022329449653625,0.004621682222932577,0.8207894563674927,0.3969206213951111,-0.027652708813548088,0.4025731384754181,0.38976773619651794,0.031205300241708755,0.6040251851081848,0.36838313937187195,0.0010215151123702526,0.7408514022827148,0.37059569358825684,-0.034877531230449677,0.8501168489456177,0.38141268491744995,-0.06125142425298691,0.3894197642803192,0.39133286476135254,-0.027400946244597435,0.5940360426902771,0.36459797620773315,-0.05534251406788826,0.72882479429245,0.3680259883403778,-0.07215987145900726,0.8327527642250061,0.37824752926826477,-0.0832747370004654,0.39631330966949463,0.4156402051448822,-0.08736611157655716,0.5645633339881897,0.3784996271133423,-0.1078108623623848,0.6718211770057678,0.3734845221042633,-0.10821410268545151,0.7596967220306396,0.3772718608379364,-0.10717475414276123,C
0.22380530834197998,0.6927131414413452,1.0059743544843514e-06,0.4096038043498993,0.6628154516220093,0.054028768092393875,0.5419039726257324,0.6079356670379639,0.06210486590862274,0.6631419658660889,0.5903711318969727,0.043986231088638306,0.7710610628128052,0.5920369029045105,0.02544282376766205,0.4092358648777008,0.4059583246707916,0.11568094044923782,0.5814088582992554,0.3849461078643799,0.0913674458861351,0.7075284719467163,0.3850520849227905,0.05347944423556328,0.8020647168159485,0.39380714297294617,0.02531827613711357,0.3779073655605316,0.3880942463874817,0.054578930139541626,0.5925759077072144,0.3607226610183716,0.027939287945628166,0.727852463722229,0.3669055700302124,-0.004797855857759714,0.8314880132675171,0.3840785622596741,-0.026764795184135437,0.3710052967071533,0.39144566655158997,-0.012639700435101986,0.5874911546707153,0.3616555333137512,-0.03538307547569275,0.7235672473907471,0.3678703010082245,-0.051139265298843384,0.8233398199081421,0.3840487003326416,-0.06056271493434906,0.389067143201828,0.4161626398563385,-0.08048884570598602,0.5651158094406128,0.37939393520355225,-0.0953717902302742,0.6761379241943359,0.37858039140701294,-0.09541396051645279,0.765601396560669,0.3900703489780426,-0.09390869736671448,C
0.27017223834991455,0.6659992337226868,1.52055667967943e-06,0.41773056983947754,0.6544778347015381,-0.010980998165905476,0.5440073609352112,0.6085308790206909,-0.025792265310883522,0.6575560569763184,0.5902740359306335,-0.05136068910360336,0.7535855770111084,0.5679681301116943,-0.07662037760019302,0.4233062267303467,0.4208908677101135,0.03667294606566429,0.5706450939178467,0.38719066977500916,-0.0047943308018147945,0.6961451768875122,0.38091421127319336,-0.05021262168884277,0.791115939617157,0.3834845721721649,-0.08149417489767075,0.40144938230514526,0.40006697177886963,0.011091195978224277,0.5953986644744873,0.3725675642490387,-0.02474069409072399,0.7279624938964844,0.3732616901397705,-0.060410287231206894,0.8357061743736267,0.3750636577606201,-0.08559951186180115,0.39423003792762756,0.3993833363056183,-0.02370695024728775,0.5866394639015198,0.3690267503261566,-0.06301740556955338,0.7150882482528687,0.3674468398094177,-0.08380282670259476,0.8156617283821106,0.3709985613822937,-0.09552819281816483,0.3949626386165619,0.41719889640808105,-0.062268443405628204,0.5388725996017456,0.37947070598602295,-0.09712889790534973,0.6452143788337708,0.3740563988685608,-0.10484530031681061,0.7362183332443237,0.3774526119232178,-0.1067805215716362,C
0.24884900450706482,0.6826622486114502,1.3272205023895367e-06,0.42157498002052307,0.6598663330078125,0.03180425241589546,0.5520768165588379,0.6099855899810791,0.0328083410859108,0.6663796305656433,0.593133807182312,0.013080568984150887,0.7734290361404419,0.5853394865989685,-0.006367071066051722,0.4133889973163605,0.413754940032959,0.0937466248869896,0.5823084115982056,0.39869287610054016,0.06120484694838524,0.715021014213562,0.40267959237098694,0.0164240263402462,0.8127499222755432,0.4104571044445038,-0.01503676176071167,0.3891884386539459,0.3905293345451355,0.0443461611866951,0.5936189889907837,0.3721758723258972,0.019503755494952202,0.7352286577224731,0.3742337226867676,-0.014373606070876122,0.8460107445716858,0.3832487165927887,-0.040048353374004364,0.3817407786846161,0.38950595259666443,-0.013043252751231194,0.587714433670044,0.36221447587013245,-0.037816449999809265,0.728927493095398,0.36351174116134644,-0.054555248469114304,0.8360949754714966,0.37266600131988525,-0.06532761454582214,0.3925665020942688,0.40865689516067505,-0.07233496010303497,0.5638220906257629,0.3688076138496399,-0.09070144593715668,0.6752827167510986,0.3664235472679138,-0.09004563838243484,0.7631438970565796,0.3748171925544739,-0.08782673627138138,C
0.23185095191001892,0.6869140863418579,1.227096277034434e-06,0.41501522064208984,0.6595346331596375,0.04189556837081909,0.5466514825820923,0.608424961566925,0.04500201717019081,0.6630236506462097,0.5904794335365295,0.025344401597976685,0.7733067274093628,0.5892130136489868,0.005633666645735502,0.40596526861190796,0.4082157015800476,0.09899824112653732,0.5798129439353943,0.39107567071914673,0.07007799297571182,0.7109469175338745,0.39122751355171204,0.028388887643814087,0.8117036819458008,0.39712971448898315,-0.0025084679946303368,0.37896019220352173,0.3864704668521881,0.04450292885303497,0.5923601388931274,0.37013906240463257,0.01826472580432892,0.7307729721069336,0.3725569546222687,-0.015379033982753754,0.842049241065979,0.38029423356056213,-0.04065331444144249,0.3729728162288666,0.38767489790916443,-0.016446553170681,0.5884348154067993,0.3655698001384735,-0.040229327976703644,0.7237203121185303,0.3708310127258301,-0.0539899542927742,0.8273131847381592,0.381350040435791,-0.06311594694852829,0.39024844765663147,0.40976083278656006,-0.0787578821182251,0.5676735639572144,0.3735872507095337,-0.0942034050822258,0.6806856393814087,0.37123048305511475,-0.09179523587226868,0.7732690572738647,0.3777247965335846,-0.08884410560131073,C
0.24442709982395172,0.6383072733879089,1.0908560170719284e-06,0.40464529395103455,0.625588059425354,0.01590759865939617,0.5301194190979004,0.5697392225265503,0.01800902932882309,0.6463761329650879,0.545876681804657,0.0018173452699556947,0.7550390958786011,0.5387879610061646,-0.013655110262334347,0.43677428364753723,0.4020804464817047,0.0931440219283104,0.5699923038482666,0.3635112941265106,0.06095784902572632,0.6878369450569153,0.3527384102344513,0.01834791712462902,0.776482105255127,0.3510410785675049,-0.01078095007687807,0.41324183344841003,0.3778964877128601,0.05404173582792282,0.5741679072380066,0.33744579553604126,0.027529854327440262,0.6993825435638428,0.3303435444831848,-0.006699853111058474,0.8028551340103149,0.3349921405315399,-0.029961630702018738,0.3985416293144226,0.36855119466781616,0.004556620959192514,0.5647676587104797,0.32412075996398926,-0.02313043922185898,0.6918328404426575,0.318191260099411,-0.0404789112508297,0.7937122583389282,0.32349398732185364,-0.049416057765483856,0.3959919810295105,0.37472885847091675,-0.04829166457056999,0.5427026748657227,0.3292917311191559,-0.06908684223890305,0.6455603837966919,0.3203081488609314,-0.07093841582536697,0.7327402830123901,0.3230242133140564,-0.0696263387799263,C
0.24745729565620422,0.694123387336731,1.2267213378436281e-06,0.4191996157169342,0.6625000238418579,0.03753701224923134,0.5515996217727661,0.607628345489502,0.03732186555862427,0.6639792919158936,0.5894793272018433,0.015705643221735954,0.7710871696472168,0.591044545173645,-0.005513377021998167,0.4082929790019989,0.4077363610267639,0.08405657112598419,0.5843336582183838,0.3836497962474823,0.048069633543491364,0.7165060043334961,0.3870770335197449,0.004282990004867315,0.8164442777633667,0.39800259470939636,-0.026227623224258423,0.3738294839859009,0.38919928669929504,0.03146790713071823,0.5911030769348145,0.3643034100532532,-0.001645412528887391,0.7320425510406494,0.3712949752807617,-0.036331478506326675,0.8414748311042786,0.38564425706863403,-0.06077462062239647,0.36491167545318604,0.39204269647598267,-0.027485467493534088,0.5866400003433228,0.36398836970329285,-0.057596269994974136,0.7242288589477539,0.3725779354572296,-0.07481729239225388,0.8253873586654663,0.389374315738678,-0.08479177206754684,0.38050854206085205,0.4144967496395111,-0.08745856583118439,0.5616697072982788,0.38062649965286255,-0.10771962255239487,0.6733154058456421,0.3833730220794678,-0.10846865922212601,0.7610968351364136,0.3955267071723938,-0.10686445236206055,C
0.25198251008987427,0.6853368878364563,1.3398963574218214e-06,0.406186580657959,0.6720036864280701,0.018915710970759392,0.5447482466697693,0.6159029006958008,0.020728699862957,0.6646810173988342,0.5945941209793091,0.007043749559670687,0.7763631343841553,0.594460129737854,-0.0041526067070662975,0.4205574095249176,0.4149497449398041,0.08374126255512238,0.5786005258560181,0.39595967531204224,0.05521317198872566,0.7057281732559204,0.39541926980018616,0.016541270539164543,0.8008589744567871,0.40292802453041077,-0.010698097757995129,0.39043283462524414,0.38942110538482666,0.044731687754392624,0.5816566944122314,0.3673795163631439,0.018052633851766586,0.7197751998901367,0.37369078397750854,-0.013144348748028278,0.8347240686416626,0.3864658772945404,-0.03452741727232933,0.3794822096824646,0.38883477449417114,-0.002355120610445738,0.5732676982879639,0.36369210481643677,-0.03293445706367493,0.7128294706344604,0.3701401948928833,-0.047590579837560654,0.8231406211853027,0.38282865285873413,-0.05428769811987877,0.38984349370002747,0.41095414757728577,-0.05171827971935272,0.5548098683357239,0.3741680979728699,-0.07396351546049118,0.6651468873023987,0.37163856625556946,-0.07429167628288269,0.756200909614563,0.3782077431678772,-0.0713605210185051,C
0.22692321240901947,0.6930555701255798,1.1734352938219672e-06,0.4123324155807495,0.6675980687141418,0.039911575615406036,0.5470267534255981,0.6142985820770264,0.040043193846940994,0.6638797521591187,0.5983797907829285,0.01694495975971222,0.7734814882278442,0.5941261053085327,-0.0074313003569841385,0.4142078757286072,0.41579434275627136,0.09021954983472824,0.5871421694755554,0.39775508642196655,0.059335608035326004,0.7186041474342346,0.40008819103240967,0.016961432993412018,0.8183068037033081,0.41046038269996643,-0.014472932554781437,0.3829840421676636,0.39610886573791504,0.03457513824105263,0.5978952646255493,0.37596723437309265,0.006156621500849724,0.7367762327194214,0.3798214793205261,-0.02870219014585018,0.8439988493919373,0.39045342803001404,-0.05496327579021454,0.3733537793159485,0.39771416783332825,-0.027273530140519142,0.5928574204444885,0.37184596061706543,-0.05515501648187637,0.7302305698394775,0.3793013393878937,-0.07268799841403961,0.83146733045578,0.3924919664859772,-0.08425434678792953,0.3876991868019104,0.4208534061908722,-0.09025466442108154,0.5660984516143799,0.38344165682792664,-0.11111044883728027,0.6814855933189392,0.3843330144882202,-0.11175090819597244,0.7736897468566895,0.3948933482170105,-0.11054475605487823,C
0.2432667464017868,0.6863227486610413,1.4293293588707456e-06,0.41570717096328735,0.6662940382957458,0.01427519042044878,0.5459657907485962,0.6162998676300049,0.0026098976377397776,0.6640903949737549,0.5987410545349121,-0.02662544511258602,0.7749028205871582,0.5903959274291992,-0.055454786866903305,0.3999490737915039,0.4109745919704437,0.05753891542553902,0.5754982233047485,0.3901352286338806,0.015469539910554886,0.7155065536499023,0.39120399951934814,-0.03312968462705612,0.82075434923172,0.400238037109375,-0.06640531122684479,0.37434983253479004,0.39366644620895386,0.015712210908532143,0.5858260989189148,0.37034934759140015,-0.019461175426840782,0.7295883297920227,0.3741077780723572,-0.05441905930638313,0.8415629863739014,0.384726881980896,-0.0798606351017952,0.3735957741737366,0.3976859450340271,-0.03381393104791641,0.5862510800361633,0.3693239390850067,-0.06652211397886276,0.7273240685462952,0.36990344524383545,-0.08410154283046722,0.8329578042030334,0.3794686198234558,-0.09449847787618637,0.39370018243789673,0.42115992307662964,-0.0863955169916153,0.5655322074890137,0.38059765100479126,-0.1111498773097992,0.6807385683059692,0.3757217526435852,-0.1139756515622139,0.7722353935241699,0.38340651988983154,-0.1133139431476593,C
0.26648709177970886,0.683487057685852,1.5410637388413306e-06,0.41912680864334106,0.6619422435760498,0.015426870435476303,0.5476170182228088,0.6182604432106018,0.005315252114087343,0.6668817400932312,0.6032634377479553,-0.023098863661289215,0.7767373323440552,0.5911539793014526,-0.05115661025047302,0.42362651228904724,0.42349499464035034,0.07610916346311569,0.586185097694397,0.4066687226295471,0.037746213376522064,0.7181446552276611,0.40991657972335815,-0.01041531004011631,0.8163555860519409,0.4167756736278534,-0.04300384223461151,0.39977365732192993,0.4004059433937073,0.033899951726198196,0.598706066608429,0.38228389620780945,0.0056084394454956055,0.7359136343002319,0.38422203063964844,-0.0284816175699234,0.8445641398429871,0.39232584834098816,-0.054131172597408295,0.3920736312866211,0.3968999981880188,-0.01751871220767498,0.5928352475166321,0.37236282229423523,-0.04210968688130379,0.7268310785293579,0.3740043044090271,-0.054566606879234314,0.8285659551620483,0.3842615485191345,-0.06254813075065613,0.3985694646835327,0.41374585032463074,-0.07269632071256638,0.567703127861023,0.37512314319610596,-0.08930014818906784,0.6795331239700317,0.37262481451034546,-0.08574860543012619,0.7667224407196045,0.3826678991317749,-0.08145777136087418,C
0.22319312393665314,0.6919946670532227,1.0028745691670338e-06,0.4154656231403351,0.6652197241783142,0.03848059102892876,0.5474408268928528,0.6136524677276611,0.03955735266208649,0.66166090965271,0.5979094505310059,0.01644882559776306,0.7719334363937378,0.5937092304229736,-0.007290150970220566,0.4297634959220886,0.4276631772518158,0.09490014612674713,0.5898012518882751,0.4060951769351959,0.058028724044561386,0.7175646424293518,0.40637707710266113,0.011700821109116077,0.8138048648834229,0.4130729138851166,-0.0210220068693161,0.40011167526245117,0.40620502829551697,0.039446838200092316,0.6059442162513733,0.37905728816986084,0.0042307875119149685,0.7407424449920654,0.3803786635398865,-0.03312697634100914,0.8440232276916504,0.3860664367675781,-0.05889492854475975,0.38693729043006897,0.40374889969825745,-0.024056149646639824,0.5987621545791626,0.3709799647331238,-0.060376375913619995,0.7340071201324463,0.37397974729537964,-0.08175212144851685,0.8333902359008789,0.3839842975139618,-0.0932648703455925,0.3917761743068695,0.4188120365142822,-0.08845696598291397,0.5674333572387695,0.38215187191963196,-0.1158524826169014,0.6803942322731018,0.3822193443775177,-0.11999265104532242,0.7707564830780029,0.39173004031181335,-0.12008017301559448,C
0.23707003891468048,0.6915539503097534,1.029101554195222e-06,0.41514503955841064,0.6613597869873047,0.04709113761782646,0.5432528853416443,0.6119431853294373,0.05325591191649437,0.655910074710846,0.5954260230064392,0.03602949157357216,0.7635764479637146,0.5948432087898254,0.018301671370863914,0.40641868114471436,0.4178045690059662,0.0998326987028122,0.58127361536026,0.3974011242389679,0.06735660880804062,0.7123835682868958,0.39669013023376465,0.024358825758099556,0.8120714426040649,0.4031306803226471,-0.006129152607172728,0.3775743246078491,0.39906027913093567,0.043156083673238754,0.5952286124229431,0.3721374571323395,0.013054008595645428,0.7347940802574158,0.37456971406936646,-0.021193159744143486,0.843419075012207,0.3849368989467621,-0.04573546350002289,0.3710708022117615,0.39979955554008484,-0.019881200045347214,0.5907106399536133,0.3690435588359833,-0.04727698117494583,0.724561870098114,0.3731977939605713,-0.06417833268642426,0.8222861289978027,0.3855445086956024,-0.07442480325698853,0.3856644928455353,0.41806140542030334,-0.08353667706251144,0.5595163106918335,0.38077306747436523,-0.10206792503595352,0.6679497957229614,0.3803252577781677,-0.10261163860559464,0.7539594173431396,0.39050835371017456,-0.10132347047328949,C
0.21587824821472168,0.696717381477356,1.0247578074995545e-06,0.4076998233795166,0.6665958762168884,0.05233675241470337,0.5451063513755798,0.6095612645149231,0.06071802228689194,0.6630450487136841,0.5953006148338318,0.04307379201054573,0.7713620662689209,0.5951160788536072,0.024176839739084244,0.4105483293533325,0.41243255138397217,0.11192122846841812,0.583167552947998,0.39266371726989746,0.08692644536495209,0.7157176733016968,0.39282283186912537,0.04883521422743797,0.8159517049789429,0.4026098847389221,0.020596567541360855,0.38092663884162903,0.39255452156066895,0.05156967416405678,0.5964238047599792,0.370521605014801,0.028864920139312744,0.734520673751831,0.37494874000549316,-0.0025189905427396297,0.8421450853347778,0.38353458046913147,-0.026163775473833084,0.3726745843887329,0.3950578272342682,-0.015190726146101952,0.5924313068389893,0.36398422718048096,-0.039551567286252975,0.730553388595581,0.37058302760124207,-0.056462060660123825,0.8321774005889893,0.38105612993240356,-0.06781458109617233,0.387439101934433,0.41769781708717346,-0.08223880082368851,0.5657268762588501,0.3758485019207001,-0.10193067789077759,0.6791679859161377,0.3768322467803955,-0.10279615223407745,0.7698879837989807,0.38697549700737,-0.10192674398422241,C
0.21975569427013397,0.6918519139289856,1.2606361678990652e-06,0.3931658864021301,0.673838198184967,0.027907902374863625,0.5377879738807678,0.6163556575775146,0.025969471782445908,0.655940055847168,0.5940881371498108,0.005678537767380476,0.7654829025268555,0.5948746204376221,-0.013995819725096226,0.404031902551651,0.3977840840816498,0.07355573773384094,0.5804299116134644,0.3908802270889282,0.04386390000581741,0.7149434089660645,0.39239054918289185,0.0016821977915242314,0.8181542158126831,0.40314704179763794,-0.03045721910893917,0.3735060691833496,0.376318097114563,0.026943344622850418,0.5918416976928711,0.36839723587036133,0.0009747644071467221,0.7309396862983704,0.375967413187027,-0.03022157773375511,0.8429843187332153,0.38673102855682373,-0.05442839115858078,0.36657023429870605,0.3834931254386902,-0.0253371000289917,0.5863098502159119,0.37039703130722046,-0.05274185910820961,0.7247085571289062,0.37822869420051575,-0.06543038040399551,0.8317321538925171,0.39024341106414795,-0.07402912527322769,0.3813072443008423,0.4152982831001282,-0.07940997928380966,0.5628575682640076,0.38878095149993896,-0.1010250672698021,0.6776820421218872,0.38999515771865845,-0.09973762184381485,0.7732139825820923,0.39667606353759766,-0.09685277938842773,C
0.23253057897090912,0.6901950836181641,1.200642941512342e-06,0.41833895444869995,0.6642195582389832,0.04591476544737816,0.5486007928848267,0.6118572354316711,0.049628179520368576,0.6646711826324463,0.5954557061195374,0.0295717753469944,0.7713481187820435,0.5945689082145691,0.008633734658360481,0.3999486267566681,0.4076913595199585,0.0919363871216774,0.5773252248764038,0.39085111021995544,0.06104803830385208,0.711734414100647,0.3933218717575073,0.02043147198855877,0.8117485046386719,0.4031921625137329,-0.0083040501922369,0.3719153106212616,0.3873752951622009,0.035478051751852036,0.5888429880142212,0.36869576573371887,0.008175808936357498,0.7313582897186279,0.37454333901405334,-0.023288307711482048,0.8398516178131104,0.38848769664764404,-0.04656555876135826,0.36649835109710693,0.39126187562942505,-0.026665344834327698,0.5861144661903381,0.36508864164352417,-0.052046727389097214,0.7273526787757874,0.37134048342704773,-0.067702516913414,0.8307616710662842,0.38508710265159607,-0.07803458720445633,0.3844391405582428,0.4152319133281708,-0.08923523128032684,0.5633007287979126,0.3768342435359955,-0.10740836709737778,0.678640604019165,0.3742437958717346,-0.10764117538928986,0.770461916923523,0.3824867010116577,-0.10644201189279556,C
0.280051589012146,0.6328589916229248,1.3595745258498937e-06,0.4173435568809509,0.6214858293533325,0.008866233751177788,0.5424926280975342,0.5714882612228394,0.007697982247918844,0.6572570204734802,0.5516777634620667,-0.008117937482893467,0.7620633244514465,0.540433943271637,-0.02241848222911358,0.4475971758365631,0.4045908451080322,0.0781988874077797,0.5886711478233337,0.3744890093803406,0.046688105911016464,0.706526517868042,0.3676612079143524,0.006576751824468374,0.7945928573608398,0.3662567138671875,-0.019723454490303993,0.4267065227031708,0.3792608380317688,0.04410789906978607,0.5970040559768677,0.3481236398220062,0.018234362825751305,0.7215720415115356,0.34409236907958984,-0.014035058207809925,0.8218416571617126,0.3484521508216858,-0.0359959751367569,0.41415002942085266,0.3686176836490631,9.672036685515195e-05,0.5915815830230713,0.3330327570438385,-0.027020864188671112,0.7125695943832397,0.3301045298576355,-0.0438094399869442,0.8041993975639343,0.3360120356082916,-0.05240413174033165,0.41046497225761414,0.372405469417572,-0.04726552218198776,0.5612914562225342,0.3296378552913666,-0.06699656695127487,0.6639387011528015,0.32331863045692444,-0.06834711879491806,0.7470648288726807,0.32904380559921265,-0.06644859164953232,C
0.2545946538448334,0.6857186555862427,1.3450830920191947e-06,0.4219588339328766,0.6600689888000488,0.029635006561875343,0.5464752912521362,0.6128460764884949,0.025622334331274033,0.6638524532318115,0.5975208282470703,0.0015730600571259856,0.7714855670928955,0.5869422554969788,-0.023359859362244606,0.4132139980792999,0.4079369306564331,0.07947486639022827,0.5827597379684448,0.3896887004375458,0.04401158168911934,0.7141244411468506,0.3929397165775299,-0.0007975962362252176,0.8131256103515625,0.4020770788192749,-0.03234570845961571,0.38677769899368286,0.38757097721099854,0.029198486357927322,0.5972154140472412,0.36972928047180176,-0.0025181672535836697,0.7373220920562744,0.3777298331260681,-0.03877664729952812,0.8459631204605103,0.3912801146507263,-0.06480341404676437,0.37986281514167786,0.3909490704536438,-0.02800092101097107,0.5895407199859619,0.366341769695282,-0.05782633647322655,0.7270179986953735,0.37354016304016113,-0.07456024736166,0.829821765422821,0.3844623565673828,-0.08495482057332993,0.390779584646225,0.4162731170654297,-0.08679531514644623,0.5563005208969116,0.373171865940094,-0.10889270156621933,0.6640689969062805,0.36996057629585266,-0.10833673924207687,0.7503000497817993,0.37678712606430054,-0.10586867481470108,C
0.24305665493011475,0.6920353174209595,1.2763578070007497e-06,0.41884636878967285,0.6656001806259155,0.04750173166394234,0.5476735830307007,0.6123396754264832,0.05591220781207085,0.6659104824066162,0.5963171720504761,0.04061686620116234,0.7723912596702576,0.5896924138069153,0.02476975880563259,0.40142375230789185,0.40702590346336365,0.10475563257932663,0.5776785016059875,0.3912353813648224,0.07721230387687683,0.7112694978713989,0.3968108892440796,0.03678244724869728,0.8118796348571777,0.40679633617401123,0.00786567386239767,0.3789055645465851,0.3857961893081665,0.04777511581778526,0.5930512547492981,0.3700316846370697,0.024104924872517586,0.7363386154174805,0.37738507986068726,-0.008466711267828941,0.8480627536773682,0.3926040828227997,-0.03279521316289902,0.3752843141555786,0.38906043767929077,-0.01557922549545765,0.5901187062263489,0.36540931463241577,-0.039069414138793945,0.7332475185394287,0.3721748888492584,-0.05569270998239517,0.8403948545455933,0.385309100151062,-0.06687760353088379,0.3904845416545868,0.4132418632507324,-0.07936765998601913,0.5657215118408203,0.3727211654186249,-0.09647398442029953,0.6787687540054321,0.3722951412200928,-0.09512435644865036,0.7676868438720703,0.3830353915691376,-0.09294930845499039,C
0.24305665493011475,0.6920353174209595,1.2763578070007497e-06,0.41884636878967285,0.6656001806259155,0.04750173166394234,0.5476735830307007,0.6123396754264832,0.05591220781207085,0.6659104824066162,0.5963171720504761,0.04061686620116234,0.7723912596702576,0.5896924138069153,0.02476975880563259,0.40142375230789185,0.40702590346336365,0.10475563257932663,0.5776785016059875,0.3912353813648224,0.07721230387687683,0.7112694978713989,0.3968108892440796,0.03678244724869728,0.8118796348571777,0.40679633617401123,0.00786567386239767,0.3789055645465851,0.3857961893081665,0.04777511581778526,0.5930512547492981,0.3700316846370697,0.024104924872517586,0.7363386154174805,0.37738507986068726,-0.008466711267828941,0.8480627536773682,0.3926040828227997,-0.03279521316289902,0.3752843141555786,0.38906043767929077,-0.01557922549545765,0.5901187062263489,0.36540931463241577,-0.039069414138793945,0.7332475185394287,0.3721748888492584,-0.05569270998239517,0.8403948545455933,0.385309100151062,-0.06687760353088379,0.3904845416545868,0.4132418632507324,-0.07936765998601913,0.5657215118408203,0.3727211654186249,-0.09647398442029953,0.6787687540054321,0.3722951412200928,-0.09512435644865036,0.7676868438720703,0.3830353915691376,-0.09294930845499039,C
0.2288457751274109,0.6869540214538574,1.246467036253307e-06,0.4154127538204193,0.6634337902069092,0.03581709787249565,0.5424346923828125,0.6133140921592712,0.03382530435919762,0.6601970195770264,0.5977579951286316,0.009171697311103344,0.771277666091919,0.5949273109436035,-0.016418632119894028,0.4110628366470337,0.4082586467266083,0.0873146653175354,0.5749785900115967,0.39358583092689514,0.05169033259153366,0.7079652547836304,0.393175333738327,0.004420958925038576,0.8082256317138672,0.39829012751579285,-0.030053509399294853,0.3846573233604431,0.38842007517814636,0.0332631953060627,0.5914856195449829,0.3743503987789154,0.0031632527243345976,0.7332074642181396,0.37804079055786133,-0.03265547379851341,0.8433948159217834,0.38625794649124146,-0.059987761080265045,0.3771928548812866,0.3925156891345978,-0.027966642752289772,0.5862663388252258,0.3696497678756714,-0.05749638378620148,0.7258795499801636,0.3752914071083069,-0.07422535866498947,0.8300305008888245,0.38648077845573425,-0.08512941002845764,0.3887295424938202,0.41894474625587463,-0.09073153883218765,0.5614485144615173,0.3825373947620392,-0.11326835304498672,0.6754052639007568,0.3819303512573242,-0.11404243856668472,0.7668625116348267,0.39148157835006714,-0.11288504302501678,C
0.2376239150762558,0.6904442310333252,1.1818142411357258e-06,0.4155060350894928,0.661972165107727,0.040620967745780945,0.5488959550857544,0.606035053730011,0.04300716519355774,0.6642121076583862,0.5884643793106079,0.02373209223151207,0.7739065885543823,0.5933195352554321,0.004856628365814686,0.40490466356277466,0.40580230951309204,0.09490485489368439,0.5782245993614197,0.3868243098258972,0.06721442192792892,0.708213746547699,0.387676477432251,0.02757520228624344,0.8065266609191895,0.3953119218349457,-0.002151820110157132,0.3725115656852722,0.3857196569442749,0.041622746735811234,0.5869653224945068,0.36670181155204773,0.015352089889347553,0.7260439991950989,0.3716519773006439,-0.017231516540050507,0.8357970714569092,0.383055716753006,-0.041287750005722046,0.3650244176387787,0.3890145421028137,-0.01778540574014187,0.5802383422851562,0.36181411147117615,-0.042103156447410583,0.7183976173400879,0.36804625391960144,-0.057144664227962494,0.823177695274353,0.38061779737472534,-0.06683740019798279,0.3849335014820099,0.41352391242980957,-0.07829765230417252,0.5615427494049072,0.37557920813560486,-0.0941685363650322,0.6712886095046997,0.374098002910614,-0.09318266063928604,0.7601306438446045,0.380788654088974,-0.09142538160085678,C
0.22985787689685822,0.6932058334350586,1.0826021252796636e-06,0.414121150970459,0.6615672707557678,0.04772978276014328,0.5461264848709106,0.6076064109802246,0.053015705198049545,0.6619952917098999,0.593334436416626,0.03373650833964348,0.7750253081321716,0.593643069267273,0.013750959187746048,0.406452476978302,0.4085316061973572,0.11260433495044708,0.5751096606254578,0.3883507251739502,0.0873718112707138,0.70708167552948,0.38696834444999695,0.046142417937517166,0.8063440322875977,0.39517784118652344,0.01584666594862938,0.37871742248535156,0.39111894369125366,0.055914148688316345,0.5873709321022034,0.36943989992141724,0.032452113926410675,0.7236630916595459,0.37182649970054626,-0.002960602520033717,0.8288945555686951,0.3783947229385376,-0.029449312016367912,0.37336379289627075,0.39378106594085693,-0.0070456452667713165,0.5850574374198914,0.36378851532936096,-0.02960987389087677,0.719650387763977,0.3687192499637604,-0.04656297713518143,0.8177262544631958,0.37896016240119934,-0.057889342308044434,0.39086806774139404,0.4147658944129944,-0.07078365981578827,0.5630835294723511,0.37696292996406555,-0.08683628588914871,0.6721636056900024,0.3763863146305084,-0.08535300195217133,0.7583656311035156,0.3845466673374176,-0.08269520103931427,C
0.2404383420944214,0.6857637166976929,1.1747606549761258e-06,0.4270252287387848,0.6591688394546509,0.03144543990492821,0.5545755624771118,0.6073037385940552,0.029396651312708855,0.6645352244377136,0.5900419354438782,0.005232386756688356,0.7727174758911133,0.5869405269622803,-0.018399374559521675,0.42108502984046936,0.4182107150554657,0.08861351758241653,0.5871307253837585,0.39991092681884766,0.05214814096689224,0.7161662578582764,0.3985747992992401,0.006791739258915186,0.8121374249458313,0.40416407585144043,-0.024784281849861145,0.3927049934864044,0.39732176065444946,0.03852866590023041,0.6010148525238037,0.37861186265945435,0.005891915876418352,0.735016942024231,0.3780137896537781,-0.028899280354380608,0.8406020402908325,0.3809378743171692,-0.05318539962172508,0.38473957777023315,0.39541295170783997,-0.019551236182451248,0.5996128916740417,0.37317150831222534,-0.05107177048921585,0.7320835590362549,0.37336960434913635,-0.06828796118497849,0.8314974904060364,0.3790834844112396,-0.07741092145442963,0.39635854959487915,0.41224589943885803,-0.07958267629146576,0.573158323764801,0.3806643486022949,-0.10150520503520966,0.6828210353851318,0.3772580623626709,-0.1021728590130806,0.7721176147460938,0.38233888149261475,-0.09978583455085754,C
0.24577517807483673,0.6779489517211914,1.280627316191385e-06,0.42221498489379883,0.6541355848312378,0.020258238539099693,0.5475560426712036,0.6062446236610413,0.01056689117103815,0.6605072021484375,0.5927817821502686,-0.018398301675915718,0.7668927311897278,0.5856233835220337,-0.04691554233431816,0.4006015360355377,0.40499579906463623,0.062106698751449585,0.5785966515541077,0.3810529112815857,0.017197558656334877,0.7175315618515015,0.38401487469673157,-0.03368309140205383,0.8211369514465332,0.39604413509368896,-0.06819787621498108,0.37640106678009033,0.38870111107826233,0.015906138345599174,0.5973504185676575,0.3644871413707733,-0.02870304509997368,0.7447913289070129,0.37257257103919983,-0.07018570601940155,0.8560155034065247,0.3860583007335663,-0.09749189019203186,0.37535059452056885,0.3903961181640625,-0.03734596446156502,0.6004180312156677,0.36305198073387146,-0.07962368428707123,0.7392947673797607,0.37424054741859436,-0.10007569938898087,0.8368062973022461,0.3906581401824951,-0.10900307446718216,0.3928558826446533,0.408125638961792,-0.09272119402885437,0.568429708480835,0.36963996291160583,-0.12263830006122589,0.680698573589325,0.369545578956604,-0.12523266673088074,0.7684314250946045,0.37805837392807007,-0.12248364090919495,C
0.23666973412036896,0.6973868608474731,1.0540951507209684e-06,0.4194495379924774,0.6659309267997742,0.04827618598937988,0.5493631958961487,0.6093879342079163,0.05199384689331055,0.6653347015380859,0.5944600105285645,0.031043032184243202,0.7731420993804932,0.597582221031189,0.009245358407497406,0.40580490231513977,0.4052237272262573,0.10383083671331406,0.5745437741279602,0.38291120529174805,0.07314658164978027,0.7065274715423584,0.3873969316482544,0.029401352629065514,0.8050806522369385,0.39945998787879944,-0.0026013453025370836,0.3772684931755066,0.3877893090248108,0.044976722449064255,0.5876761078834534,0.3690261244773865,0.015730706974864006,0.7262711524963379,0.378043532371521,-0.020862098783254623,0.8334130048751831,0.390207976102829,-0.047385089099407196,0.3718302547931671,0.39168789982795715,-0.01996729150414467,0.5813299417495728,0.36219322681427,-0.04602756351232529,0.719854474067688,0.371614933013916,-0.061254773288965225,0.8223662376403809,0.3852705955505371,-0.07072876393795013,0.3908614218235016,0.41520005464553833,-0.08563730120658875,0.5600503087043762,0.37196362018585205,-0.10330984741449356,0.6721315383911133,0.3722953200340271,-0.10110508650541306,0.7612696886062622,0.38249272108078003,-0.09794533997774124,C
0.23666973412036896,0.6973868608474731,1.0540951507209684e-06,0.4194495379924774,0.6659309267997742,0.04827618598937988,0.5493631958961487,0.6093879342079163,0.05199384689331055,0.6653347015380859,0.5944600105285645,0.031043032184243202,0.7731420993804932,0.597582221031189,0.009245358407497406,0.40580490231513977,0.4052237272262573,0.10383083671331406,0.5745437741279602,0.38291120529174805,0.07314658164978027,0.7065274715423584,0.3873969316482544,0.029401352629065514,0.8050806522369385,0.39945998787879944,-0.0026013453025370836,0.3772684931755066,0.3877893090248108,0.044976722449064255,0.5876761078834534,0.3690261244773865,0.015730706974864006,0.7262711524963379,0.378043532371521,-0.020862098783254623,0.8334130048751831,0.390207976102829,-0.047385089099407196,0.3718302547931671,0.39168789982795715,-0.01996729150414467,0.5813299417495728,0.36219322681427,-0.04602756351232529,0.719854474067688,0.371614933013916,-0.061254773288965225,0.8223662376403809,0.3852705955505371,-0.07072876393795013,0.3908614218235016,0.41520005464553833,-0.08563730120658875,0.5600503087043762,0.37196362018585205,-0.10330984741449356,0.6721315383911133,0.3722953200340271,-0.10110508650541306,0.7612696886062622,0.38249272108078003,-0.09794533997774124,C
0.2333012968301773,0.6886152029037476,1.2509015050454764e-06,0.4174896776676178,0.6639049649238586,0.0414617694914341,0.5491275787353516,0.6125810146331787,0.04219970852136612,0.667686402797699,0.5968870520591736,0.02044936828315258,0.7724577188491821,0.5988380312919617,-0.001789631089195609,0.3960266709327698,0.4026327431201935,0.08472498506307602,0.578376293182373,0.3820601999759674,0.05457210913300514,0.7156904935836792,0.38537853956222534,0.014874521642923355,0.8145080804824829,0.39680007100105286,-0.01299083698540926,0.36911916732788086,0.3859998881816864,0.031618744134902954,0.5892038941383362,0.36479687690734863,0.005713311024010181,0.7322440147399902,0.373330682516098,-0.02375158853828907,0.8379166126251221,0.3887557089328766,-0.04568913206458092,0.3691192865371704,0.39298516511917114,-0.026873698458075523,0.58788001537323,0.36459237337112427,-0.04944958537817001,0.7288480401039124,0.3718218505382538,-0.06263116747140884,0.828940212726593,0.3868889808654785,-0.07146153599023819,0.3931789994239807,0.4192146956920624,-0.0862746462225914,0.5677899718284607,0.37901031970977783,-0.10064803063869476,0.6809173822402954,0.3765721321105957,-0.0979786217212677,0.7684807777404785,0.3853744864463806,-0.09494936466217041,C
0.223209947347641,0.6953219771385193,1.2428955642462824e-06,0.4052426815032959,0.67393958568573,0.031157327815890312,0.5432940125465393,0.6181533336639404,0.03016393817961216,0.6622544527053833,0.5977007150650024,0.0078899459913373,0.7740758657455444,0.5941182374954224,-0.013752487488090992,0.4006938934326172,0.413310170173645,0.088177889585495,0.57585209608078,0.3954176902770996,0.05649898946285248,0.7126824855804443,0.39604315161705017,0.013034685514867306,0.8145321011543274,0.4055039882659912,-0.018020765855908394,0.37730780243873596,0.3932245969772339,0.03918584808707237,0.5910009145736694,0.3737415373325348,0.01422910112887621,0.732097327709198,0.3768604099750519,-0.017163319513201714,0.8415030837059021,0.385744571685791,-0.040899936109781265,0.37670785188674927,0.3955145478248596,-0.017117492854595184,0.5916945934295654,0.370885968208313,-0.04177405685186386,0.7294520139694214,0.3738403916358948,-0.05519925430417061,0.8315854072570801,0.3851187229156494,-0.06402809172868729,0.3967723250389099,0.4164765179157257,-0.07570876181125641,0.5685542821884155,0.38312408328056335,-0.09431496262550354,0.6795804500579834,0.37954986095428467,-0.09288925677537918,0.7691222429275513,0.38476043939590454,-0.08997871726751328,C
0.23173022270202637,0.6911212205886841,1.2279360817046836e-06,0.4238683581352234,0.6632250547409058,0.05583321303129196,0.5498457551002502,0.6116807460784912,0.06345965713262558,0.6656302809715271,0.5950728058815002,0.046028684824705124,0.7724511623382568,0.5971124768257141,0.027811622247099876,0.40461495518684387,0.40670597553253174,0.1009625568985939,0.592420220375061,0.39432892203330994,0.07443571835756302,0.7250267863273621,0.3966447114944458,0.0377468466758728,0.8256117701530457,0.404548317193985,0.01073762122541666,0.3757370710372925,0.38488340377807617,0.03961145505309105,0.6029542088508606,0.36754247546195984,0.014542103745043278,0.7459989786148071,0.37648478150367737,-0.014798099175095558,0.854676365852356,0.3947909474372864,-0.03645210340619087,0.37098440527915955,0.38985511660575867,-0.026623358950018883,0.5988722443580627,0.3648495078086853,-0.04865381494164467,0.7410675287246704,0.3738102912902832,-0.06293345242738724,0.8437949419021606,0.38885200023651123,-0.07306577265262604,0.39075738191604614,0.4169434607028961,-0.09232925623655319,0.5729990005493164,0.37852030992507935,-0.10684394836425781,0.6868293881416321,0.3766462504863739,-0.10555551201105118,0.776801347732544,0.3837242126464844,-0.10413596779108047,C
0.2456623762845993,0.6853054761886597,1.3705117680729018e-06,0.42202624678611755,0.6656073927879333,0.03306412696838379,0.5520862340927124,0.6141386032104492,0.03433360531926155,0.6672845482826233,0.5980918407440186,0.013374356552958488,0.7765205502510071,0.592263400554657,-0.007907322607934475,0.42054814100265503,0.41739127039909363,0.09944424778223038,0.5881661176681519,0.40205439925193787,0.06891218572854996,0.7242982387542725,0.40553224086761475,0.02313559129834175,0.825243353843689,0.41482314467430115,-0.009631277061998844,0.39496085047721863,0.3947233259677887,0.048458319157361984,0.5979759097099304,0.3762204051017761,0.023620836436748505,0.7442269325256348,0.37934356927871704,-0.012729933485388756,0.8597946763038635,0.389533132314682,-0.040244024246931076,0.3870576024055481,0.39299845695495605,-0.01056918129324913,0.5952948331832886,0.3676912784576416,-0.036842670291662216,0.7403371930122375,0.3712616562843323,-0.05640386790037155,0.8499569296836853,0.38204824924468994,-0.06904705613851547,0.39912039041519165,0.4110315144062042,-0.07146691530942917,0.574126124382019,0.3722008466720581,-0.0925319716334343,0.6902015805244446,0.37310242652893066,-0.09348134696483612,0.7821537256240845,0.38523733615875244,-0.09209076315164566,C
0.22798067331314087,0.6947672367095947,9.617162959330017e-07,0.41503745317459106,0.6655354499816895,0.04822508990764618,0.5483964085578918,0.609112024307251,0.052799373865127563,0.6620742082595825,0.5931054353713989,0.03267911449074745,0.7727299332618713,0.5945521593093872,0.010798929259181023,0.4129527807235718,0.41239452362060547,0.09705528616905212,0.5886148810386658,0.3963216543197632,0.0645364299416542,0.7180754542350769,0.39937910437583923,0.022411657497286797,0.816573441028595,0.4087609648704529,-0.009208758361637592,0.3827933073043823,0.3933846056461334,0.03539194166660309,0.6039990782737732,0.37080439925193787,0.0027493510860949755,0.739598274230957,0.37644779682159424,-0.03195944428443909,0.843295693397522,0.386165052652359,-0.056791581213474274,0.37309569120407104,0.39646124839782715,-0.032706040889024734,0.5934451222419739,0.36573827266693115,-0.06383560597896576,0.7282109260559082,0.3704201579093933,-0.08072955161333084,0.8274193406105042,0.3797111511230469,-0.09133812040090561,0.38393765687942505,0.42170628905296326,-0.10126909613609314,0.5568392872810364,0.37985625863075256,-0.12579451501369476,0.6684527397155762,0.3771594166755676,-0.12838010489940643,0.7590739727020264,0.38486748933792114,-0.1287670135498047,C
0.23472361266613007,0.6909620761871338,1.1840081697300775e-06,0.4194302260875702,0.6635490655899048,0.02846754528582096,0.5480226874351501,0.6110635995864868,0.023186588659882545,0.6613005995750427,0.5947548747062683,-0.0040131364949047565,0.770129919052124,0.5925598740577698,-0.030342858284711838,0.4101512134075165,0.41497334837913513,0.08522863686084747,0.5802170634269714,0.3983585834503174,0.045615047216415405,0.7147175669670105,0.39992377161979675,-0.002674858784303069,0.8145372271537781,0.40896400809288025,-0.036104366183280945,0.38196855783462524,0.396690309047699,0.035143159329891205,0.5923278331756592,0.3757653832435608,-0.0013657279778271914,0.7325738668441772,0.37816840410232544,-0.03793536126613617,0.8421308398246765,0.38501548767089844,-0.0634060874581337,0.37646493315696716,0.3976025879383087,-0.023380357772111893,0.5927465558052063,0.3709741234779358,-0.0591973140835762,0.731960654258728,0.37623509764671326,-0.07843814790248871,0.8338711261749268,0.38919955492019653,-0.08816982060670853,0.39323994517326355,0.41711971163749695,-0.08411208540201187,0.5720010995864868,0.3821609318256378,-0.10943751037120819,0.6865453720092773,0.3836537301540375,-0.11196007579565048,0.7771345973014832,0.395884245634079,-0.1105993315577507,C
0.24604469537734985,0.6840400695800781,1.3772839793091407e-06,0.41353610157966614,0.664198100566864,0.022836947813630104,0.5453130602836609,0.6160871982574463,0.015313179232180119,0.6648088097572327,0.5980761647224426,-0.011180192232131958,0.7753244042396545,0.5905505418777466,-0.038633693009614944,0.42294061183929443,0.41865819692611694,0.06779579073190689,0.5892654657363892,0.3988456428050995,0.03036273643374443,0.7238577604293823,0.4013206958770752,-0.01702715829014778,0.8252575993537903,0.41009947657585144,-0.05035996064543724,0.3964598774909973,0.3972018361091614,0.021430540829896927,0.6021127700805664,0.37682414054870605,-0.008226715959608555,0.7449671030044556,0.3800242245197296,-0.04296942427754402,0.8561296463012695,0.3877600431442261,-0.06962712109088898,0.38680654764175415,0.39727115631103516,-0.03199189901351929,0.5976904630661011,0.37209367752075195,-0.06060406193137169,0.7367595434188843,0.37465572357177734,-0.07661537826061249,0.8397711515426636,0.383050799369812,-0.0871625691652298,0.39449745416641235,0.41762155294418335,-0.08771567046642303,0.5661933422088623,0.3747243583202362,-0.10941700637340546,0.6780921220779419,0.3696412444114685,-0.1084974855184555,0.76630699634552,0.3759396970272064,-0.10580115765333176,C
0.21611033380031586,0.6985243558883667,1.1385237712602247e-06,0.4062158465385437,0.6704583764076233,0.044020235538482666,0.5418203473091125,0.6120465993881226,0.050060953944921494,0.6616872549057007,0.5963388681411743,0.03258291631937027,0.769072949886322,0.6005536317825317,0.01563555933535099,0.39902883768081665,0.4070940315723419,0.10144930332899094,0.5768308639526367,0.38739097118377686,0.0694623664021492,0.7096849083900452,0.3895201086997986,0.027321787551045418,0.8107704520225525,0.4006774127483368,-0.0027234696317464113,0.36902153491973877,0.3877362608909607,0.04580500349402428,0.5879923701286316,0.3660803437232971,0.012954634614288807,0.7296780347824097,0.3758504390716553,-0.02303231507539749,0.8414696455001831,0.39443373680114746,-0.04705282673239708,0.36423859000205994,0.3906377851963043,-0.016517091542482376,0.5853941440582275,0.3643493056297302,-0.04616166278719902,0.72733473777771,0.3727104663848877,-0.0662556067109108,0.8339168429374695,0.38820821046829224,-0.07760675996541977,0.3849632143974304,0.4131779074668884,-0.07974019646644592,0.5648596882820129,0.37844839692115784,-0.09971492737531662,0.6760822534561157,0.3783593475818634,-0.10258261859416962,0.7655977010726929,0.38758522272109985,-0.10250024497509003,C
0.22955332696437836,0.6885740160942078,1.2160109008618747e-06,0.4070398211479187,0.6705411672592163,0.02905009128153324,0.5445007085800171,0.6135726571083069,0.02822348289191723,0.6601545810699463,0.5918984413146973,0.005973014980554581,0.7695643305778503,0.5863615870475769,-0.016363205388188362,0.4066073000431061,0.41305112838745117,0.0905565693974495,0.5715171098709106,0.38787782192230225,0.06036542356014252,0.7055217027664185,0.3860231637954712,0.01716470532119274,0.8069207668304443,0.3933643698692322,-0.014355266466736794,0.3826746940612793,0.3951184153556824,0.040974296629428864,0.5878496170043945,0.36943235993385315,0.016893334686756134,0.7277331948280334,0.3716530203819275,-0.016774218529462814,0.8367970585823059,0.38045042753219604,-0.04217732697725296,0.38071659207344055,0.39765381813049316,-0.01622593216598034,0.5859012007713318,0.3679468631744385,-0.03991064801812172,0.7215407490730286,0.3704858720302582,-0.05406121909618378,0.8229138851165771,0.3806394040584564,-0.06342014670372009,0.39866510033607483,0.4199923276901245,-0.07627300918102264,0.561214804649353,0.3789620101451874,-0.09302151948213577,0.6706922054290771,0.37384921312332153,-0.09070872515439987,0.7592213153839111,0.37925150990486145,-0.08761288970708847,C
0.2357701063156128,0.6975304484367371,1.4181160850057495e-06,0.41022834181785583,0.6742324233055115,0.017774857580661774,0.5404046773910522,0.6209760308265686,0.012009618803858757,0.6608654260635376,0.6025510430335999,-0.01128374133259058,0.772505521774292,0.5883172750473022,-0.03282644599676132,0.389988511800766,0.40964579582214355,0.07104631513357162,0.5665187835693359,0.39401426911354065,0.029146939516067505,0.704038679599762,0.3953152298927307,-0.019297486171126366,0.8080929517745972,0.40228208899497986,-0.05195867642760277,0.3703470528125763,0.3879662752151489,0.028457315638661385,0.5844203233718872,0.3718934655189514,-0.005473058670759201,0.7272787094116211,0.3760800063610077,-0.040267203003168106,0.8425252437591553,0.38744601607322693,-0.06488893181085587,0.37261033058166504,0.3924727737903595,-0.022729698568582535,0.5862788558006287,0.36999955773353577,-0.05466242879629135,0.7268608808517456,0.3704043924808502,-0.0704832524061203,0.8369927406311035,0.37872982025146484,-0.07941261678934097,0.39214348793029785,0.4181984066963196,-0.07684190571308136,0.5605312585830688,0.38135242462158203,-0.10191658139228821,0.6739661693572998,0.3731839060783386,-0.10389018803834915,0.7691375017166138,0.37534070014953613,-0.10215900838375092,C
0.2357701063156128,0.6975304484367371,1.4181160850057495e-06,0.41022834181785583,0.6742324233055115,0.017774857580661774,0.5404046773910522,0.6209760308265686,0.012009618803858757,0.6608654260635376,0.6025510430335999,-0.01128374133259058,0.772505521774292,0.5883172750473022,-0.03282644599676132,0.389988511800766,0.40964579582214355,0.07104631513357162,0.5665187835693359,0.39401426911354065,0.029146939516067505,0.704038679599762,0.3953152298927307,-0.019297486171126366,0.8080929517745972,0.40228208899497986,-0.05195867642760277,0.3703470528125763,0.3879662752151489,0.028457315638661385,0.5844203233718872,0.3718934655189514,-0.005473058670759201,0.7272787094116211,0.3760800063610077,-0.040267203003168106,0.8425252437591553,0.38744601607322693,-0.06488893181085587,0.37261033058166504,0.3924727737903595,-0.022729698568582535,0.5862788558006287,0.36999955773353577,-0.05466242879629135,0.7268608808517456,0.3704043924808502,-0.0704832524061203,0.8369927406311035,0.37872982025146484,-0.07941261678934097,0.39214348793029785,0.4181984066963196,-0.07684190571308136,0.5605312585830688,0.38135242462158203,-0.10191658139228821,0.6739661693572998,0.3731839060783386,-0.10389018803834915,0.7691375017166138,0.37534070014953613,-0.10215900838375092,C
0.22503022849559784,0.6907386779785156,1.1466714795460575e-06,0.4191765785217285,0.6624639630317688,0.05372875556349754,0.5491904020309448,0.611108660697937,0.06025296449661255,0.660683274269104,0.5957300662994385,0.04058434069156647,0.7663465738296509,0.5907342433929443,0.0192295890301466,0.4066750109195709,0.4119536578655243,0.10687293112277985,0.5837309956550598,0.396179735660553,0.08082640171051025,0.7170549035072327,0.3965371549129486,0.04174872860312462,0.8167680501937866,0.4030132293701172,0.012303752824664116,0.37794989347457886,0.39210736751556396,0.04554170370101929,0.5982428193092346,0.3758097290992737,0.021881353110074997,0.7383584976196289,0.37905025482177734,-0.009555138647556305,0.8453869223594666,0.38588306307792664,-0.03416523337364197,0.37256813049316406,0.3946996331214905,-0.021613486111164093,0.596484899520874,0.3720918297767639,-0.04593363031744957,0.734969437122345,0.37700092792510986,-0.060454361140728,0.8355919122695923,0.3847859799861908,-0.07094436883926392,0.3899489939212799,0.41857483983039856,-0.08880104869604111,0.5697041153907776,0.38191574811935425,-0.10739617794752121,0.6853615045547485,0.380665123462677,-0.10655181854963303,0.7777183055877686,0.38756394386291504,-0.10510727763175964,C
0.24699565768241882,0.6908496618270874,1.3571517456512083e-06,0.41769394278526306,0.6651526689529419,0.02688855491578579,0.5434985160827637,0.6133869886398315,0.023713301867246628,0.6647050976753235,0.5975836515426636,0.0013432976556941867,0.7758536338806152,0.5913553237915039,-0.020158683881163597,0.39391809701919556,0.4086415767669678,0.07536724209785461,0.572309136390686,0.39600223302841187,0.03600043058395386,0.7098937630653381,0.40160033106803894,-0.010072716511785984,0.8131641745567322,0.4128972887992859,-0.041211504489183426,0.37351685762405396,0.38797304034233093,0.028298957273364067,0.588516354560852,0.3738831579685211,-0.0047714258544147015,0.7324591279029846,0.3816562592983246,-0.037541359663009644,0.8462350368499756,0.39584633708000183,-0.061035048216581345,0.37553685903549194,0.39088743925094604,-0.026482857763767242,0.5899823904037476,0.3681632876396179,-0.05670672655105591,0.7318216562271118,0.373604953289032,-0.07152149826288223,0.8390653133392334,0.38702815771102905,-0.0800861120223999,0.39546895027160645,0.412800669670105,-0.08346003293991089,0.567284345626831,0.3749873638153076,-0.10483010113239288,0.6817675828933716,0.37179356813430786,-0.10502689331769943,0.7738025188446045,0.3792223036289215,-0.10301263630390167,C
0.22693082690238953,0.7030321359634399,1.2281705039640656e-06,0.4156924784183502,0.6762945652008057,0.05205436795949936,0.5444560647010803,0.6139906644821167,0.06429336220026016,0.663054883480072,0.5948101878166199,0.05113635212182999,0.7732553482055664,0.5929849147796631,0.03805466741323471,0.39791321754455566,0.4054684638977051,0.11289426684379578,0.5788054466247559,0.38895657658576965,0.08397157490253448,0.7157692909240723,0.39359790086746216,0.04324561730027199,0.8186980485916138,0.40439748764038086,0.014590454287827015,0.3748103976249695,0.3872684836387634,0.05330456420779228,0.5906767845153809,0.3669945299625397,0.024804556742310524,0.7395059466362,0.3777567148208618,-0.009853623807430267,0.852367639541626,0.3988153040409088,-0.033718291670084,0.37374424934387207,0.3939899802207947,-0.012779893353581429,0.5892493724822998,0.36518895626068115,-0.03853520378470421,0.7375121116638184,0.37575215101242065,-0.05647292733192444,0.8459727764129639,0.39425739645957947,-0.06752060353755951,0.394626647233963,0.4211612641811371,-0.07915566116571426,0.5690776109695435,0.37962132692337036,-0.09763578325510025,0.6894584894180298,0.376161128282547,-0.09975738078355789,0.786065936088562,0.38376322388648987,-0.09977952390909195,C
0.2307659238576889,0.7002705335617065,1.1010705520675401e-06,0.41626301407814026,0.6664975881576538,0.04092057794332504,0.5442503094673157,0.6120460033416748,0.04106539115309715,0.6606779098510742,0.5958022475242615,0.017715172842144966,0.7726675271987915,0.5962677597999573,-0.005150724668055773,0.3942446708679199,0.40850546956062317,0.09405923634767532,0.57794189453125,0.39195549488067627,0.059048376977443695,0.7130358219146729,0.39584219455718994,0.013785247690975666,0.8165391087532043,0.40852755308151245,-0.018293166533112526,0.3685562312602997,0.39100608229637146,0.03835120052099228,0.5930290222167969,0.36919039487838745,0.00525835482403636,0.7330080270767212,0.37447628378868103,-0.03103817254304886,0.8428705930709839,0.3859425187110901,-0.056381963193416595,0.36775916814804077,0.3947722017765045,-0.024040328338742256,0.5921595096588135,0.36507976055145264,-0.05440176650881767,0.7312297821044922,0.3709947466850281,-0.07328768074512482,0.8340663909912109,0.38572171330451965,-0.08394075185060501,0.3908062279224396,0.41724658012390137,-0.0877223089337349,0.5692313313484192,0.3802303373813629,-0.10834912210702896,0.6800794005393982,0.37922340631484985,-0.1094939112663269,0.7687103748321533,0.3896620571613312,-0.1077469140291214,C
0.2463674694299698,0.6907229423522949,1.2077484825567808e-06,0.42913708090782166,0.664094865322113,0.045716144144535065,0.5557373762130737,0.6123327612876892,0.05265212059020996,0.6671144366264343,0.5943272113800049,0.03412438929080963,0.7755722999572754,0.5943722724914551,0.01504952646791935,0.4174012839794159,0.41963544487953186,0.11837965250015259,0.5821389555931091,0.3949933350086212,0.09099577367305756,0.7142351865768433,0.39685672521591187,0.049367211759090424,0.810226559638977,0.40590226650238037,0.02064925990998745,0.39121851325035095,0.39966630935668945,0.06297306716442108,0.5923428535461426,0.3754357099533081,0.040021754801273346,0.7325559258460999,0.3785592317581177,0.00691421702504158,0.8394460678100586,0.3903000056743622,-0.017515266314148903,0.38344815373420715,0.39797094464302063,-0.0006408190238289535,0.5928029417991638,0.36755266785621643,-0.02328747697174549,0.7315585613250732,0.3733088970184326,-0.039425887167453766,0.8320357799530029,0.3884001672267914,-0.04936497285962105,0.3959818184375763,0.4134221374988556,-0.06549085676670074,0.5715327262878418,0.3757101893424988,-0.07938921451568604,0.6876041889190674,0.3757705092430115,-0.07726958394050598,0.7786428928375244,0.38673684000968933,-0.0745435357093811,C
0.2201067954301834,0.701322078704834,1.145371811617224e-06,0.40991026163101196,0.6711978912353516,0.0350622721016407,0.5408965349197388,0.613754153251648,0.03431612625718117,0.6608383655548096,0.5948098301887512,0.011104745790362358,0.7738194465637207,0.5950033664703369,-0.010979767888784409,0.3940756916999817,0.41116398572921753,0.0879807397723198,0.5769385695457458,0.3922801613807678,0.050091397017240524,0.7155932188034058,0.39738160371780396,0.00484699010848999,0.8204296827316284,0.41065752506256104,-0.026651976630091667,0.37041422724723816,0.39311978220939636,0.03529002517461777,0.5949240922927856,0.3693167269229889,0.0007643859134986997,0.7365398406982422,0.37820932269096375,-0.032841142266988754,0.846912682056427,0.39385780692100525,-0.055909257382154465,0.3715847134590149,0.39697664976119995,-0.02502724714577198,0.5956459045410156,0.36703765392303467,-0.05564936622977257,0.7359930872917175,0.3749067783355713,-0.07250484824180603,0.8397462368011475,0.3928106427192688,-0.0817851573228836,0.39532655477523804,0.41972365975379944,-0.08734181523323059,0.571121871471405,0.37921303510665894,-0.1072741374373436,0.683777928352356,0.3787984251976013,-0.108305424451828,0.7733273506164551,0.3911527693271637,-0.10691320896148682,C
0.2201067954301834,0.701322078704834,1.145371811617224e-06,0.40991026163101196,0.6711978912353516,0.0350622721016407,0.5408965349197388,0.613754153251648,0.03431612625718117,0.6608383655548096,0.5948098301887512,0.011104745790362358,0.7738194465637207,0.5950033664703369,-0.010979767888784409,0.3940756916999817,0.41116398572921753,0.0879807397723198,0.5769385695457458,0.3922801613807678,0.050091397017240524,0.7155932188034058,0.39738160371780396,0.00484699010848999,0.8204296827316284,0.41065752506256104,-0.026651976630091667,0.37041422724723816,0.39311978220939636,0.03529002517461777,0.5949240922927856,0.3693167269229889,0.0007643859134986997,0.7365398406982422,0.37820932269096375,-0.032841142266988754,0.846912682056427,0.39385780692100525,-0.055909257382154465,0.3715847134590149,0.39697664976119995,-0.02502724714577198,0.5956459045410156,0.36703765392303467,-0.05564936622977257,0.7359930872917175,0.3749067783355713,-0.07250484824180603,0.8397462368011475,0.3928106427192688,-0.0817851573228836,0.39532655477523804,0.41972365975379944,-0.08734181523323059,0.571121871471405,0.37921303510665894,-0.1072741374373436,0.683777928352356,0.3787984251976013,-0.108305424451828,0.7733273506164551,0.3911527693271637,-0.10691320896148682,C
0.23924873769283295,0.6971614360809326,1.200787096422573e-06,0.411495566368103,0.6665701270103455,0.03632432222366333,0.5447258353233337,0.6117637157440186,0.032959312200546265,0.6635120511054993,0.5939273834228516,0.00819514412432909,0.7749966979026794,0.5947455167770386,-0.017020346596837044,0.40272092819213867,0.4103306531906128,0.07980184257030487,0.5736823081970215,0.38248342275619507,0.04598519206047058,0.7060007452964783,0.38274720311164856,0.0044803679920732975,0.8052735328674316,0.392483651638031,-0.024661874398589134,0.37507757544517517,0.39501792192459106,0.02711077593266964,0.5864764451980591,0.369709312915802,-0.0016266903840005398,0.7267558574676514,0.3767010569572449,-0.03225758671760559,0.8338863849639893,0.3921928107738495,-0.054700229316949844,0.3714914917945862,0.40169477462768555,-0.03176628798246384,0.5827826261520386,0.3716418147087097,-0.05452940985560417,0.7181426286697388,0.3778778910636902,-0.0645855963230133,0.8168530464172363,0.3929392099380493,-0.07152887433767319,0.38958901166915894,0.42856648564338684,-0.0924166813492775,0.5524381995201111,0.38547274470329285,-0.10504033416509628,0.6618414521217346,0.380428671836853,-0.0997002050280571,0.7472892999649048,0.38761284947395325,-0.09518594294786453,C
0.22697776556015015,0.6919569969177246,1.2976942116438295e-06,0.40900006890296936,0.6629322171211243,0.028240565210580826,0.5402308702468872,0.6129465699195862,0.022384295240044594,0.6579317450523376,0.5969138145446777,-0.0037727905437350273,0.7702150344848633,0.5951857566833496,-0.02899966388940811,0.39008828997612,0.40368109941482544,0.07755591720342636,0.5706274509429932,0.39160576462745667,0.04025387391448021,0.707165002822876,0.3926904499530792,-0.005843134131282568,0.8098788857460022,0.4002484381198883,-0.03817041590809822,0.36553677916526794,0.384729266166687,0.02908417582511902,0.5854717493057251,0.3730758726596832,-0.0035509406588971615,0.7267618179321289,0.377452552318573,-0.037442032247781754,0.8370504379272461,0.3854003846645355,-0.06180181726813316,0.3649412989616394,0.3894793391227722,-0.0265369676053524,0.587099015712738,0.3713163733482361,-0.057749729603528976,0.7235927581787109,0.3782060742378235,-0.07317687571048737,0.8245561718940735,0.390437513589859,-0.08140086382627487,0.3855382204055786,0.4148469865322113,-0.08422313630580902,0.5675533413887024,0.3853500783443451,-0.10616044700145721,0.6795828342437744,0.3861755132675171,-0.1060369685292244,0.7680941820144653,0.3949292302131653,-0.1028381958603859,C
0.2573549151420593,0.6368196606636047,1.350762317997578e-06,0.42031329870224,0.6216396689414978,0.031448446214199066,0.540440559387207,0.5744737982749939,0.03271687030792236,0.6603296399116516,0.5550899505615234,0.011996500194072723,0.7669359445571899,0.5474851131439209,-0.007566876243799925,0.40928831696510315,0.3819684088230133,0.10902217775583267,0.5472025275230408,0.35405826568603516,0.09246283024549484,0.6630106568336487,0.34176814556121826,0.05627996101975441,0.7505313158035278,0.3342288136482239,0.02712634950876236,0.3854590952396393,0.3571416437625885,0.06221017614006996,0.5740918517112732,0.3365122973918915,0.048025332391262054,0.7050653696060181,0.3370095491409302,0.016717225313186646,0.8039939403533936,0.3468644917011261,-0.008206246420741081,0.38224491477012634,0.35363730788230896,0.007773852441459894,0.5762982368469238,0.3272150158882141,-0.0050539239309728146,0.7044551968574524,0.326732873916626,-0.017734939232468605,0.8009832501411438,0.3347988426685333,-0.028123941272497177,0.40264686942100525,0.37037062644958496,-0.04911775141954422,0.563310444355011,0.3342256546020508,-0.05545859411358833,0.6657020449638367,0.32894083857536316,-0.05037948861718178,0.7472792267799377,0.33517584204673767,-0.04725535213947296,C
0.23560619354248047,0.6903358101844788,1.2011668104605633e-06,0.4179808497428894,0.6632555723190308,0.05080607160925865,0.5439777374267578,0.6139386296272278,0.05694975331425667,0.6591825485229492,0.5968936681747437,0.038752179592847824,0.7693818807601929,0.594737708568573,0.019846785813570023,0.40659207105636597,0.4118909239768982,0.10483196377754211,0.579994797706604,0.392650842666626,0.0766952633857727,0.7100233435630798,0.394031286239624,0.037232425063848495,0.8086497187614441,0.3997725546360016,0.008520293049514294,0.37876957654953003,0.39000770449638367,0.046444449573755264,0.5923537611961365,0.3704354465007782,0.02119804359972477,0.7324008941650391,0.3761668801307678,-0.009689727798104286,0.8412973880767822,0.389500230550766,-0.03277614340186119,0.3714880347251892,0.3914947509765625,-0.018125582486391068,0.5882658958435059,0.36601585149765015,-0.04274802654981613,0.7278357744216919,0.3728106617927551,-0.05720864236354828,0.8325158357620239,0.3859155476093292,-0.06673575937747955,0.38736721873283386,0.41413968801498413,-0.08270427584648132,0.5696027278900146,0.3784571588039398,-0.09970537573099136,0.6830229759216309,0.37929049134254456,-0.09856913238763809,0.773799479007721,0.3884608745574951,-0.09662474691867828,C
0.2200859636068344,0.6985771059989929,1.1505530892463867e-06,0.40918487310409546,0.6701037287712097,0.047273632138967514,0.5443568825721741,0.6136816740036011,0.05341404676437378,0.6651566028594971,0.595369815826416,0.034284934401512146,0.7757906913757324,0.5948002934455872,0.015254794619977474,0.40195128321647644,0.40843942761421204,0.11100257188081741,0.5779320597648621,0.38255906105041504,0.08560164272785187,0.7126384377479553,0.3879271149635315,0.04740593954920769,0.8113558292388916,0.40213891863822937,0.0200519822537899,0.37494128942489624,0.3902072310447693,0.055108074098825455,0.5899460911750793,0.36497950553894043,0.03138105571269989,0.7310304641723633,0.3751901686191559,-0.000364600244211033,0.8368678092956543,0.3942568302154541,-0.022994060069322586,0.37203139066696167,0.39471980929374695,-0.007468156982213259,0.5908464193344116,0.36405622959136963,-0.028362372890114784,0.7323212027549744,0.37378406524658203,-0.043358638882637024,0.8336259126663208,0.3933086097240448,-0.05288807675242424,0.3922901153564453,0.418820321559906,-0.07101357728242874,0.5720306634902954,0.3795986771583557,-0.08442037552595139,0.6884421110153198,0.3800105154514313,-0.0829576849937439,0.779664158821106,0.39255088567733765,-0.08050218224525452,C
0.2205767184495926,0.6921985149383545,1.1737321301552583e-06,0.40032318234443665,0.668911874294281,0.035272106528282166,0.5419706106185913,0.6117686033248901,0.03923090547323227,0.6580994129180908,0.591064989566803,0.021154334768652916,0.7650870084762573,0.5876582264900208,0.003511319402605295,0.4079197943210602,0.4213176965713501,0.09778611361980438,0.5761235356330872,0.39977386593818665,0.07063968479633331,0.7077146768569946,0.39793017506599426,0.03111446462571621,0.8056254386901855,0.4045926332473755,0.0024581991601735353,0.37921321392059326,0.39940035343170166,0.04826638847589493,0.5850217938423157,0.37690407037734985,0.025265751406550407,0.7231993675231934,0.3775485157966614,-0.0055385492742061615,0.8314971327781677,0.38377314805984497,-0.02893834188580513,0.3725908696651459,0.3983433246612549,-0.008723583072423935,0.5851242542266846,0.3694019913673401,-0.03330717980861664,0.7213196754455566,0.3718595504760742,-0.04828649014234543,0.8233011364936829,0.381872296333313,-0.057613860815763474,0.3890295624732971,0.41596952080726624,-0.06741641461849213,0.5674019455909729,0.3789438009262085,-0.08492325246334076,0.6814758777618408,0.37614938616752625,-0.08414649963378906,0.7737091183662415,0.38295650482177734,-0.08186317980289459,C
0.22426722943782806,0.6912577152252197,1.1965794328716584e-06,0.40331029891967773,0.6636209487915039,0.044513266533613205,0.5406531095504761,0.6082397699356079,0.04776446893811226,0.6611248254776001,0.5907392501831055,0.027099136263132095,0.7718526124954224,0.5952264070510864,0.006610305048525333,0.3910674750804901,0.401180237531662,0.10238204151391983,0.5673346519470215,0.38103607296943665,0.07802800089120865,0.7030152082443237,0.3829728364944458,0.039669692516326904,0.8033387660980225,0.3939453661441803,0.011405348777770996,0.36504578590393066,0.3831028342247009,0.04747622087597847,0.5793172121047974,0.36425668001174927,0.02948196791112423,0.7199186682701111,0.37036094069480896,0.0029257340356707573,0.828009843826294,0.38286250829696655,-0.0187307707965374,0.3650933504104614,0.3879915177822113,-0.013987901620566845,0.5815783143043518,0.3628934621810913,-0.030908701941370964,0.719258725643158,0.3709243834018707,-0.039810098707675934,0.8202518224716187,0.3875289261341095,-0.04700774699449539,0.3908540904521942,0.41304197907447815,-0.07714837789535522,0.5680972337722778,0.3762703537940979,-0.08819311857223511,0.6830357313156128,0.37816673517227173,-0.08291251212358475,0.7726831436157227,0.3913445770740509,-0.0785205215215683,C
0.23372673988342285,0.6892584562301636,1.341576648883347e-06,0.4147639870643616,0.6619762778282166,0.02463122457265854,0.5432260632514954,0.611444890499115,0.0185116957873106,0.6559025049209595,0.5935678482055664,-0.007631637156009674,0.7687423229217529,0.5891813039779663,-0.032562255859375,0.40495529770851135,0.4120095372200012,0.0798695981502533,0.5778155326843262,0.3930400311946869,0.04115869104862213,0.7136977314949036,0.39317068457603455,-0.0056038848124444485,0.8155099153518677,0.40082651376724243,-0.03779580816626549,0.377192884683609,0.39226385951042175,0.033194415271282196,0.5908061861991882,0.3740527331829071,-0.0015773979248479009,0.7324556708335876,0.37719208002090454,-0.03816048428416252,0.843981921672821,0.38600653409957886,-0.06390931457281113,0.37127166986465454,0.39358842372894287,-0.021428542211651802,0.5901248455047607,0.3712146580219269,-0.053829070180654526,0.7284003496170044,0.37588831782341003,-0.07205354422330856,0.831292986869812,0.3881170153617859,-0.08192615211009979,0.3862791359424591,0.4141484797000885,-0.0783911645412445,0.5685067176818848,0.3818415701389313,-0.10043615847826004,0.6833798885345459,0.38069432973861694,-0.10188557952642441,0.7755235433578491,0.3892788589000702,-0.09999410063028336,C
0.2293752282857895,0.6986685991287231,1.22283768178022e-06,0.4217827618122101,0.6659138202667236,0.04629166051745415,0.5475897789001465,0.6134056448936462,0.05286544933915138,0.6633387804031372,0.5995479822158813,0.03555619716644287,0.7715303897857666,0.6004273295402527,0.019251756370067596,0.3981732726097107,0.4097003936767578,0.10604596883058548,0.582345187664032,0.3990724980831146,0.07164821773767471,0.7178249359130859,0.40103206038475037,0.025636816397309303,0.823240339756012,0.40857169032096863,-0.0073340763337910175,0.36967313289642334,0.38909053802490234,0.04918457567691803,0.5984816551208496,0.3716404438018799,0.015199841931462288,0.7404676675796509,0.37756288051605225,-0.022668858990073204,0.8543335795402527,0.39010900259017944,-0.048798833042383194,0.3658882975578308,0.3911660313606262,-0.01475724671036005,0.5953953266143799,0.37127256393432617,-0.04706748202443123,0.7347029447555542,0.3778141736984253,-0.0695955827832222,0.8402079343795776,0.3908730149269104,-0.08235602080821991,0.3861798048019409,0.4138115644454956,-0.07929717004299164,0.5740770101547241,0.38743042945861816,-0.10202235728502274,0.6864736080169678,0.38904255628585815,-0.10730981081724167,0.7793528437614441,0.39834970235824585,-0.10874664038419724,C
0.24626843631267548,0.691541850566864,1.3820150570609258e-06,0.4190031886100769,0.6678553819656372,0.03618037328124046,0.54686439037323,0.6183589100837708,0.03446761891245842,0.6657584309577942,0.6009877920150757,0.010791398584842682,0.7750988006591797,0.5974496006965637,-0.013242599554359913,0.40244221687316895,0.4100479483604431,0.08800017088651657,0.573199450969696,0.38692331314086914,0.05492710322141647,0.709835410118103,0.39069557189941406,0.011354433372616768,0.8103442192077637,0.40120506286621094,-0.01861490309238434,0.37850409746170044,0.39234504103660583,0.03730808198451996,0.5851718783378601,0.3690718412399292,0.012144079431891441,0.7278410196304321,0.37653425335884094,-0.01849747635424137,0.8379476070404053,0.3918418884277344,-0.041667189449071884,0.3786975145339966,0.39789488911628723,-0.020192883908748627,0.585645854473114,0.36925143003463745,-0.043035756796598434,0.7265549302101135,0.374303936958313,-0.055773865431547165,0.8309451937675476,0.3892369568347931,-0.06444769352674484,0.39924463629722595,0.42375701665878296,-0.07924824953079224,0.5702270865440369,0.38469502329826355,-0.09485695511102676,0.6846942901611328,0.383425772190094,-0.09203123301267624,0.7739328145980835,0.39411023259162903,-0.08866875618696213,C
0.22706355154514313,0.6981775760650635,1.1771680874517187e-06,0.4130168557167053,0.6718902587890625,0.04153360798954964,0.5486968159675598,0.6150456666946411,0.04737698286771774,0.6664077043533325,0.5970882773399353,0.030332865193486214,0.7751555442810059,0.5988635420799255,0.013447037898004055,0.4066539704799652,0.4096571207046509,0.10450855642557144,0.5796881318092346,0.3903800845146179,0.07862871140241623,0.7110515236854553,0.3910263478755951,0.03905518352985382,0.8089534044265747,0.3987092971801758,0.010067075490951538,0.37829267978668213,0.3899627923965454,0.05181252956390381,0.5890278816223145,0.3727348744869232,0.02842854894697666,0.7268263697624207,0.377346396446228,-0.0045999581925570965,0.8351716995239258,0.38728639483451843,-0.0288219153881073,0.3728235363960266,0.39451056718826294,-0.007552775088697672,0.5858676433563232,0.3699367642402649,-0.02992936782538891,0.7226752042770386,0.37556296586990356,-0.04494660347700119,0.8255614638328552,0.38645821809768677,-0.05443326383829117,0.39078378677368164,0.41964536905288696,-0.0682038739323616,0.567436933517456,0.3841154873371124,-0.08280345052480698,0.679617166519165,0.3802717328071594,-0.08088661730289459,0.7706763744354248,0.38400858640670776,-0.07807698845863342,C
0.23475809395313263,0.7001239061355591,1.3127659030942596e-06,0.4143705368041992,0.6728843450546265,0.03364095836877823,0.5427869558334351,0.6189161539077759,0.0331866629421711,0.6603944301605225,0.5991119146347046,0.010554494336247444,0.7698245048522949,0.5938489437103271,-0.011258604936301708,0.39232945442199707,0.4099313020706177,0.09323668479919434,0.5685943961143494,0.3921675682067871,0.05596436187624931,0.7065073847770691,0.39689725637435913,0.008265377022325993,0.8079416751861572,0.4073699414730072,-0.024259015917778015,0.3719474971294403,0.3919527530670166,0.04127321019768715,0.5822385549545288,0.3717678189277649,0.011411207728087902,0.7273354530334473,0.3768780529499054,-0.023125983774662018,0.8408679962158203,0.390632301568985,-0.04781666398048401,0.3731495141983032,0.3972170650959015,-0.018982738256454468,0.5836397409439087,0.3714591860771179,-0.0464349240064621,0.7289083003997803,0.3732997179031372,-0.06287040561437607,0.8393442630767822,0.38484758138656616,-0.07272881269454956,0.3941330909729004,0.4224373400211334,-0.08145107328891754,0.5666203498840332,0.3860524296760559,-0.10023108869791031,0.6819648146629333,0.38075610995292664,-0.10003562271595001,0.7757083773612976,0.387508749961853,-0.09785077720880508,C
0.23640985786914825,0.6955122947692871,1.126362917602819e-06,0.41808784008026123,0.6653125286102295,0.03036934696137905,0.5480852127075195,0.6097529530525208,0.029135173186659813,0.6631262302398682,0.5923842787742615,0.007141531445086002,0.7748494744300842,0.591766893863678,-0.013808024115860462,0.39675772190093994,0.4071415662765503,0.08837994933128357,0.5768334865570068,0.39309900999069214,0.05167953670024872,0.7118699550628662,0.3975960612297058,0.004878734704107046,0.8125057816505432,0.40908607840538025,-0.028311969712376595,0.3704307973384857,0.38992226123809814,0.03837849572300911,0.5939213037490845,0.37141937017440796,0.0039985463954508305,0.7337688207626343,0.3770352602005005,-0.03343234583735466,0.8424514532089233,0.38758957386016846,-0.05962143465876579,0.3684889078140259,0.39314427971839905,-0.01945294626057148,0.5914965271949768,0.36815404891967773,-0.05136151239275932,0.728683352470398,0.3721269369125366,-0.07086580246686935,0.8303923010826111,0.3830341100692749,-0.08163155615329742,0.38844385743141174,0.41591328382492065,-0.07945442199707031,0.5646226406097412,0.3809913098812103,-0.10132068395614624,0.672843873500824,0.3788275122642517,-0.10334297269582748,0.7588005065917969,0.38702309131622314,-0.10223052650690079,C
0.260201632976532,0.6530616283416748,1.407729882885178e-06,0.41350027918815613,0.631072998046875,0.025536751374602318,0.5366900563240051,0.5725067853927612,0.023925120010972023,0.6563761830329895,0.5502435564994812,0.002690784400328994,0.7651883363723755,0.5424936413764954,-0.01707475818693638,0.395705908536911,0.37053510546684265,0.09521126002073288,0.5561370849609375,0.3509383201599121,0.06756030023097992,0.6864814162254333,0.35419297218322754,0.026988109573721886,0.7822058200836182,0.3631875216960907,-0.0018826057203114033,0.3725922107696533,0.35203608870506287,0.048835333436727524,0.5637614727020264,0.3297833502292633,0.026638904586434364,0.7020979523658752,0.3340862989425659,-0.0037239796947687864,0.813083291053772,0.3478606343269348,-0.026354961097240448,0.3736661672592163,0.3559616804122925,-0.006124247796833515,0.5656571984291077,0.3266260623931885,-0.026110731065273285,0.7033926248550415,0.32979971170425415,-0.03538982570171356,0.8078343868255615,0.3406974971294403,-0.041767723858356476,0.3969188332557678,0.3813183009624481,-0.0643812045454979,0.5506126284599304,0.33267122507095337,-0.07788586616516113,0.6543964743614197,0.32632777094841003,-0.07314015179872513,0.7371066808700562,0.3330465257167816,-0.06855357438325882,C
0.24693459272384644,0.6971499919891357,1.3254460782263777e-06,0.41447901725769043,0.6750969290733337,0.028164759278297424,0.5470221042633057,0.6212434768676758,0.029135631397366524,0.6660822033882141,0.6006232500076294,0.010149874724447727,0.7757868766784668,0.5960749983787537,-0.007485909853130579,0.40992310643196106,0.42328670620918274,0.08970930427312851,0.5790783166885376,0.394277423620224,0.05621422827243805,0.7130899429321289,0.39376723766326904,0.012963459827005863,0.8129482865333557,0.40111982822418213,-0.01633472740650177,0.3863799273967743,0.40367618203163147,0.04329691827297211,0.5867257118225098,0.3741019666194916,0.01454373449087143,0.7300559282302856,0.37724390625953674,-0.020315172150731087,0.840423583984375,0.39083734154701233,-0.044757332652807236,0.3851807117462158,0.4055151045322418,-0.011214225552976131,0.5860342383384705,0.37278831005096436,-0.03754502907395363,0.7268600463867188,0.373843252658844,-0.055023033171892166,0.8311905860900879,0.38541486859321594,-0.06547719985246658,0.40313392877578735,0.42463216185569763,-0.06788619607686996,0.5653742551803589,0.3855985105037689,-0.08587930351495743,0.677365779876709,0.37845954298973083,-0.08701752871274948,0.7667685747146606,0.38295188546180725,-0.08589684963226318,C
0.22388245165348053,0.7005190849304199,1.2700243132712785e-06,0.413149356842041,0.6734272837638855,0.04149774834513664,0.5439466238021851,0.6185783743858337,0.04452599957585335,0.6618896126747131,0.6000497937202454,0.024067429825663567,0.7713594436645508,0.5967512130737305,0.003937043249607086,0.39451953768730164,0.4123193621635437,0.09700644761323929,0.5755860805511475,0.3977116346359253,0.0640190839767456,0.7152519822120667,0.39814114570617676,0.01996745355427265,0.8198244571685791,0.40567293763160706,-0.011282081715762615,0.3715496361255646,0.3941505253314972,0.04283999651670456,0.5899237394332886,0.3766475021839142,0.015171347185969353,0.7338448762893677,0.37929314374923706,-0.016698520630598068,0.8468761444091797,0.3886333405971527,-0.040258217602968216,0.3729565441608429,0.39910200238227844,-0.018455253913998604,0.5911747217178345,0.375339150428772,-0.044603489339351654,0.7332650423049927,0.3767392337322235,-0.05887944623827934,0.8405907154083252,0.38601669669151306,-0.06791836768388748,0.39633801579475403,0.42341312766075134,-0.08110237121582031,0.5745100378990173,0.3910441994667053,-0.09931644797325134,0.6901575326919556,0.3862606883049011,-0.09877990186214447,0.7847062349319458,0.3902006149291992,-0.09682850539684296,C
0.24143880605697632,0.6948819756507874,1.1859092410304584e-06,0.42170923948287964,0.6679435968399048,0.05426200106739998,0.5501100420951843,0.6150985360145569,0.06408020108938217,0.6662156581878662,0.5958920121192932,0.047663163393735886,0.7757667303085327,0.5959722995758057,0.03035908378660679,0.4174984395503998,0.41674694418907166,0.11643435806035995,0.5854232907295227,0.3953372836112976,0.0920478031039238,0.7162569165229797,0.3958679139614105,0.055034104734659195,0.814996063709259,0.40246665477752686,0.02806263603270054,0.3905247151851654,0.39531224966049194,0.05657031387090683,0.5974282622337341,0.37577274441719055,0.03555779904127121,0.7365191578865051,0.38154855370521545,0.006969611160457134,0.8449797630310059,0.39559438824653625,-0.014714334160089493,0.3845680356025696,0.39588379859924316,-0.0101771866902709,0.5994153618812561,0.3736215829849243,-0.029506666585803032,0.7373998165130615,0.3797782063484192,-0.042135849595069885,0.8390212059020996,0.39341968297958374,-0.05113222077488899,0.40037769079208374,0.41657355427742004,-0.07744161039590836,0.5801889896392822,0.3822553753852844,-0.08951457589864731,0.6953388452529907,0.3816361427307129,-0.08765337616205215,0.7866412401199341,0.3902612626552582,-0.08610666543245316,C
0.23398174345493317,0.6994426250457764,1.1243057542742463e-06,0.4142663776874542,0.6669423580169678,0.04212968423962593,0.547814130783081,0.6155192255973816,0.0448414646089077,0.6641839742660522,0.6011698246002197,0.023700537160038948,0.774730920791626,0.5970875024795532,0.002592794829979539,0.40861278772354126,0.4214032292366028,0.0997152179479599,0.5843735337257385,0.4019109606742859,0.06816623359918594,0.7181670665740967,0.4021383225917816,0.026055963709950447,0.8194830417633057,0.41075652837753296,-0.0036548771895468235,0.37986716628074646,0.4017333984375,0.045670900493860245,0.5970406532287598,0.37732064723968506,0.01864650845527649,0.7354564666748047,0.38129743933677673,-0.013532706536352634,0.8434082269668579,0.39246001839637756,-0.037360746413469315,0.37503713369369507,0.40355196595191956,-0.015516478568315506,0.5957528352737427,0.37441983819007874,-0.04015984386205673,0.7293501496315002,0.37968772649765015,-0.055891864001750946,0.8270761966705322,0.3943300247192383,-0.06612936407327652,0.3926689326763153,0.42385682463645935,-0.07797370105981827,0.5715898275375366,0.3900468945503235,-0.09425817430019379,0.6805576086044312,0.38959044218063354,-0.09400135278701782,0.7657392024993896,0.40013009309768677,-0.09254341572523117,C
0.2548243999481201,0.6939585208892822,1.4014058251632378e-06,0.4213907718658447,0.672239363193512,0.02240743674337864,0.5494955778121948,0.6224424839019775,0.020340682938694954,0.6691745519638062,0.6061291694641113,-0.0010036836611106992,0.7829760909080505,0.5980570316314697,-0.02127230539917946,0.4230113923549652,0.432354599237442,0.091163769364357,0.5831255316734314,0.4103414714336395,0.05534389987587929,0.7160782217979431,0.41039732098579407,0.010375048965215683,0.8170876502990723,0.41598981618881226,-0.019728632643818855,0.39934930205345154,0.40789875388145447,0.04654090106487274,0.5960308313369751,0.3848658800125122,0.016657423228025436,0.7355101108551025,0.38649874925613403,-0.017465416342020035,0.8490964770317078,0.39647772908210754,-0.04116302356123924,0.3915294408798218,0.4037722647190094,-0.007911463268101215,0.5953708291053772,0.3752179741859436,-0.037917859852313995,0.7367637157440186,0.375823974609375,-0.05563373863697052,0.8483964204788208,0.38616058230400085,-0.06520338356494904,0.39875414967536926,0.41839689016342163,-0.06493277102708817,0.5727994441986084,0.38054823875427246,-0.08616229891777039,0.6888198852539062,0.3767256736755371,-0.08745171129703522,0.7840766310691833,0.3843826651573181,-0.08584825694561005,C
0.2315371334552765,0.704183042049408,1.10569510525238e-06,0.4202878475189209,0.6765062808990479,0.05008828639984131,0.5525718331336975,0.6186939477920532,0.05967705696821213,0.6675609350204468,0.6002885699272156,0.043968986719846725,0.7755354642868042,0.6028103232383728,0.028397737070918083,0.41202542185783386,0.4144158661365509,0.11660818010568619,0.5885101556777954,0.3984590768814087,0.08992742002010345,0.7237904071807861,0.40392836928367615,0.049144845455884933,0.8245710134506226,0.4155815541744232,0.01930016465485096,0.38385117053985596,0.39345747232437134,0.05848199874162674,0.5996924042701721,0.3772968351840973,0.034168388694524765,0.7406401634216309,0.3853723406791687,0.0009299225639551878,0.8513584136962891,0.39731937646865845,-0.02362680621445179,0.37997597455978394,0.3954243063926697,-0.006750667467713356,0.5986073017120361,0.37075406312942505,-0.0313345231115818,0.7402632236480713,0.37944117188453674,-0.0481782965362072,0.8452891111373901,0.3939189910888672,-0.05863004922866821,0.400545209646225,0.417606920003891,-0.07266543060541153,0.5818967819213867,0.380036860704422,-0.08964364975690842,0.695920467376709,0.3821958899497986,-0.08895879983901978,0.7860378623008728,0.3939998149871826,-0.08697536587715149,C
0.24598956108093262,0.6965078115463257,1.2807888651877875e-06,0.4203169047832489,0.6735332608222961,0.030728736892342567,0.5507733821868896,0.6184999942779541,0.03235679864883423,0.668235719203949,0.6030298471450806,0.013180677779018879,0.7766033411026001,0.5972890257835388,-0.006229707971215248,0.41255778074264526,0.4182405471801758,0.09101004898548126,0.5798065662384033,0.3943982720375061,0.056417230516672134,0.7123967409133911,0.39384499192237854,0.010993256233632565,0.8135282397270203,0.40066319704055786,-0.02071526274085045,0.38731545209884644,0.39949941635131836,0.04154098033905029,0.5886743664741516,0.3788681924343109,0.01020906399935484,0.7289369702339172,0.38419950008392334,-0.02784016542136669,0.8394695520401001,0.39626041054725647,-0.054322026669979095,0.38398605585098267,0.4028152823448181,-0.015543614514172077,0.5857571363449097,0.3766317665576935,-0.04460965842008591,0.7214075326919556,0.38101068139076233,-0.06166402995586395,0.824332594871521,0.3902501165866852,-0.07156657427549362,0.39895960688591003,0.4256984293460846,-0.07477463036775589,0.5607689023017883,0.3868066668510437,-0.09563098847866058,0.6693100929260254,0.38002917170524597,-0.09563762694597244,0.7588288187980652,0.3819337487220764,-0.09327254444360733,C
0.22927165031433105,0.6996526718139648,1.1055731192755047e-06,0.420133501291275,0.6689638495445251,0.039768561720848083,0.5498375296592712,0.6153329610824585,0.03763163089752197,0.6654506921768188,0.5985600352287292,0.012279687449336052,0.7770321369171143,0.6034364700317383,-0.013236772269010544,0.40747660398483276,0.4115808308124542,0.09053205698728561,0.5869178175926208,0.3960402011871338,0.058189328759908676,0.7222150564193726,0.40010470151901245,0.013609311543405056,0.8234343528747559,0.41296377778053284,-0.0186916533857584,0.3781513273715973,0.39582619071006775,0.03567556291818619,0.6021044254302979,0.3759783208370209,0.006110602058470249,0.7410089373588562,0.3821326792240143,-0.027717245742678642,0.8461652994155884,0.39156779646873474,-0.05233397334814072,0.37488096952438354,0.40055152773857117,-0.025320684537291527,0.5969752669334412,0.3722841739654541,-0.050264835357666016,0.7350252866744995,0.37718990445137024,-0.06523225456476212,0.8352434039115906,0.38937491178512573,-0.07457122951745987,0.3971284031867981,0.42434990406036377,-0.08801580220460892,0.5733886957168579,0.385562926530838,-0.10353390127420425,0.6837478280067444,0.38413795828819275,-0.10084415972232819,0.7700679898262024,0.39442846179008484,-0.09715067595243454,C
0.22172439098358154,0.7038469910621643,1.1081946240665275e-06,0.41693446040153503,0.6737047433853149,0.049993641674518585,0.548874020576477,0.6161392331123352,0.05757575109601021,0.6683036088943481,0.599145233631134,0.039495643228292465,0.7764195203781128,0.6060367226600647,0.02138545922935009,0.40001267194747925,0.41082486510276794,0.10893389582633972,0.5849503874778748,0.4000035524368286,0.07859441637992859,0.7207340598106384,0.40609607100486755,0.03690927103161812,0.8235003352165222,0.4184688925743103,0.006210200488567352,0.3741075396537781,0.3923065960407257,0.049035005271434784,0.6035344004631042,0.3761879503726959,0.018565848469734192,0.7422066330909729,0.3854367434978485,-0.014359629712998867,0.8495790958404541,0.397967129945755,-0.03715543448925018,0.37362492084503174,0.39764317870140076,-0.017822882160544395,0.6022392511367798,0.37424352765083313,-0.04599705711007118,0.7416240572929382,0.3825216293334961,-0.0622343011200428,0.8442155122756958,0.39672356843948364,-0.071476049721241,0.3972022533416748,0.4233545660972595,-0.08547855168581009,0.5842292904853821,0.39047771692276,-0.10565026849508286,0.6994333863258362,0.39079388976097107,-0.10741627961397171,0.7912585735321045,0.40025603771209717,-0.10693003982305527,C
0.22994005680084229,0.7001229524612427,9.490447610005504e-07,0.4198516607284546,0.6768069267272949,0.060985464602708817,0.5493583083152771,0.6175890564918518,0.08271335810422897,0.6654825806617737,0.5977550148963928,0.07651367038488388,0.7730786800384521,0.5983482599258423,0.06953223049640656,0.4229024052619934,0.4346470236778259,0.13910694420337677,0.5854461193084717,0.40940162539482117,0.12009075284004211,0.7149416208267212,0.4072400629520416,0.08640215545892715,0.8111370205879211,0.4116942584514618,0.061640508472919464,0.3981817066669464,0.4109351336956024,0.07762666046619415,0.6018471121788025,0.38333526253700256,0.05725603178143501,0.7397333383560181,0.3883478045463562,0.026385147124528885,0.8465554714202881,0.40141621232032776,0.004780892748385668,0.39180684089660645,0.40822553634643555,0.00836588442325592,0.6001642346382141,0.37518253922462463,-0.014357069507241249,0.7398828864097595,0.3808726668357849,-0.03396479785442352,0.8431010842323303,0.39400559663772583,-0.0460207425057888,0.4063510298728943,0.4234640300273895,-0.06054144725203514,0.5779696106910706,0.38007065653800964,-0.07787610590457916,0.6915446519851685,0.37970924377441406,-0.08184780925512314,0.7826021909713745,0.39201968908309937,-0.08379634469747543,C
0.25168126821517944,0.6482247114181519,1.091482999981963e-06,0.4110748767852783,0.6325939297676086,0.036244794726371765,0.5402874946594238,0.5735030770301819,0.04567879065871239,0.6560447216033936,0.5512399673461914,0.03484681621193886,0.761731743812561,0.5507836937904358,0.026334309950470924,0.41205939650535583,0.37396135926246643,0.10690927505493164,0.5669523477554321,0.3551064133644104,0.08446244150400162,0.6918078660964966,0.35429102182388306,0.04710101708769798,0.7855162620544434,0.3609520494937897,0.01958472840487957,0.3858344256877899,0.35237962007522583,0.05929024517536163,0.5717868804931641,0.3294106423854828,0.039384420961141586,0.7049699425697327,0.3333476781845093,0.010415032505989075,0.8133517503738403,0.34587210416793823,-0.010717591270804405,0.3830598294734955,0.35362258553504944,0.003972527105361223,0.5723949074745178,0.32544392347335815,-0.017944777384400368,0.7063992619514465,0.32852309942245483,-0.032963912934064865,0.8081802129745483,0.3400548994541168,-0.04187708720564842,0.4047086536884308,0.37479642033576965,-0.05313574895262718,0.5624017715454102,0.33612295985221863,-0.06938958168029785,0.6681424379348755,0.3327215313911438,-0.07041393220424652,0.7554497718811035,0.3408362567424774,-0.06945569068193436,C
0.23180191218852997,0.7075388431549072,1.0813015478561283e-06,0.41783425211906433,0.6771733164787292,0.06604676693677902,0.5521159768104553,0.6200835108757019,0.08297210186719894,0.6679989695549011,0.6059092283248901,0.07140151411294937,0.7731031179428101,0.6123768091201782,0.05854026600718498,0.40124595165252686,0.418850302696228,0.1307116150856018,0.5742414593696594,0.3957071304321289,0.11046872287988663,0.7118995785713196,0.39625072479248047,0.07434950023889542,0.8146834373474121,0.4066627323627472,0.047197435051202774,0.3742857575416565,0.4004811942577362,0.06527958810329437,0.5873401761054993,0.3747166395187378,0.045278046280145645,0.7338113784790039,0.38281479477882385,0.013491122983396053,0.8439692258834839,0.4015345275402069,-0.01046506967395544,0.373015820980072,0.40489405393600464,-0.005773148965090513,0.5867400169372559,0.3731611371040344,-0.023813828825950623,0.7297658920288086,0.3824142813682556,-0.039615608751773834,0.8322412967681885,0.4008418619632721,-0.051203653216362,0.39739298820495605,0.4290240705013275,-0.07643437385559082,0.5688955187797546,0.38671860098838806,-0.08964504301548004,0.684447169303894,0.3860655725002289,-0.09015680104494095,0.7761865854263306,0.39818114042282104,-0.09049125760793686,C
0.24245867133140564,0.7022166848182678,1.0847749081221991e-06,0.4291000962257385,0.6724604368209839,0.05443277209997177,0.556171178817749,0.6199948787689209,0.06475257128477097,0.6698500514030457,0.6040612459182739,0.04966362565755844,0.77318274974823,0.6083753108978271,0.03350244089961052,0.41978931427001953,0.4264453649520874,0.10580211877822876,0.5935873985290527,0.4110771417617798,0.07563427090644836,0.7262266874313354,0.41515234112739563,0.03547660633921623,0.8252911567687988,0.4253205955028534,0.006360369268804789,0.38949576020240784,0.40415236353874207,0.046157363802194595,0.6063024997711182,0.38579246401786804,0.016543865203857422,0.7478877902030945,0.39377132058143616,-0.015391549095511436,0.8573213815689087,0.4078068435192108,-0.03878702223300934,0.38006895780563354,0.4042450189590454,-0.019761767238378525,0.6044951677322388,0.3801099359989166,-0.05108613893389702,0.7446902990341187,0.3894203007221222,-0.07032030075788498,0.8465745449066162,0.40490543842315674,-0.0819239467382431,0.39310282468795776,0.42399948835372925,-0.08496732264757156,0.5802772641181946,0.3908720016479492,-0.10982012748718262,0.695975124835968,0.39454686641693115,-0.11467858403921127,0.7878632545471191,0.40718430280685425,-0.11645165085792542,C
0.24245867133140564,0.7022166848182678,1.0847749081221991e-06,0.4291000962257385,0.6724604368209839,0.05443277209997177,0.556171178817749,0.6199948787689209,0.06475257128477097,0.6698500514030457,0.6040612459182739,0.04966362565755844,0.77318274974823,0.6083753108978271,0.03350244089961052,0.41978931427001953,0.4264453649520874,0.10580211877822876,0.5935873985290527,0.4110771417617798,0.07563427090644836,0.7262266874313354,0.41515234112739563,0.03547660633921623,0.8252911567687988,0.4253205955028534,0.006360369268804789,0.38949576020240784,0.40415236353874207,0.046157363802194595,0.6063024997711182,0.38579246401786804,0.016543865203857422,0.7478877902030945,0.39377132058143616,-0.015391549095511436,0.8573213815689087,0.4078068435192108,-0.03878702223300934,0.38006895780563354,0.4042450189590454,-0.019761767238378525,0.6044951677322388,0.3801099359989166,-0.05108613893389702,0.7446902990341187,0.3894203007221222,-0.07032030075788498,0.8465745449066162,0.40490543842315674,-0.0819239467382431,0.39310282468795776,0.42399948835372925,-0.08496732264757156,0.5802772641181946,0.3908720016479492,-0.10982012748718262,0.695975124835968,0.39454686641693115,-0.11467858403921127,0.7878632545471191,0.40718430280685425,-0.11645165085792542,C
0.2399609237909317,0.7017127275466919,1.1548910379133304e-06,0.4201749563217163,0.676393985748291,0.035217102617025375,0.5532888770103455,0.6225533485412598,0.03784150630235672,0.6679546236991882,0.6065866351127625,0.019876373931765556,0.7770943641662598,0.6056631803512573,0.002727396786212921,0.41107073426246643,0.41925448179244995,0.08837749809026718,0.5877955555915833,0.4077734351158142,0.05333290994167328,0.7209751605987549,0.4113689661026001,0.009077523835003376,0.8208355903625488,0.42060303688049316,-0.022338617593050003,0.3848384916782379,0.39871078729629517,0.03656082972884178,0.6037580370903015,0.3851056694984436,0.0033161442261189222,0.7432031631469727,0.38964182138442993,-0.03156442567706108,0.8524882793426514,0.39696696400642395,-0.05538755655288696,0.38011714816093445,0.4002412259578705,-0.022380439564585686,0.5993438959121704,0.3788960576057434,-0.05558610334992409,0.7355595827102661,0.3860156536102295,-0.07252998650074005,0.8370813727378845,0.3969902992248535,-0.08092042803764343,0.39615315198898315,0.4226154685020447,-0.08269719034433365,0.5732806921005249,0.3883899748325348,-0.10870730876922607,0.6840704679489136,0.38913947343826294,-0.11120709776878357,0.773346483707428,0.39764368534088135,-0.10928155481815338,C
0.23336747288703918,0.7031787633895874,1.2289112873986596e-06,0.42272868752479553,0.6769849061965942,0.052950359880924225,0.5526695251464844,0.6220670342445374,0.0637696385383606,0.6679927110671997,0.6029415726661682,0.049450844526290894,0.7764040231704712,0.605329155921936,0.034212082624435425,0.4131694436073303,0.4224790036678314,0.11069484055042267,0.5910885334014893,0.40502768754959106,0.08570393174886703,0.7260485887527466,0.41042858362197876,0.04769725352525711,0.8267827033996582,0.42041710019111633,0.020005643367767334,0.3874471187591553,0.4010433554649353,0.051766905933618546,0.6025518178939819,0.38385748863220215,0.030452631413936615,0.7457866072654724,0.39137154817581177,0.00045356599730439484,0.8578301668167114,0.40485844016075134,-0.022460948675870895,0.3823331296443939,0.4031122624874115,-0.01346689835190773,0.5993180274963379,0.3784811496734619,-0.03377702459692955,0.7433995008468628,0.38561806082725525,-0.04754027724266052,0.8519120216369629,0.39862143993377686,-0.057515449821949005,0.3994101583957672,0.42543667554855347,-0.07901835441589355,0.5793970227241516,0.38458216190338135,-0.09384168684482574,0.6980873346328735,0.38418346643447876,-0.09238436073064804,0.7936130166053772,0.39378541707992554,-0.09062915295362473,C
0.24096249043941498,0.69741290807724,1.1967440514126793e-06,0.43148285150527954,0.6670255661010742,0.046844448894262314,0.550848662853241,0.6166852116584778,0.05231597274541855,0.6656497120857239,0.6031221151351929,0.03393404185771942,0.774563193321228,0.6008067727088928,0.01562971994280815,0.39404234290122986,0.41085702180862427,0.10319558531045914,0.5822803974151611,0.4064610004425049,0.07004135847091675,0.7189910411834717,0.41142308712005615,0.025520244613289833,0.8209225535392761,0.4213827848434448,-0.006770205684006214,0.36983537673950195,0.3916087746620178,0.04509934410452843,0.6021909117698669,0.3818451166152954,0.011277313344180584,0.745836615562439,0.39001452922821045,-0.026299968361854553,0.8570274710655212,0.4032919406890869,-0.05255121365189552,0.37028253078460693,0.39706119894981384,-0.019553646445274353,0.6008188724517822,0.37658295035362244,-0.051256079226732254,0.7412163019180298,0.38384565711021423,-0.07060045748949051,0.845278263092041,0.3952052891254425,-0.08176662772893906,0.3943054676055908,0.4242323338985443,-0.0846017375588417,0.5757991075515747,0.3898693323135376,-0.1063542366027832,0.6863294839859009,0.38678470253944397,-0.10859008133411407,0.7767024040222168,0.3924388289451599,-0.10821938514709473,C
0.2269597351551056,0.7084906101226807,9.572829640092095e-07,0.4252065420150757,0.6767541170120239,0.06767572462558746,0.5493795871734619,0.6193416714668274,0.0855974406003952,0.662651777267456,0.6009401679039001,0.0730031281709671,0.773057222366333,0.6007546186447144,0.05959882214665413,0.4186481237411499,0.4319095015525818,0.14041313529014587,0.5968196988105774,0.4129995107650757,0.11944836378097534,0.7288178205490112,0.4140329658985138,0.08362437039613724,0.8269532918930054,0.42172759771347046,0.05736371874809265,0.3902049958705902,0.4101470410823822,0.0725395530462265,0.6122233271598816,0.3806647062301636,0.049519285559654236,0.7528953552246094,0.38797178864479065,0.018539216369390488,0.8602255582809448,0.4046168327331543,-0.002582796150818467,0.3842322826385498,0.40953582525253296,-0.0025036281440407038,0.6132197380065918,0.377131849527359,-0.02580043487250805,0.7574413418769836,0.3844926953315735,-0.044772543013095856,0.8615605235099792,0.3991853594779968,-0.056241706013679504,0.40330392122268677,0.42876797914505005,-0.07688712328672409,0.5911784768104553,0.38747334480285645,-0.09169664233922958,0.7062841057777405,0.38886499404907227,-0.09260948747396469,0.7963271141052246,0.4018471837043762,-0.09240558743476868,C
0.24318598210811615,0.7049401998519897,1.2496039971665596e-06,0.42779770493507385,0.6778444051742554,0.04243369400501251,0.556002676486969,0.621035099029541,0.047424498945474625,0.6696943640708923,0.6034614443778992,0.029668021947145462,0.7761447429656982,0.6100143194198608,0.012890537269413471,0.4025188088417053,0.4114815592765808,0.10071742534637451,0.5823278427124023,0.39696869254112244,0.0694015845656395,0.7206422090530396,0.40190908312797546,0.027119899168610573,0.8240221738815308,0.4138564467430115,-0.0029741215985268354,0.37581032514572144,0.3943767249584198,0.046863336116075516,0.5971963405609131,0.3790804147720337,0.01788175478577614,0.7417545318603516,0.3874881863594055,-0.015395932830870152,0.8556070327758789,0.4018081724643707,-0.039308466017246246,0.3761674463748932,0.3998345732688904,-0.013893460854887962,0.5973925590515137,0.37834441661834717,-0.0401499904692173,0.7393701076507568,0.3872189521789551,-0.05621181055903435,0.8451094627380371,0.4035603106021881,-0.06574708223342896,0.4013006389141083,0.4252021014690399,-0.07591395080089569,0.5804398059844971,0.3920496702194214,-0.09276168048381805,0.6939510107040405,0.39160245656967163,-0.09334772080183029,0.7857356071472168,0.40140077471733093,-0.09226473420858383,C
0.24381299316883087,0.7019073367118835,1.1590284429985331e-06,0.4274079501628876,0.6726846694946289,0.03740590438246727,0.5551459789276123,0.6208854913711548,0.03568539768457413,0.6694135665893555,0.6038805842399597,0.01091945543885231,0.7798915505409241,0.6025220155715942,-0.013261038810014725,0.4130829870700836,0.4247623682022095,0.09350509941577911,0.5933251976966858,0.40692412853240967,0.057743895798921585,0.7265077829360962,0.41147857904434204,0.012145264074206352,0.8262660503387451,0.42472028732299805,-0.020022770389914513,0.3853134512901306,0.40752100944519043,0.03904099017381668,0.6111370921134949,0.3819475471973419,0.004895375110208988,0.7502027750015259,0.3878268897533417,-0.032645419239997864,0.8555555939674377,0.40219712257385254,-0.05876336619257927,0.38124921917915344,0.4092952311038971,-0.022598596289753914,0.607892632484436,0.3776542544364929,-0.053877267986536026,0.7480212450027466,0.3830793499946594,-0.07423728704452515,0.8496671915054321,0.39878132939338684,-0.08595900982618332,0.4003746211528778,0.4300750494003296,-0.08555259555578232,0.5825870037078857,0.39480260014533997,-0.10621004551649094,0.6944477558135986,0.3938240110874176,-0.10813793540000916,0.782733678817749,0.4044128656387329,-0.10739680379629135,C
0.24381299316883087,0.7019073367118835,1.1590284429985331e-06,0.4274079501628876,0.6726846694946289,0.03740590438246727,0.5551459789276123,0.6208854913711548,0.03568539768457413,0.6694135665893555,0.6038805842399597,0.01091945543885231,0.7798915505409241,0.6025220155715942,-0.013261038810014725,0.4130829870700836,0.4247623682022095,0.09350509941577911,0.5933251976966858,0.40692412853240967,0.057743895798921585,0.7265077829360962,0.41147857904434204,0.012145264074206352,0.8262660503387451,0.42472028732299805,-0.020022770389914513,0.3853134512901306,0.40752100944519043,0.03904099017381668,0.6111370921134949,0.3819475471973419,0.004895375110208988,0.7502027750015259,0.3878268897533417,-0.032645419239997864,0.8555555939674377,0.40219712257385254,-0.05876336619257927,0.38124921917915344,0.4092952311038971,-0.022598596289753914,0.607892632484436,0.3776542544364929,-0.053877267986536026,0.7480212450027466,0.3830793499946594,-0.07423728704452515,0.8496671915054321,0.39878132939338684,-0.08595900982618332,0.4003746211528778,0.4300750494003296,-0.08555259555578232,0.5825870037078857,0.39480260014533997,-0.10621004551649094,0.6944477558135986,0.3938240110874176,-0.10813793540000916,0.782733678817749,0.4044128656387329,-0.10739680379629135,C
0.23930877447128296,0.7080690860748291,1.2047457857988775e-06,0.42983293533325195,0.6803433895111084,0.0563446544110775,0.5564699769020081,0.6222436428070068,0.06691814213991165,0.6741484999656677,0.6039022207260132,0.0520915649831295,0.7796897888183594,0.6103668808937073,0.037257883697748184,0.3950199484825134,0.40827494859695435,0.10783933848142624,0.5889099836349487,0.3985600173473358,0.07886792719364166,0.7263309955596924,0.40438711643218994,0.039201751351356506,0.8312464952468872,0.4151037633419037,0.010013710707426071,0.3689178228378296,0.39064913988113403,0.04525911435484886,0.6031073927879333,0.37689390778541565,0.0145719014108181,0.7483303546905518,0.3893231451511383,-0.01804760843515396,0.8613185286521912,0.4084222614765167,-0.040665965527296066,0.37229689955711365,0.3990880250930786,-0.02299097180366516,0.6033724546432495,0.3775060176849365,-0.05051765963435173,0.7502295970916748,0.386903315782547,-0.06771457195281982,0.8586108684539795,0.40198707580566406,-0.07821542024612427,0.4023471474647522,0.4294477701187134,-0.09101958572864532,0.5883044600486755,0.3927420675754547,-0.10904659330844879,0.7041682004928589,0.39120104908943176,-0.11083493381738663,0.7981213331222534,0.3984816074371338,-0.11119885742664337,C
0.23403745889663696,0.7012065649032593,1.171824351331452e-06,0.41086336970329285,0.6805499792098999,0.027281515300273895,0.5519446134567261,0.6246581673622131,0.025722892954945564,0.6702147126197815,0.6056827902793884,0.004603781271725893,0.7837924361228943,0.605911374092102,-0.015606614761054516,0.42807379364967346,0.42305848002433777,0.08299043774604797,0.6005589962005615,0.4089614152908325,0.04883192479610443,0.7338484525680542,0.41104647517204285,0.00644471263512969,0.8342929482460022,0.42030519247055054,-0.0240634698420763,0.3970180153846741,0.4019584357738495,0.035527728497982025,0.6123721599578857,0.3884488344192505,0.00358202145434916,0.7485862374305725,0.3939608633518219,-0.029135756194591522,0.8594547510147095,0.40000396966934204,-0.05210421606898308,0.3892092704772949,0.4034837484359741,-0.0198155976831913,0.6062224507331848,0.3825717568397522,-0.05252711474895477,0.7429970502853394,0.3880223035812378,-0.06743034720420837,0.8492266535758972,0.39586353302001953,-0.07489009946584702,0.40282291173934937,0.4258301556110382,-0.07725272327661514,0.5847492814064026,0.3918490409851074,-0.10127583891153336,0.7003747224807739,0.39090070128440857,-0.10232631862163544,0.7957796454429626,0.396596223115921,-0.1001959964632988,C
0.24603593349456787,0.7061889171600342,1.1933400401176186e-06,0.4216354191303253,0.6840144991874695,0.04091579094529152,0.5561935305595398,0.6278996467590332,0.04618954658508301,0.671588122844696,0.6097284555435181,0.028238175436854362,0.7795032262802124,0.6116237640380859,0.010731330141425133,0.42076364159584045,0.42049944400787354,0.1032748743891716,0.5906811356544495,0.3963989019393921,0.0738530382514,0.7257676124572754,0.39923036098480225,0.032033756375312805,0.8266499638557434,0.41019997000694275,0.0019036241574212909,0.3923792541027069,0.4024273753166199,0.04924634099006653,0.5984088182449341,0.3800318241119385,0.02128065936267376,0.7421087026596069,0.3878650367259979,-0.01378780510276556,0.8535130023956299,0.4053366184234619,-0.038684796541929245,0.38956233859062195,0.4071752727031708,-0.012043863534927368,0.5976740121841431,0.3812115490436554,-0.038298655301332474,0.7371711730957031,0.3904244601726532,-0.055521633476018906,0.8405792117118835,0.40935322642326355,-0.0657961294054985,0.4108445644378662,0.4329557418823242,-0.07483173906803131,0.5814021229743958,0.3982124626636505,-0.09361493587493896,0.6947734355926514,0.3994596302509308,-0.09546728432178497,0.7860578894615173,0.41282495856285095,-0.09485499560832977,C
0.24736279249191284,0.699040412902832,1.266957951884251e-06,0.4205809533596039,0.6782153844833374,0.05084510147571564,0.550953209400177,0.6276506781578064,0.05715443566441536,0.6695433855056763,0.61463463306427,0.039920367300510406,0.7758054733276367,0.616722583770752,0.021481279283761978,0.41164785623550415,0.41922029852867126,0.08792024105787277,0.5936108827590942,0.3961988389492035,0.060750704258680344,0.7305120229721069,0.3990168869495392,0.025643620640039444,0.8337094187736511,0.408292680978775,0.00026654169778339565,0.38593390583992004,0.3999737501144409,0.03022930771112442,0.6049578189849854,0.37956956028938293,0.004495230503380299,0.7501400709152222,0.3905748426914215,-0.02286847122013569,0.8595199584960938,0.4106147885322571,-0.04341613128781319,0.3858509361743927,0.40633654594421387,-0.0322563573718071,0.6059744358062744,0.38213905692100525,-0.0561339370906353,0.7477676868438721,0.39254316687583923,-0.0677233561873436,0.851262092590332,0.4088127315044403,-0.07637161761522293,0.4098112881183624,0.433016300201416,-0.09438242018222809,0.5847278833389282,0.39508265256881714,-0.11272086203098297,0.6996310949325562,0.3929397165775299,-0.11297935247421265,0.79288649559021,0.3986372947692871,-0.11271379888057709,C
0.22609028220176697,0.7027637958526611,1.2894174687971827e-06,0.4191308617591858,0.6808115839958191,0.030235659331083298,0.553067147731781,0.6268512010574341,0.0278619397431612,0.6683858036994934,0.6078202724456787,0.004619532730430365,0.7768715620040894,0.606582522392273,-0.01753813959658146,0.40807512402534485,0.41883236169815063,0.080515056848526,0.5894955396652222,0.40536633133888245,0.04529188573360443,0.7270796298980713,0.40816473960876465,0.0008605727343820035,0.8299521803855896,0.41725867986679077,-0.030686385929584503,0.38142919540405273,0.400608628988266,0.030956635251641273,0.6039001941680908,0.38598862290382385,0.0004892651923000813,0.7447613477706909,0.38988441228866577,-0.03176378831267357,0.8560616970062256,0.3954600393772125,-0.054815273731946945,0.3810884356498718,0.40606793761253357,-0.02591322921216488,0.6037984490394592,0.3860529065132141,-0.05525181069970131,0.7423281073570251,0.3894750475883484,-0.06980433315038681,0.8457212448120117,0.39788129925727844,-0.07790365070104599,0.4032570719718933,0.43189096450805664,-0.08478880673646927,0.5841822028160095,0.39909714460372925,-0.10593582689762115,0.6978946924209595,0.39712613821029663,-0.10553266108036041,0.7895751595497131,0.40291646122932434,-0.10256514698266983,C
0.26330241560935974,0.6958490610122681,1.2361433618934825e-06,0.43808579444885254,0.6696104407310486,0.03783725947141647,0.5607682466506958,0.62005215883255,0.04057854041457176,0.6754577159881592,0.6050145626068115,0.021327175199985504,0.7825166583061218,0.6064624190330505,0.0012776072835549712,0.42948588728904724,0.4286516010761261,0.09340797364711761,0.5975639820098877,0.41262832283973694,0.06111402064561844,0.7289140224456787,0.4131219983100891,0.01840045116841793,0.827822208404541,0.41763144731521606,-0.012522405944764614,0.4021892845630646,0.4063302278518677,0.04067317768931389,0.6127672791481018,0.3913841247558594,0.012390203773975372,0.7522938251495361,0.39696308970451355,-0.02093263901770115,0.8606691360473633,0.40713927149772644,-0.04608788713812828,0.3929487466812134,0.40605464577674866,-0.019603746011853218,0.606139600276947,0.38263368606567383,-0.048320114612579346,0.7440681457519531,0.38984769582748413,-0.06549543142318726,0.8468809127807617,0.4013996720314026,-0.07620658725500107,0.40311217308044434,0.42588138580322266,-0.08088735491037369,0.5779231190681458,0.3870149254798889,-0.10194899141788483,0.6885543465614319,0.3883432149887085,-0.1031947061419487,0.7765378952026367,0.3995780050754547,-0.10269880294799805,C
0.24097289144992828,0.6990762948989868,1.1444242318248143e-06,0.4246402382850647,0.6770458221435547,0.04497362673282623,0.5560633540153503,0.6214436292648315,0.05438889190554619,0.6738160848617554,0.6040960550308228,0.039297234266996384,0.7835081219673157,0.6019134521484375,0.02371319755911827,0.4292837381362915,0.4235774874687195,0.10932474583387375,0.5938063263893127,0.40278804302215576,0.07817617058753967,0.7246739864349365,0.402836412191391,0.03630354627966881,0.824959933757782,0.40959811210632324,0.006418734323233366,0.4041261076927185,0.402859628200531,0.0530584417283535,0.6054789423942566,0.38349470496177673,0.022871237248182297,0.7462888956069946,0.39032742381095886,-0.012434176169335842,0.858817458152771,0.40576428174972534,-0.03665541484951973,0.39818474650382996,0.4052879214286804,-0.010975721292197704,0.6057756543159485,0.38206246495246887,-0.04079144820570946,0.7463504076004028,0.38895943760871887,-0.05940129980444908,0.8545118570327759,0.4016558825969696,-0.0699978694319725,0.41142940521240234,0.4284772574901581,-0.07581482827663422,0.5842755436897278,0.3965687155723572,-0.09794802218675613,0.6993471384048462,0.3946658968925476,-0.10150821506977081,0.7944425344467163,0.4011059105396271,-0.10209701955318451,C
0.2462804615497589,0.6941624879837036,1.2426814919308526e-06,0.41560646891593933,0.6766101121902466,0.015389434061944485,0.5575538873672485,0.6214315295219421,0.010530021972954273,0.6735619902610779,0.6010384559631348,-0.009978930465877056,0.7823649048805237,0.5946341156959534,-0.028247227892279625,0.42813000082969666,0.42071306705474854,0.0656374990940094,0.5989316701889038,0.40917646884918213,0.029692184180021286,0.729856014251709,0.40567493438720703,-0.014741707593202591,0.8294668197631836,0.41075894236564636,-0.04720478132367134,0.39585524797439575,0.3987894058227539,0.024931389838457108,0.6096779108047485,0.38596609234809875,-0.009233404882252216,0.7432565093040466,0.38950294256210327,-0.04288708418607712,0.8527518510818481,0.3917350471019745,-0.06625457108020782,0.38880109786987305,0.3995223343372345,-0.023332132026553154,0.6051528453826904,0.38319164514541626,-0.05937442556023598,0.7384979128837585,0.385051965713501,-0.07411757856607437,0.8429732322692871,0.38765719532966614,-0.0811176672577858,0.4052383005619049,0.4206770658493042,-0.07438082247972488,0.5848162770271301,0.3917558193206787,-0.1025322750210762,0.6970536708831787,0.38969358801841736,-0.10414370894432068,0.7903977632522583,0.39148762822151184,-0.10147231072187424,C
0.23207126557826996,0.700529932975769,1.1548661404958693e-06,0.4278371334075928,0.6708822250366211,0.05309193953871727,0.5589132308959961,0.6180052757263184,0.06375369429588318,0.6752541065216064,0.6023471355438232,0.04816136881709099,0.782629132270813,0.6026319265365601,0.03227725997567177,0.4116060733795166,0.4158056974411011,0.1181778758764267,0.5929564833641052,0.40696531534194946,0.09279939532279968,0.7293170690536499,0.413118839263916,0.05288676917552948,0.8309237957000732,0.42437371611595154,0.022932065650820732,0.3868955373764038,0.394487202167511,0.05796920135617256,0.6082596778869629,0.38443881273269653,0.034294113516807556,0.7484613656997681,0.39130228757858276,0.0019087055698037148,0.8579511642456055,0.3993956744670868,-0.02260645106434822,0.3838370442390442,0.3974984288215637,-0.009329132735729218,0.6074338555335999,0.37978222966194153,-0.035395167768001556,0.7485846281051636,0.3888377845287323,-0.052206821739673615,0.8535066843032837,0.4002339839935303,-0.06290843337774277,0.40284037590026855,0.4208719730377197,-0.07691098004579544,0.5903608202934265,0.389712393283844,-0.09874299168586731,0.7106962203979492,0.39243265986442566,-0.10101773589849472,0.808633029460907,0.40259820222854614,-0.10084269940853119,C
0.25085800886154175,0.6989384889602661,1.2596223086802638e-06,0.42999112606048584,0.667999267578125,0.04896531254053116,0.5583447217941284,0.6162762641906738,0.05413428321480751,0.6728318929672241,0.6014726161956787,0.03519770875573158,0.7776074409484863,0.604701578617096,0.0151474978774786,0.41276082396507263,0.4160541892051697,0.09657812863588333,0.5932063460350037,0.39339232444763184,0.06792464107275009,0.7279981374740601,0.3950663208961487,0.029097693040966988,0.8291076421737671,0.40484651923179626,0.0011755058076232672,0.3833376467227936,0.39698973298072815,0.03973883390426636,0.6028842926025391,0.3737375736236572,0.012625101022422314,0.7472391128540039,0.3838401734828949,-0.019408350810408592,0.8553472757339478,0.4037374258041382,-0.042654313147068024,0.3795968294143677,0.4015144109725952,-0.02245795540511608,0.6004869341850281,0.3736126124858856,-0.046524498611688614,0.7390657663345337,0.38501760363578796,-0.06141451746225357,0.8372946977615356,0.4038220942020416,-0.0709383636713028,0.4002750515937805,0.4264039099216461,-0.08477801084518433,0.5738256573677063,0.38561373949050903,-0.09954146295785904,0.6823331713676453,0.38738396763801575,-0.09746822714805603,0.7653980851173401,0.40027350187301636,-0.0949830636382103,C
0.23961924016475677,0.7059061527252197,1.0913925052591367e-06,0.42687103152275085,0.6772855520248413,0.054612696170806885,0.5531938672065735,0.6206755638122559,0.06614448875188828,0.6710718274116516,0.6037322282791138,0.051133494824171066,0.7794408798217773,0.6022376418113708,0.035845473408699036,0.41192662715911865,0.422452449798584,0.11943568289279938,0.589485228061676,0.40327122807502747,0.09044960886240005,0.7221539616584778,0.4046980142593384,0.05006309971213341,0.8216460347175598,0.4119243323802948,0.02149943634867668,0.38503918051719666,0.40276598930358887,0.05722153186798096,0.6035764217376709,0.378892183303833,0.026016714051365852,0.746251106262207,0.3877166509628296,-0.009346871636807919,0.8559690713882446,0.40439552068710327,-0.03274230286478996,0.38006651401519775,0.40396466851234436,-0.012135342694818974,0.600864052772522,0.37671273946762085,-0.04039250686764717,0.7429925203323364,0.38552042841911316,-0.05914369598031044,0.8467204570770264,0.40022778511047363,-0.06973965466022491,0.39769089221954346,0.4245446026325226,-0.081856369972229,0.5739060640335083,0.3863990306854248,-0.10028012096881866,0.6866414546966553,0.38588306307792664,-0.10218529403209686,0.7769412994384766,0.3959665894508362,-0.10201536864042282,C
0.2401767522096634,0.7031750679016113,1.1367138768036966e-06,0.4264407455921173,0.677492082118988,0.03771774843335152,0.5558936595916748,0.6250244379043579,0.03784921392798424,0.670218825340271,0.6091539859771729,0.015408196486532688,0.7768777012825012,0.6086856126785278,-0.006333563476800919,0.4076235890388489,0.41592440009117126,0.09232523292303085,0.58815997838974,0.4007602632045746,0.05893836170434952,0.7239477634429932,0.40649423003196716,0.015593613497912884,0.8235459327697754,0.4211103916168213,-0.014958920888602734,0.3812662661075592,0.3991071879863739,0.039055902510881424,0.6014561057090759,0.37867429852485657,0.0072893681935966015,0.7427372932434082,0.38671788573265076,-0.026478009298443794,0.849766731262207,0.40027302503585815,-0.04953364282846451,0.3836211860179901,0.40556439757347107,-0.02112952619791031,0.6038886904716492,0.3765771687030792,-0.050717342644929886,0.7431671619415283,0.38486576080322266,-0.06627997756004333,0.8421335220336914,0.40133798122406006,-0.07403923571109772,0.41070306301116943,0.4328441023826599,-0.0827658399939537,0.5885133147239685,0.3945818245410919,-0.10215482115745544,0.6990934610366821,0.3932883143424988,-0.10114482790231705,0.7838364839553833,0.403278648853302,-0.0977058932185173,C
0.23975299298763275,0.701673150062561,1.2384909950924339e-06,0.4298854172229767,0.6763061285018921,0.03237052634358406,0.5591142177581787,0.6259284019470215,0.03190115839242935,0.6745350360870361,0.6103088855743408,0.009740104898810387,0.7817981243133545,0.6076529622077942,-0.011384903453290462,0.4074430465698242,0.41944611072540283,0.08626700192689896,0.589936375617981,0.4040606617927551,0.04999515041708946,0.727683424949646,0.41165077686309814,0.006130511872470379,0.8281823396682739,0.4260252118110657,-0.02396846003830433,0.3804541528224945,0.40115612745285034,0.03702693060040474,0.6039894819259644,0.3840464651584625,0.0006958350422792137,0.7451142072677612,0.39645516872406006,-0.03419642895460129,0.8523135185241699,0.41277268528938293,-0.0568581148982048,0.38190019130706787,0.4058399498462677,-0.019707651808857918,0.6069105863571167,0.38133224844932556,-0.05373125895857811,0.7460638284683228,0.39336568117141724,-0.07149355858564377,0.8463528752326965,0.41170158982276917,-0.07924750447273254,0.40780118107795715,0.42979660630226135,-0.07800757884979248,0.5906233787536621,0.3926524221897125,-0.10108964145183563,0.7043569684028625,0.3944946825504303,-0.10321149230003357,0.7932263612747192,0.40730974078178406,-0.10101071745157242,C
0.22750306129455566,0.7077536582946777,1.0769525715659256e-06,0.4244135618209839,0.6787140965461731,0.05011555925011635,0.5575383901596069,0.6262758374214172,0.05081034079194069,0.6704855561256409,0.6111766695976257,0.026182780042290688,0.7793464660644531,0.613883376121521,5.758663519372931e-06,0.4080096185207367,0.4129793047904968,0.08858554810285568,0.5982042551040649,0.3946663737297058,0.05435175448656082,0.7362707853317261,0.40165796875953674,0.01042737253010273,0.8406645655632019,0.4161926507949829,-0.022563733160495758,0.38309621810913086,0.4003943204879761,0.025082971900701523,0.6168268918991089,0.3794623613357544,-0.009245847351849079,0.7597091197967529,0.3902992904186249,-0.04493769258260727,0.8661704063415527,0.4065220057964325,-0.07040945440530777,0.3850608170032501,0.4114202558994293,-0.04328431561589241,0.6108269691467285,0.3831772804260254,-0.07230786234140396,0.7499409914016724,0.39171484112739563,-0.08527794480323792,0.8502087593078613,0.4061491787433624,-0.0939004048705101,0.4102090001106262,0.44416651129722595,-0.11224015802145004,0.5816556215286255,0.4051383435726166,-0.133482426404953,0.6919499039649963,0.402692973613739,-0.13196973502635956,0.7790869474411011,0.41089576482772827,-0.12948721647262573,C
0.2337566316127777,0.7130651473999023,1.1300771802780218e-06,0.4314194917678833,0.6833100318908691,0.05017084255814552,0.5577894449234009,0.6294929385185242,0.05315794423222542,0.6759040951728821,0.6138553023338318,0.029689935967326164,0.7885773181915283,0.6133015751838684,0.005757682491093874,0.40253931283950806,0.4082566797733307,0.1065458431839943,0.5927842855453491,0.39722153544425964,0.07326199859380722,0.7305694818496704,0.40550246834754944,0.028542550280690193,0.835068941116333,0.41890424489974976,-0.00459185428917408,0.3792206645011902,0.3931165933609009,0.042807888239622116,0.6167387962341309,0.3789083957672119,0.0078073423355817795,0.7572004795074463,0.39174172282218933,-0.029833678156137466,0.8656467199325562,0.40894651412963867,-0.05564805492758751,0.3830786347389221,0.4022091329097748,-0.027581837028265,0.6180380582809448,0.38272029161453247,-0.05823083594441414,0.7584971189498901,0.39244192838668823,-0.0758543610572815,0.8612417578697205,0.4076802432537079,-0.08629628270864487,0.40956351161003113,0.43523967266082764,-0.09887312352657318,0.592774510383606,0.4000619351863861,-0.11991837620735168,0.7048715353012085,0.40018099546432495,-0.12098222970962524,0.7945290803909302,0.411125510931015,-0.12002519518136978,C
0.2605629563331604,0.7018121480941772,1.2493362646637252e-06,0.4398688077926636,0.6776918172836304,0.026964260265231133,0.5663316249847412,0.6276420950889587,0.024732163175940514,0.6771867871284485,0.6123777627944946,0.0017116701928898692,0.7859888076782227,0.6057623624801636,-0.020138094201683998,0.4369240701198578,0.4387911260128021,0.08785394579172134,0.6037877798080444,0.4192761182785034,0.04929383099079132,0.7349809408187866,0.423040509223938,0.001365726231597364,0.8338989019393921,0.43307316303253174,-0.03168687969446182,0.40978115797042847,0.4188491404056549,0.039566751569509506,0.6214397549629211,0.3987414240837097,0.0034622899256646633,0.7584158182144165,0.40427204966545105,-0.035161811858415604,0.8648743629455566,0.4124210476875305,-0.06146904081106186,0.40148353576660156,0.4174615144729614,-0.017384670674800873,0.618684709072113,0.39388108253479004,-0.05317271873354912,0.7537401914596558,0.3999437093734741,-0.07452907413244247,0.8525876998901367,0.4106726050376892,-0.08554639667272568,0.41123950481414795,0.4337196350097656,-0.0762944296002388,0.5901028513908386,0.4030890166759491,-0.10201895982027054,0.7014613151550293,0.4046020209789276,-0.10539112985134125,0.7900658249855042,0.41455864906311035,-0.10433120280504227,C
0.2720561623573303,0.7002103328704834,1.3792941899737343e-06,0.42474308609962463,0.6773877143859863,0.0006652312004007399,0.5585628151893616,0.6290639042854309,-0.013316637836396694,0.6769106388092041,0.6122850775718689,-0.040292467921972275,0.7840149402618408,0.6021919846534729,-0.06570932269096375,0.4318394958972931,0.4367949962615967,0.04175316169857979,0.6001350283622742,0.41174787282943726,-0.005489087197929621,0.735217273235321,0.4109213650226593,-0.05432399734854698,0.8349748849868774,0.41776296496391296,-0.08635413646697998,0.40553906559944153,0.4185156226158142,0.008607666939496994,0.6144864559173584,0.3975955843925476,-0.03278190270066261,0.753740668296814,0.40078437328338623,-0.06968798488378525,0.8602932095527649,0.4087357223033905,-0.09438357502222061,0.4002729654312134,0.42017999291419983,-0.03298007696866989,0.6087237596511841,0.3946482539176941,-0.07082762569189072,0.7404353022575378,0.39589300751686096,-0.08676543086767197,0.8378883600234985,0.4036405384540558,-0.09366794675588608,0.40953683853149414,0.43956318497657776,-0.07824470102787018,0.5736268758773804,0.40250495076179504,-0.10515778511762619,0.6822222471237183,0.39585989713668823,-0.10715995728969574,0.7688857316970825,0.39957112073898315,-0.10450589656829834,C
0.26682692766189575,0.6976168155670166,1.1885690582857933e-06,0.4390340745449066,0.6763782501220703,0.03808371350169182,0.5669876337051392,0.6280789971351624,0.04566191881895065,0.6818987131118774,0.610612690448761,0.030067747458815575,0.7886696457862854,0.6056530475616455,0.013741175644099712,0.46102356910705566,0.4418846368789673,0.1106695607304573,0.6140009164810181,0.4143410623073578,0.08268716931343079,0.7394350171089172,0.41417044401168823,0.041776638478040695,0.8333160877227783,0.420166015625,0.013337695971131325,0.4360918700695038,0.4177555441856384,0.05959918722510338,0.6236892938613892,0.39294594526290894,0.03589853644371033,0.7574777603149414,0.39706316590309143,0.002371653448790312,0.8624387979507446,0.4091145396232605,-0.02137141488492489,0.4260517358779907,0.41345131397247314,-0.00013404824130702764,0.6197229623794556,0.3851020038127899,-0.024895351380109787,0.7536960244178772,0.3888278901576996,-0.04223249480128288,0.8553308248519897,0.4017854928970337,-0.052388355135917664,0.43038269877433777,0.42779776453971863,-0.06137436628341675,0.5947480797767639,0.3911176025867462,-0.07992378622293472,0.7055566310882568,0.3888508677482605,-0.08066882938146591,0.7957190275192261,0.39770305156707764,-0.07908590137958527,C
0.26223307847976685,0.6955251693725586,1.2128606385886087e-06,0.43973344564437866,0.6687989830970764,0.032895784825086594,0.564837634563446,0.6219202876091003,0.030118877068161964,0.6784082651138306,0.6084690093994141,0.006823933683335781,0.786815881729126,0.6062750220298767,-0.01563245616853237,0.41675302386283875,0.4180089831352234,0.08453108370304108,0.5978831648826599,0.4102639853954315,0.049280110746622086,0.7312572002410889,0.4165113568305969,0.005490240640938282,0.8282759189605713,0.4268605709075928,-0.02495916560292244,0.39181965589523315,0.4002014696598053,0.03428971767425537,0.6164710521697998,0.39221781492233276,0.0030860239639878273,0.7528212070465088,0.39891260862350464,-0.028993967920541763,0.8573576211929321,0.4057236611843109,-0.0522129200398922,0.39090609550476074,0.40390321612358093,-0.02328847348690033,0.6167188882827759,0.38850855827331543,-0.0519251711666584,0.7487114667892456,0.3932735323905945,-0.06499505788087845,0.843737006187439,0.39974990487098694,-0.07227349281311035,0.4104958176612854,0.4262482523918152,-0.08263972401618958,0.5887205600738525,0.3952457308769226,-0.1016109511256218,0.6963154673576355,0.39235401153564453,-0.09973538666963577,0.780780553817749,0.3971105217933655,-0.09619849175214767,C
0.26086944341659546,0.6989930868148804,1.3119229151925538e-06,0.43371984362602234,0.6752026081085205,0.044704120606184006,0.5599601864814758,0.6230044960975647,0.04969560354948044,0.6785892844200134,0.608363926410675,0.03185354918241501,0.7872166037559509,0.6107183694839478,0.014097560197114944,0.4137956202030182,0.4118283689022064,0.10202254354953766,0.5914579033851624,0.39446038007736206,0.07571651041507721,0.7260962724685669,0.39819642901420593,0.03682851046323776,0.8264783620834351,0.40769484639167786,0.008748467080295086,0.39082735776901245,0.3937024176120758,0.04782913625240326,0.6042780876159668,0.3777903914451599,0.025584058836102486,0.7469934225082397,0.3872005343437195,-0.005362986121326685,0.8574411869049072,0.40553048253059387,-0.028814593330025673,0.39221227169036865,0.4008747339248657,-0.012703688815236092,0.6057986617088318,0.3787124454975128,-0.0322829969227314,0.7468726634979248,0.3860612213611603,-0.04569254443049431,0.8527666926383972,0.40142250061035156,-0.05538597330451012,0.4168320298194885,0.4296436607837677,-0.07414215803146362,0.5902557969093323,0.39480358362197876,-0.08592529594898224,0.7030757665634155,0.3912454843521118,-0.08376944810152054,0.7947270274162292,0.3973753750324249,-0.08188147842884064,C
0.2755139172077179,0.6339989304542542,1.3682397366210353e-06,0.418841153383255,0.6262142658233643,0.00638169702142477,0.550395667552948,0.5780928730964661,0.0011878310469910502,0.6644497513771057,0.5546062588691711,-0.01815265230834484,0.7684876918792725,0.5461492538452148,-0.03598645329475403,0.4340265691280365,0.40339407324790955,0.0700441226363182,0.5793936848640442,0.37474167346954346,0.03783431649208069,0.6981767416000366,0.36654701828956604,-0.00320728262886405,0.7865965366363525,0.3634060323238373,-0.031230855733156204,0.4075607657432556,0.37870219349861145,0.03649526834487915,0.5811717510223389,0.34750890731811523,0.00938183069229126,0.707270622253418,0.3417416214942932,-0.023654285818338394,0.8106860518455505,0.3450424373149872,-0.04656529426574707,0.3983885645866394,0.3716791272163391,-0.006108793895691633,0.572661280632019,0.33340510725975037,-0.03375142812728882,0.6981016397476196,0.3295142650604248,-0.04997960105538368,0.7972152233123779,0.3360913097858429,-0.05821932107210159,0.4065447449684143,0.38165247440338135,-0.05230637267231941,0.5529204607009888,0.3348316550254822,-0.07180973887443542,0.6560232043266296,0.32602763175964355,-0.07301085442304611,0.7411085367202759,0.33144572377204895,-0.07127106934785843,C
0.26176077127456665,0.6921650171279907,1.360903638669697e-06,0.4277394115924835,0.6734923720359802,0.024442564696073532,0.5581791996955872,0.6245456337928772,0.018864667043089867,0.6807716488838196,0.6083512306213379,-0.005728119518607855,0.7948459386825562,0.6034131050109863,-0.030569393187761307,0.42821863293647766,0.42016392946243286,0.07246657460927963,0.6022003889083862,0.4007891118526459,0.03771945461630821,0.7394752502441406,0.40260422229766846,-0.005123506765812635,0.8416913747787476,0.41198408603668213,-0.03534293174743652,0.40558677911758423,0.3988959789276123,0.026500143110752106,0.6169331073760986,0.3828895092010498,-0.0020001123193651438,0.7567782402038574,0.391313761472702,-0.03335452079772949,0.8647233247756958,0.4046095013618469,-0.05675286054611206,0.40352368354797363,0.40080487728118896,-0.02675876021385193,0.6152840852737427,0.37857696413993835,-0.05328324809670448,0.7512193918228149,0.38530999422073364,-0.06484884023666382,0.8529647588729858,0.3965032696723938,-0.07244416326284409,0.41860929131507874,0.423666775226593,-0.082334965467453,0.5889755487442017,0.38422486186027527,-0.10177992284297943,0.701648473739624,0.38252589106559753,-0.09925154596567154,0.7919133901596069,0.39084380865097046,-0.09564727544784546,C
0.2498864233493805,0.7042453289031982,1.039312678585702e-06,0.43422839045524597,0.6740509867668152,0.04859621077775955,0.5611996650695801,0.6215351819992065,0.05846871808171272,0.6750191450119019,0.6077941060066223,0.043637946248054504,0.7807837724685669,0.6090849041938782,0.029809823259711266,0.418140709400177,0.42166200280189514,0.1181754395365715,0.5939413905143738,0.40656816959381104,0.08909282833337784,0.726305365562439,0.40752729773521423,0.04756602644920349,0.8245939612388611,0.414680540561676,0.018239736557006836,0.3927149176597595,0.40209323167800903,0.06110472232103348,0.6094603538513184,0.3837741017341614,0.031976792961359024,0.7470084428787231,0.3905971646308899,-0.0026508518494665623,0.8555878400802612,0.4025258719921112,-0.02636054717004299,0.39144277572631836,0.40320244431495667,-0.0038078264333307743,0.6104527115821838,0.3806978166103363,-0.03190279379487038,0.7476577758789062,0.38520485162734985,-0.051544420421123505,0.8508793711662292,0.3957161605358124,-0.06266715377569199,0.412916362285614,0.4224740266799927,-0.06954718381166458,0.587863028049469,0.39091140031814575,-0.08829198777675629,0.6974949836730957,0.3893687129020691,-0.09125065058469772,0.787678599357605,0.3974365293979645,-0.09153837710618973,C
0.24428990483283997,0.7015796899795532,1.135687057285395e-06,0.4368511736392975,0.6713764667510986,0.05212746560573578,0.5642575025558472,0.6200647950172424,0.059595298022031784,0.6777487397193909,0.6054180860519409,0.04221505671739578,0.7847557067871094,0.6122902631759644,0.024640116840600967,0.4174976646900177,0.4154354929924011,0.10837090760469437,0.6029772162437439,0.40605247020721436,0.07962092012166977,0.7366668581962585,0.4111473262310028,0.03894629701972008,0.8374409675598145,0.42128872871398926,0.00922816526144743,0.39020228385925293,0.3964591324329376,0.04857407882809639,0.6205390095710754,0.38227617740631104,0.018633563071489334,0.7614890336990356,0.3919149935245514,-0.015797069296240807,0.8698896169662476,0.40632450580596924,-0.03980262950062752,0.38820356130599976,0.4007393717765808,-0.017227400094270706,0.6186426877975464,0.37985557317733765,-0.04390989616513252,0.7577370405197144,0.38831329345703125,-0.061835505068302155,0.8595559597015381,0.4022012948989868,-0.07270853221416473,0.4095073938369751,0.4256170094013214,-0.08319739252328873,0.592319667339325,0.39184218645095825,-0.10087248682975769,0.7053930163383484,0.3902702033519745,-0.10247275233268738,0.7970008850097656,0.3984096646308899,-0.10225073248147964,C
0.2670176327228546,0.6948517560958862,1.3168529449103517e-06,0.44398796558380127,0.6727513074874878,0.0327756404876709,0.5665121078491211,0.6237481832504272,0.0324217714369297,0.6796329021453857,0.6076058149337769,0.011144769378006458,0.7865889668464661,0.6070573329925537,-0.00995468720793724,0.42703571915626526,0.42313718795776367,0.08017933368682861,0.6050101518630981,0.40928706526756287,0.04296504706144333,0.7401124238967896,0.413961261510849,-0.0008134216768667102,0.8401763439178467,0.4248502254486084,-0.030430858954787254,0.4018494188785553,0.40224599838256836,0.030665578320622444,0.6152377128601074,0.38761231303215027,-0.0022244066931307316,0.7570745348930359,0.3948974311351776,-0.034963544458150864,0.8676411509513855,0.40877869725227356,-0.05809200927615166,0.3973503112792969,0.4042354226112366,-0.025978323072195053,0.6154217720031738,0.3833972215652466,-0.057134959846735,0.7558215856552124,0.39105507731437683,-0.07394741475582123,0.8609181642532349,0.405529260635376,-0.08332223445177078,0.41241058707237244,0.4258354902267456,-0.08395810425281525,0.5936769843101501,0.3927198648452759,-0.1064671128988266,0.7092759609222412,0.3922501504421234,-0.10840640962123871,0.8013002872467041,0.4009871482849121,-0.10728829354047775,C
0.2516719698905945,0.7030153870582581,1.210599293699488e-06,0.42101308703422546,0.676181435585022,0.031514570116996765,0.5551553964614868,0.6239373087882996,0.0273007582873106,0.6754360198974609,0.6107835173606873,0.0017634797841310501,0.7853444814682007,0.6110728979110718,-0.024423211812973022,0.4324226379394531,0.4234018325805664,0.08189301937818527,0.5986828804016113,0.39737948775291443,0.04615936800837517,0.7300588488578796,0.3986797034740448,0.001667447155341506,0.827842116355896,0.40843504667282104,-0.029557133093476295,0.40342721343040466,0.4065592288970947,0.031439367681741714,0.6077821850776672,0.38435694575309753,0.0005832210881635547,0.7439250946044922,0.39124637842178345,-0.03333911672234535,0.8484183549880981,0.40256279706954956,-0.05748935043811798,0.39631080627441406,0.41133907437324524,-0.026242278516292572,0.6027060747146606,0.3833497166633606,-0.053401753306388855,0.7363388538360596,0.38998278975486755,-0.06622821092605591,0.834532618522644,0.40160325169563293,-0.07365202903747559,0.4094785153865814,0.4366614818572998,-0.08603920787572861,0.5753993391990662,0.396228164434433,-0.104924276471138,0.6854579448699951,0.39345791935920715,-0.10287656635046005,0.7740304470062256,0.40083199739456177,-0.09918785095214844,C
0.2516719698905945,0.7030153870582581,1.210599293699488e-06,0.42101308703422546,0.676181435585022,0.031514570116996765,0.5551553964614868,0.6239373087882996,0.0273007582873106,0.6754360198974609,0.6107835173606873,0.0017634797841310501,0.7853444814682007,0.6110728979110718,-0.024423211812973022,0.4324226379394531,0.4234018325805664,0.08189301937818527,0.5986828804016113,0.39737948775291443,0.04615936800837517,0.7300588488578796,0.3986797034740448,0.001667447155341506,0.827842116355896,0.40843504667282104,-0.029557133093476295,0.40342721343040466,0.4065592288970947,0.031439367681741714,0.6077821850776672,0.38435694575309753,0.0005832210881635547,0.7439250946044922,0.39124637842178345,-0.03333911672234535,0.8484183549880981,0.40256279706954956,-0.05748935043811798,0.39631080627441406,0.41133907437324524,-0.026242278516292572,0.6027060747146606,0.3833497166633606,-0.053401753306388855,0.7363388538360596,0.38998278975486755,-0.06622821092605591,0.834532618522644,0.40160325169563293,-0.07365202903747559,0.4094785153865814,0.4366614818572998,-0.08603920787572861,0.5753993391990662,0.396228164434433,-0.104924276471138,0.6854579448699951,0.39345791935920715,-0.10287656635046005,0.7740304470062256,0.40083199739456177,-0.09918785095214844,C
0.2439163327217102,0.703182578086853,1.1826749641841161e-06,0.43697819113731384,0.6796855926513672,0.028852064162492752,0.5647882223129272,0.6263320446014404,0.026760989800095558,0.6754187941551208,0.6101650595664978,0.004029255826026201,0.7833542227745056,0.6138051152229309,-0.017653625458478928,0.4184788465499878,0.418754518032074,0.08112331479787827,0.5938368439674377,0.40590187907218933,0.041396137326955795,0.7292178869247437,0.4121817946434021,-0.0055607156828045845,0.8300663232803345,0.425642728805542,-0.03808041289448738,0.3935398459434509,0.4017590880393982,0.03132181242108345,0.6129047870635986,0.38657310605049133,-0.006117275450378656,0.7516160011291504,0.3947210907936096,-0.04191361367702484,0.8602167963981628,0.4046395719051361,-0.06561063975095749,0.392852246761322,0.4080827534198761,-0.02639615722000599,0.6110303997993469,0.38560718297958374,-0.06249145790934563,0.7476029396057129,0.39366742968559265,-0.0800405964255333,0.8491489887237549,0.40588149428367615,-0.0881759524345398,0.41232338547706604,0.43487197160720825,-0.08606566488742828,0.5881857872009277,0.40141305327415466,-0.1125950962305069,0.6995816826820374,0.4007206857204437,-0.11522435396909714,0.7892624139785767,0.4084828495979309,-0.11347070336341858,C
0.2554037570953369,0.7044810056686401,1.2445907486835495e-06,0.4411621689796448,0.6777331829071045,0.05402964726090431,0.5614240765571594,0.6255095601081848,0.06520818918943405,0.6758418679237366,0.6077350378036499,0.050746358931064606,0.783957839012146,0.611464262008667,0.03594456985592842,0.417040079832077,0.4253244400024414,0.11741702258586884,0.595810055732727,0.4102865159511566,0.09315584599971771,0.730670154094696,0.4130280613899231,0.05586059018969536,0.8316677808761597,0.4197762608528137,0.02860274165868759,0.39376911520957947,0.403049111366272,0.05837993323802948,0.6148859858512878,0.3875305652618408,0.03501223400235176,0.7578986287117004,0.3975851833820343,0.004368866328150034,0.8679224848747253,0.41384419798851013,-0.01799202337861061,0.3939741253852844,0.4046817123889923,-0.007294108159840107,0.6155272722244263,0.38276243209838867,-0.02998269721865654,0.7591570615768433,0.3930683434009552,-0.046419233083724976,0.8639085292816162,0.4102194607257843,-0.05693506449460983,0.4163369834423065,0.4265197813510895,-0.07300363481044769,0.5951157808303833,0.38832592964172363,-0.08768940716981888,0.7107568979263306,0.3902219831943512,-0.08769670128822327,0.8019013404846191,0.403161883354187,-0.08701693266630173,C
0.2310057282447815,0.711581826210022,1.0929055633823737e-06,0.4183941185474396,0.6846334934234619,0.04745166003704071,0.5550632476806641,0.6272198557853699,0.05448640137910843,0.6742920279502869,0.6103218793869019,0.036992430686950684,0.7878758907318115,0.6132782101631165,0.02009962499141693,0.41174134612083435,0.41880908608436584,0.116323322057724,0.5944071412086487,0.40834009647369385,0.08787306398153305,0.7305883169174194,0.41286730766296387,0.044801976531744,0.832533597946167,0.42290717363357544,0.01271641906350851,0.38720524311065674,0.4004918932914734,0.056491341441869736,0.616447389125824,0.3888242244720459,0.02945941872894764,0.7556037306785583,0.3966233730316162,-0.0057687642984092236,0.8651183843612671,0.4067893624305725,-0.031122682616114616,0.38668882846832275,0.40348494052886963,-0.011022144928574562,0.6134206056594849,0.3841453194618225,-0.03660595044493675,0.7527920007705688,0.3893115520477295,-0.05298835411667824,0.8570939302444458,0.3995688557624817,-0.06323502957820892,0.40781569480895996,0.4270229637622833,-0.08006356656551361,0.585117757320404,0.3946217894554138,-0.09874918311834335,0.698549211025238,0.3929651379585266,-0.09948746860027313,0.7924194931983948,0.40108898282051086,-0.09840354323387146,C
0.2491171807050705,0.7007774114608765,1.303468479818548e-06,0.42414727807044983,0.679158091545105,0.01752357929944992,0.5594126582145691,0.629949688911438,0.009429135359823704,0.67384272813797,0.6142503619194031,-0.0168759748339653,0.78331458568573,0.6099588871002197,-0.04208920896053314,0.4290059804916382,0.4297817647457123,0.06832243502140045,0.59505295753479,0.4133431911468506,0.026111062616109848,0.7319214344024658,0.41253769397735596,-0.02426251582801342,0.8349610567092896,0.41791701316833496,-0.05918445810675621,0.40232333540916443,0.408855140209198,0.024305017665028572,0.610842764377594,0.3949146568775177,-0.01240563951432705,0.7519384622573853,0.39796972274780273,-0.04974336922168732,0.861528217792511,0.4027676582336426,-0.07633157819509506,0.3968155086040497,0.40842634439468384,-0.028082452714443207,0.6111879348754883,0.3895515203475952,-0.06271116435527802,0.7476553916931152,0.39317893981933594,-0.07978852093219757,0.848475456237793,0.40174600481987,-0.08886684477329254,0.41103053092956543,0.4269188344478607,-0.08346900343894958,0.5860196352005005,0.3959890604019165,-0.10908953100442886,0.6987169981002808,0.39528459310531616,-0.11050879955291748,0.7880536317825317,0.40383389592170715,-0.10810242593288422,C
0.23616880178451538,0.7019408941268921,1.161023419626872e-06,0.4213676154613495,0.6787558794021606,0.060976333916187286,0.552480936050415,0.6231324672698975,0.07502099871635437,0.6712599992752075,0.6071039438247681,0.06287109106779099,0.7783570885658264,0.6117705702781677,0.04950312525033951,0.4153355360031128,0.4154852330684662,0.11718477308750153,0.5957920551300049,0.4006265103816986,0.09578531980514526,0.728935182094574,0.4064452052116394,0.06082777678966522,0.8287835121154785,0.41655853390693665,0.03446101024746895,0.3879871368408203,0.3951399028301239,0.054324254393577576,0.6078817844390869,0.37959566712379456,0.032707031816244125,0.7492989301681519,0.3911404311656952,0.0031294834334403276,0.8578645586967468,0.4075552821159363,-0.018626738339662552,0.3839755952358246,0.3998647630214691,-0.013841367326676846,0.602275550365448,0.37652385234832764,-0.03461854159832001,0.744868278503418,0.3877643048763275,-0.048288486897945404,0.8503516316413879,0.4024939239025116,-0.05785750970244408,0.40398967266082764,0.42548632621765137,-0.08146020025014877,0.5813060402870178,0.3870101273059845,-0.09629569947719574,0.6969736814498901,0.38837409019470215,-0.0951971560716629,0.7906430959701538,0.398082971572876,-0.09388735890388489,C
0.22853150963783264,0.7083257436752319,1.1068233334299293e-06,0.4191367030143738,0.6817355751991272,0.058397360146045685,0.5510144233703613,0.6248583793640137,0.07052130252122879,0.6712287068367004,0.6055784225463867,0.05618425831198692,0.7808433175086975,0.606177806854248,0.041016027331352234,0.4133806824684143,0.4217562973499298,0.11888520419597626,0.5912456512451172,0.40556055307388306,0.09608288109302521,0.7217202186584473,0.4070996046066284,0.05930368974804878,0.8196920156478882,0.4144146144390106,0.03169919550418854,0.3884972035884857,0.40258604288101196,0.0555509552359581,0.6030908823013306,0.38306355476379395,0.03224102780222893,0.7433855533599854,0.3896230459213257,0.0005720588960684836,0.8506357669830322,0.4063912034034729,-0.02203623205423355,0.3858983814716339,0.40674689412117004,-0.013626031577587128,0.5991793870925903,0.38002508878707886,-0.033236343413591385,0.7411943674087524,0.3862264156341553,-0.04715369641780853,0.8471269607543945,0.3988707661628723,-0.05690682679414749,0.40752455592155457,0.4320337474346161,-0.08291783928871155,0.58127760887146,0.3910137414932251,-0.09492361545562744,0.6955264806747437,0.38657116889953613,-0.09287527203559875,0.7876108884811401,0.39259636402130127,-0.09115871787071228,C
0.23880715668201447,0.7038807272911072,1.0281825097990804e-06,0.4292249083518982,0.679610550403595,0.05410858616232872,0.5585756897926331,0.6219409108161926,0.06857368350028992,0.674749493598938,0.6038210391998291,0.057406824082136154,0.7829180955886841,0.6072297692298889,0.045359402894973755,0.433475136756897,0.42974716424942017,0.11546292901039124,0.6023116707801819,0.41204097867012024,0.08569885790348053,0.7301801443099976,0.41295838356018066,0.04616587981581688,0.8291170001029968,0.4194347858428955,0.017410356551408768,0.4062766432762146,0.40600380301475525,0.05456866696476936,0.6198819279670715,0.3865286409854889,0.02227635867893696,0.7583702802658081,0.39436301589012146,-0.012894604355096817,0.869556725025177,0.4104779362678528,-0.036430828273296356,0.3954860270023346,0.4039527475833893,-0.01367179024964571,0.6139003038406372,0.381259024143219,-0.046539220958948135,0.7544980049133301,0.3896360993385315,-0.06922042369842529,0.8618398904800415,0.4042893648147583,-0.08211659640073776,0.40361952781677246,0.4219226539134979,-0.08154787868261337,0.5818028450012207,0.38768908381462097,-0.10708912461996078,0.6970425844192505,0.38880202174186707,-0.11531173437833786,0.7927876710891724,0.4000428020954132,-0.11940401047468185,C
0.24641892313957214,0.6992487907409668,1.255950905942882e-06,0.43620142340660095,0.6756747364997864,0.049442775547504425,0.5590939521789551,0.6244192719459534,0.05705547705292702,0.6740307807922363,0.6086347103118896,0.039780355989933014,0.7798269987106323,0.6136376261711121,0.021976813673973083,0.40410494804382324,0.4138965606689453,0.10464668273925781,0.5851094722747803,0.3972455859184265,0.07466275244951248,0.7226043939590454,0.4023094177246094,0.03337942063808441,0.8235940933227539,0.4139459431171417,0.004346603062003851,0.3770367503166199,0.39588215947151184,0.0467376746237278,0.6030058860778809,0.37932148575782776,0.015918616205453873,0.7476675510406494,0.39246317744255066,-0.01904585398733616,0.8547859191894531,0.4108046293258667,-0.04308509826660156,0.37775948643684387,0.4013853967189789,-0.0171799436211586,0.603976845741272,0.3780835270881653,-0.045475203543901443,0.7483105659484863,0.38970017433166504,-0.06363243609666824,0.8501409888267517,0.40729430317878723,-0.07376103103160858,0.40358802676200867,0.4254676103591919,-0.08125893771648407,0.5859372615814209,0.3888874650001526,-0.09939190745353699,0.6994131803512573,0.38920658826828003,-0.09978936612606049,0.787796676158905,0.4001978039741516,-0.0980609804391861,C
0.23900386691093445,0.7089273929595947,9.94076344795758e-07,0.4296538531780243,0.6788462400436401,0.06126033887267113,0.5548301339149475,0.6232308745384216,0.07379550486803055,0.6702142357826233,0.6071972846984863,0.058657702058553696,0.7766079902648926,0.609468936920166,0.04199118912220001,0.4178629517555237,0.4195927679538727,0.12498264014720917,0.5902663469314575,0.4008580446243286,0.09943730384111404,0.721328616142273,0.4016156494617462,0.058335598558187485,0.8214369416236877,0.4114222228527069,0.027093082666397095,0.3926709294319153,0.4032643437385559,0.05920711159706116,0.6078571677207947,0.3802299201488495,0.03276333585381508,0.7452935576438904,0.3880671262741089,-0.0033618102315813303,0.8540204763412476,0.40388938784599304,-0.0289668720215559,0.39206066727638245,0.40785831212997437,-0.012623284943401814,0.6064287424087524,0.38109493255615234,-0.03566433861851692,0.7442904710769653,0.3879971206188202,-0.05207742378115654,0.847072958946228,0.40027186274528503,-0.062834732234478,0.41449490189552307,0.433979868888855,-0.084663525223732,0.582231342792511,0.39187631011009216,-0.09991904348134995,0.691039502620697,0.3889675736427307,-0.09925611317157745,0.7794454097747803,0.39780357480049133,-0.09812438488006592,C
0.2438964992761612,0.6947097778320312,1.3743227782470058e-06,0.42279964685440063,0.6760692596435547,0.027717551216483116,0.5546688437461853,0.6261122226715088,0.0258115716278553,0.6778115034103394,0.6119047999382019,0.0036994197871536016,0.7879972457885742,0.6079025268554688,-0.01799001730978489,0.42003363370895386,0.41695261001586914,0.08424124866724014,0.5932769775390625,0.401568204164505,0.04896543174982071,0.7333283424377441,0.4050477147102356,0.0030670776031911373,0.8361160755157471,0.4151461124420166,-0.0285189226269722,0.3958987295627594,0.3960382044315338,0.03788044676184654,0.6068885326385498,0.384814977645874,0.010695427656173706,0.7504223585128784,0.39250385761260986,-0.022217363119125366,0.8618526458740234,0.40445610880851746,-0.04659917578101158,0.39389854669570923,0.39932382106781006,-0.016169458627700806,0.6038438677787781,0.3781137466430664,-0.041920579969882965,0.7440869808197021,0.38285893201828003,-0.05507195368409157,0.8495485782623291,0.394082248210907,-0.06290531903505325,0.4125296473503113,0.42451393604278564,-0.07265711575746536,0.5845380425453186,0.38711053133010864,-0.09118299186229706,0.6956113576889038,0.3855224847793579,-0.08832072466611862,0.7833116054534912,0.39405620098114014,-0.08377329260110855,C
0.23560117185115814,0.7068785429000854,1.1575921234907582e-06,0.4302307963371277,0.6766376495361328,0.05177623778581619,0.5574637055397034,0.6232278347015381,0.05955961346626282,0.6720355749130249,0.6092582941055298,0.04178497567772865,0.7832871675491333,0.6147510409355164,0.023831160739064217,0.4108310341835022,0.41716867685317993,0.11233317852020264,0.5929888486862183,0.4070879817008972,0.08197909593582153,0.7276118993759155,0.4092383086681366,0.03875597566366196,0.8303395509719849,0.41787999868392944,0.007010722998529673,0.3846380412578583,0.3994051516056061,0.05090532824397087,0.6110467314720154,0.38549113273620605,0.020370738580822945,0.7527107000350952,0.39166462421417236,-0.01594327762722969,0.8649697303771973,0.4038194715976715,-0.04153924062848091,0.3841208815574646,0.4044669270515442,-0.017192112281918526,0.6107107400894165,0.38436359167099,-0.0459495447576046,0.750007688999176,0.39058831334114075,-0.06542810797691345,0.8545560836791992,0.40281543135643005,-0.07710183411836624,0.4075063467025757,0.4300301671028137,-0.08585575968027115,0.5908267498016357,0.3996216654777527,-0.10591874271631241,0.702887773513794,0.39897122979164124,-0.10846377164125443,0.7948082089424133,0.40726253390312195,-0.10851579904556274,C
0.237432599067688,0.7127894759178162,1.0889865507124341e-06,0.43042269349098206,0.6773456335067749,0.05552243813872337,0.5600543022155762,0.6240366697311401,0.06331557780504227,0.6734060049057007,0.6091603636741638,0.044832661747932434,0.7813626527786255,0.6080232858657837,0.025986218824982643,0.40525054931640625,0.41785910725593567,0.11109183728694916,0.59322190284729,0.4071527421474457,0.08050056546926498,0.7312086820602417,0.4160115420818329,0.0380902960896492,0.8346936702728271,0.4306985139846802,0.007432134356349707,0.37890464067459106,0.3986806869506836,0.0483163520693779,0.6135632991790771,0.38392576575279236,0.019577251747250557,0.7558807134628296,0.3954024910926819,-0.013777554966509342,0.8640497922897339,0.4095095694065094,-0.03763149678707123,0.37871095538139343,0.4027251601219177,-0.020662272348999977,0.611515998840332,0.378757119178772,-0.04699176549911499,0.7516254782676697,0.3904826045036316,-0.06111064925789833,0.8514920473098755,0.40628036856651306,-0.06954457610845566,0.4012415409088135,0.42793217301368713,-0.0899333506822586,0.5836216807365417,0.38895168900489807,-0.10850610584020615,0.6973481774330139,0.3906758725643158,-0.10671824216842651,0.7859772443771362,0.4026808738708496,-0.10349801182746887,C
0.24697543680667877,0.7009165287017822,1.2217572020745138e-06,0.4336739182472229,0.6760300993919373,0.05022699385881424,0.5613961815834045,0.6250991821289062,0.059013284742832184,0.6746470332145691,0.6107392311096191,0.04246419668197632,0.783405065536499,0.6120306253433228,0.025406982749700546,0.42424696683883667,0.42531466484069824,0.11575029790401459,0.5971965789794922,0.4095025658607483,0.08985652774572372,0.7284279465675354,0.41257011890411377,0.05000139772891998,0.8262721300125122,0.42106232047080994,0.021332690492272377,0.3967563211917877,0.40335050225257874,0.057948317378759384,0.6068418025970459,0.3873135447502136,0.033909350633621216,0.74712735414505,0.39493831992149353,0.0007134826737456024,0.857075572013855,0.4089544415473938,-0.023531850427389145,0.3916633427143097,0.40475985407829285,-0.006827111355960369,0.6068359017372131,0.381943941116333,-0.03054373525083065,0.746503472328186,0.39153560996055603,-0.04728453978896141,0.8506656885147095,0.40655267238616943,-0.05784549564123154,0.4105696678161621,0.4258655607700348,-0.0720805749297142,0.5899914503097534,0.3912324905395508,-0.0877680778503418,0.703507661819458,0.39284205436706543,-0.0869123712182045,0.7945736646652222,0.40349704027175903,-0.08499541133642197,C
0.2545675039291382,0.6989089250564575,1.0949788702419028e-06,0.43068480491638184,0.6726463437080383,0.024084040895104408,0.5622082352638245,0.6237927675247192,0.01862182468175888,0.6759141683578491,0.6096744537353516,-0.006989576388150454,0.7848369479179382,0.6010693311691284,-0.032795194536447525,0.4418019652366638,0.4401395916938782,0.07531213760375977,0.603621244430542,0.42061156034469604,0.03159293159842491,0.7326446771621704,0.4214469790458679,-0.018514756113290787,0.8289456367492676,0.4277925491333008,-0.053210411220788956,0.4136047065258026,0.4207618534564972,0.02664981596171856,0.6169099807739258,0.40037643909454346,-0.014007852412760258,0.7520039081573486,0.40311503410339355,-0.05341527611017227,0.856252133846283,0.4076221287250519,-0.08031904697418213,0.4033140540122986,0.41993293166160583,-0.03059350699186325,0.6110487580299377,0.39276278018951416,-0.0708196610212326,0.7426074743270874,0.39544326066970825,-0.09044329822063446,0.8397094011306763,0.40260523557662964,-0.09981240332126617,0.409589022397995,0.4378716051578522,-0.08996839821338654,0.5773877501487732,0.4002549648284912,-0.11994826048612595,0.6864607930183411,0.397695392370224,-0.12312115728855133,0.7735960483551025,0.40477481484413147,-0.12149529904127121,C
0.25875675678253174,0.6960485577583313,1.2917200820083963e-06,0.4306364357471466,0.6722965240478516,0.019836189225316048,0.5625717043876648,0.6249025464057922,0.012146646156907082,0.6743283867835999,0.6102049946784973,-0.013876964338123798,0.7810189723968506,0.6052762269973755,-0.039316825568675995,0.4233393967151642,0.42865094542503357,0.06614156812429428,0.5929656028747559,0.4082103669643402,0.021284541115164757,0.727863609790802,0.4077467918395996,-0.028586409986019135,0.8309236764907837,0.4143586754798889,-0.06266139447689056,0.39695093035697937,0.41035333275794983,0.02059854567050934,0.6090382933616638,0.39188483357429504,-0.020770693197846413,0.7490834593772888,0.39397183060646057,-0.05963774770498276,0.8599991798400879,0.40029481053352356,-0.08603159338235855,0.39256179332733154,0.412153959274292,-0.032937631011009216,0.6077021360397339,0.3886929452419281,-0.07264207303524017,0.7419732809066772,0.3909236490726471,-0.09093473851680756,0.8428200483322144,0.3979264497756958,-0.0994553416967392,0.4064903259277344,0.4333612024784088,-0.08883218467235565,0.5781948566436768,0.3983069360256195,-0.11751249432563782,0.6881927251815796,0.3952517509460449,-0.1200842410326004,0.7763400673866272,0.4008741080760956,-0.11809483915567398,C
0.24082279205322266,0.7017418742179871,1.244476607098477e-06,0.4210848808288574,0.6796504855155945,0.0393112413585186,0.5558791756629944,0.62652587890625,0.04371672496199608,0.6751313209533691,0.6084920763969421,0.025716394186019897,0.7844122052192688,0.6092324256896973,0.007070227991789579,0.4253830909729004,0.4265303313732147,0.09582709521055222,0.5996304750442505,0.40271005034446716,0.06737341731786728,0.730302631855011,0.40599942207336426,0.02816173993051052,0.8282086849212646,0.4150468409061432,-0.0002707100356929004,0.3970352113246918,0.4055202603340149,0.043558500707149506,0.6109020113945007,0.3833591938018799,0.018092257902026176,0.7481530904769897,0.3900769352912903,-0.013839611783623695,0.8537257313728333,0.4020389914512634,-0.037264950573444366,0.3892071545124054,0.40798503160476685,-0.01571529358625412,0.6060079336166382,0.3813174366950989,-0.0419054813683033,0.7443441152572632,0.38727858662605286,-0.05972015857696533,0.847164511680603,0.39965951442718506,-0.07082860916852951,0.402636855840683,0.43057718873023987,-0.07588142156600952,0.5846537947654724,0.3959108293056488,-0.09422469884157181,0.698294997215271,0.395649790763855,-0.09535811096429825,0.7885976433753967,0.40403497219085693,-0.09470394998788834,C
0.24751099944114685,0.7029650211334229,1.2821649306715699e-06,0.4286797046661377,0.6711859107017517,0.034364260733127594,0.5565614104270935,0.6216205358505249,0.03196971118450165,0.6711112856864929,0.6077502965927124,0.007617149502038956,0.7821714878082275,0.6034307479858398,-0.016700267791748047,0.4148012399673462,0.4238396883010864,0.08944441378116608,0.5929725170135498,0.40344318747520447,0.05193832889199257,0.7276647686958313,0.4050556421279907,0.005162375513464212,0.8296342492103577,0.41189515590667725,-0.028060274198651314,0.38992759585380554,0.40596601366996765,0.03668561950325966,0.6078569889068604,0.38620054721832275,0.0027310142759233713,0.7481173276901245,0.39171579480171204,-0.0353253111243248,0.8570922017097473,0.4027497172355652,-0.06269732117652893,0.38720789551734924,0.4088204801082611,-0.023568328469991684,0.6053038835525513,0.3844533860683441,-0.05205724760890007,0.7413524389266968,0.3896423280239105,-0.0685110092163086,0.8418805599212646,0.39986681938171387,-0.07870969921350479,0.4047474265098572,0.4311385750770569,-0.08572139590978622,0.5743240714073181,0.3913910388946533,-0.10392726212739944,0.683526337146759,0.38707971572875977,-0.10327553004026413,0.7714197635650635,0.39292097091674805,-0.1013343408703804,C
0.22328592836856842,0.7037009596824646,1.1403219559724675e-06,0.42388635873794556,0.6720713376998901,0.034781817346811295,0.5568859577178955,0.62147057056427,0.03284408152103424,0.6737493276596069,0.6067031621932983,0.007786004804074764,0.7858502268791199,0.6041818857192993,-0.017482705414295197,0.4159199297428131,0.42014655470848083,0.09269300848245621,0.5866142511367798,0.4024758040904999,0.05563255771994591,0.7216576933860779,0.4043194651603699,0.008073950186371803,0.8238648176193237,0.4130169153213501,-0.025845447555184364,0.3875483572483063,0.40136009454727173,0.03934144228696823,0.6101828813552856,0.3841753304004669,0.004245233256369829,0.7486933469772339,0.3931644856929779,-0.03287411853671074,0.852631688117981,0.4045967757701874,-0.05873969942331314,0.38212183117866516,0.40622055530548096,-0.021935205906629562,0.6037397980690002,0.38035884499549866,-0.0550842210650444,0.7400964498519897,0.3878231644630432,-0.07259858399629593,0.8395718336105347,0.4016333222389221,-0.08197680115699768,0.3979732096195221,0.4315560460090637,-0.08490858972072601,0.5713503360748291,0.39451634883880615,-0.10817845165729523,0.6795812845230103,0.39415475726127625,-0.1081579178571701,0.7654352784156799,0.40464088320732117,-0.10541938990354538,C
0.22575277090072632,0.709876298904419,1.1413767424528487e-06,0.42189669609069824,0.6758530139923096,0.04958416521549225,0.5494276881217957,0.6226115226745605,0.056361470371484756,0.6674807667732239,0.6104965209960938,0.037395697087049484,0.7762784957885742,0.61049485206604,0.018381930887699127,0.39544808864593506,0.42323896288871765,0.11097364872694016,0.5795159339904785,0.40617507696151733,0.07861851900815964,0.715243399143219,0.4082392156124115,0.034153301268815994,0.818442702293396,0.41648057103157043,0.0021150936372578144,0.3705170154571533,0.4041622579097748,0.050943948328495026,0.598625898361206,0.3806360065937042,0.019064921885728836,0.7404683232307434,0.38708797097206116,-0.018219729885458946,0.8510633707046509,0.3997819721698761,-0.04435588791966438,0.3714318871498108,0.40778717398643494,-0.016082191839814186,0.5971904993057251,0.3797732889652252,-0.0434250645339489,0.7349328994750977,0.38559725880622864,-0.0619213730096817,0.8361543416976929,0.39803433418273926,-0.07343178242444992,0.3968485891819,0.4311060905456543,-0.08412085473537445,0.5702823400497437,0.39338383078575134,-0.10061448812484741,0.677766740322113,0.39108970761299133,-0.1004900261759758,0.7645765542984009,0.4004645049571991,-0.09944780170917511,C
0.23041267693042755,0.705552339553833,1.2224596730447956e-06,0.4193666875362396,0.6783915162086487,0.047094762325286865,0.5511001348495483,0.6242241859436035,0.052311863750219345,0.6703951358795166,0.6073682308197021,0.03320245072245598,0.7773830890655518,0.6088935732841492,0.014732873998582363,0.3948134183883667,0.40584322810173035,0.09977242350578308,0.5813636779785156,0.39150750637054443,0.06842845678329468,0.7227915525436401,0.4009940028190613,0.027147941291332245,0.825519323348999,0.41829919815063477,-0.0012834209483116865,0.3695850372314453,0.38959184288978577,0.04387171193957329,0.5940337181091309,0.37517040967941284,0.015017807483673096,0.7405206561088562,0.3903581500053406,-0.016268907114863396,0.850859522819519,0.4107099771499634,-0.0383344404399395,0.3733581602573395,0.3985111713409424,-0.018222227692604065,0.5973225831985474,0.37492361664772034,-0.0452042818069458,0.7424964904785156,0.3902108669281006,-0.05894883722066879,0.845765233039856,0.4116869270801544,-0.0662924200296402,0.40312016010284424,0.42680901288986206,-0.08095399290323257,0.5878699421882629,0.3893115222454071,-0.09877058118581772,0.7051955461502075,0.3934609889984131,-0.09671153128147125,0.7946571111679077,0.4079133868217468,-0.0928681343793869,C
0.2371993064880371,0.7151823043823242,1.1353666877766955e-06,0.42378634214401245,0.68133944272995,0.053782735019922256,0.5485386848449707,0.6283368468284607,0.05898519605398178,0.6640660762786865,0.6115759015083313,0.03849658742547035,0.7758294343948364,0.60750412940979,0.017833787947893143,0.40125128626823425,0.4158254861831665,0.10990401357412338,0.5880924463272095,0.4007566571235657,0.08134198188781738,0.7264024615287781,0.4062615931034088,0.038266509771347046,0.8309811353683472,0.41971996426582336,0.005962229799479246,0.3777572810649872,0.39846375584602356,0.04677719622850418,0.6058559417724609,0.37930262088775635,0.020086463540792465,0.7512844800949097,0.3881540298461914,-0.01552981324493885,0.8634941577911377,0.4065316319465637,-0.04230137914419174,0.38011449575424194,0.4030707776546478,-0.02243158221244812,0.6052910685539246,0.38013747334480286,-0.043369490653276443,0.7495005130767822,0.38733839988708496,-0.05845996364951134,0.8548741340637207,0.4016551673412323,-0.07014095783233643,0.4074031710624695,0.4285086691379547,-0.0925617665052414,0.578071117401123,0.3886929750442505,-0.10676302760839462,0.6882079243659973,0.38554877042770386,-0.10569416731595993,0.777062177658081,0.39493680000305176,-0.10472588241100311,C
0.23785635828971863,0.7086393237113953,1.137518211180577e-06,0.42068642377853394,0.6774047613143921,0.03968726471066475,0.5563833117485046,0.625701904296875,0.03952071815729141,0.6718636155128479,0.6097183227539062,0.015978753566741943,0.7805553078651428,0.6102496981620789,-0.007115318905562162,0.4164595305919647,0.4244349002838135,0.09731503576040268,0.5965470671653748,0.40941083431243896,0.0638439729809761,0.7304964065551758,0.4160468280315399,0.020108822733163834,0.8303232192993164,0.42861413955688477,-0.010938414372503757,0.38920506834983826,0.4039572477340698,0.042556487023830414,0.6143826246261597,0.3862898349761963,0.012122640386223793,0.7526977062225342,0.39393728971481323,-0.02167387865483761,0.8586158752441406,0.4043504595756531,-0.04573095589876175,0.38506990671157837,0.40445536375045776,-0.019565176218748093,0.6113730669021606,0.38097167015075684,-0.047436464577913284,0.7466959357261658,0.3891904950141907,-0.062380600720644,0.8445417881011963,0.4032636880874634,-0.07096201181411743,0.40121254324913025,0.4242709279060364,-0.08323473483324051,0.5795640349388123,0.39084121584892273,-0.10150433331727982,0.6887026429176331,0.3929371237754822,-0.09985063970088959,0.7735646963119507,0.40545767545700073,-0.09665876626968384,C
0.22408020496368408,0.7071404457092285,1.0038062328021624e-06,0.4230703115463257,0.6764457821846008,0.05839641019701958,0.5505793690681458,0.6230190992355347,0.06664753705263138,0.6671913862228394,0.609981119632721,0.047030847519636154,0.7837769985198975,0.6136554479598999,0.02600347064435482,0.40631169080734253,0.4176599383354187,0.11729714274406433,0.585179328918457,0.4075816869735718,0.08919762820005417,0.7204341292381287,0.4123889207839966,0.045705147087574005,0.8242844343185425,0.42261433601379395,0.012945148162543774,0.3783554136753082,0.39871275424957275,0.05126623436808586,0.6089638471603394,0.38132795691490173,0.023817675188183784,0.7502925395965576,0.39013051986694336,-0.011601817794144154,0.857866644859314,0.4030475616455078,-0.0381624810397625,0.3748789429664612,0.40352997183799744,-0.02105901576578617,0.6040655374526978,0.3750390410423279,-0.047617387026548386,0.7449475526809692,0.38435155153274536,-0.06523702293634415,0.8476688861846924,0.39850103855133057,-0.07681829482316971,0.39675435423851013,0.4299885928630829,-0.09329978376626968,0.5805365443229675,0.3884221911430359,-0.11172779649496078,0.6946446895599365,0.3905986547470093,-0.11059632152318954,0.784270703792572,0.4045448899269104,-0.10890602320432663,C
0.268257737159729,0.6958627700805664,1.3528505178328487e-06,0.4392227232456207,0.6750669479370117,0.022885877639055252,0.5612152218818665,0.6275919675827026,0.015443538315594196,0.676025390625,0.6120447516441345,-0.010839647613465786,0.7832307815551758,0.610927939414978,-0.037256885319948196,0.4275609850883484,0.4250372350215912,0.06606459617614746,0.597104549407959,0.40648239850997925,0.023690376430749893,0.7304394245147705,0.40950313210487366,-0.023682627826929092,0.8305062055587769,0.4190812408924103,-0.05577536299824715,0.3997257351875305,0.40561726689338684,0.019448425620794296,0.6077301502227783,0.3880307674407959,-0.017584819346666336,0.7460926175117493,0.39447611570358276,-0.0516924150288105,0.8550095558166504,0.40655946731567383,-0.07516779005527496,0.3940269947052002,0.40899085998535156,-0.0349363312125206,0.6037787795066833,0.38402891159057617,-0.06931300461292267,0.740465521812439,0.3883765935897827,-0.0841883048415184,0.8442884683609009,0.3998207747936249,-0.09161122143268585,0.40791216492652893,0.4331962466239929,-0.09156893193721771,0.5797950029373169,0.39583081007003784,-0.11612848937511444,0.6909791827201843,0.39217403531074524,-0.11677668988704681,0.7802367210388184,0.397987425327301,-0.11430227756500244,C
0.268257737159729,0.6958627700805664,1.3528505178328487e-06,0.4392227232456207,0.6750669479370117,0.022885877639055252,0.5612152218818665,0.6275919675827026,0.015443538315594196,0.676025390625,0.6120447516441345,-0.010839647613465786,0.7832307815551758,0.610927939414978,-0.037256885319948196,0.4275609850883484,0.4250372350215912,0.06606459617614746,0.597104549407959,0.40648239850997925,0.023690376430749893,0.7304394245147705,0.40950313210487366,-0.023682627826929092,0.8305062055587769,0.4190812408924103,-0.05577536299824715,0.3997257351875305,0.40561726689338684,0.019448425620794296,0.6077301502227783,0.3880307674407959,-0.017584819346666336,0.7460926175117493,0.39447611570358276,-0.0516924150288105,0.8550095558166504,0.40655946731567383,-0.07516779005527496,0.3940269947052002,0.40899085998535156,-0.0349363312125206,0.6037787795066833,0.38402891159057617,-0.06931300461292267,0.740465521812439,0.3883765935897827,-0.0841883048415184,0.8442884683609009,0.3998207747936249,-0.09161122143268585,0.40791216492652893,0.4331962466239929,-0.09156893193721771,0.5797950029373169,0.39583081007003784,-0.11612848937511444,0.6909791827201843,0.39217403531074524,-0.11677668988704681,0.7802367210388184,0.397987425327301,-0.11430227756500244,C
0.2502566874027252,0.7091595530509949,1.2266021940376959e-06,0.4244985580444336,0.6843306422233582,0.04178852587938309,0.5553910732269287,0.631247341632843,0.0452001690864563,0.6716774702072144,0.6146330833435059,0.026283178478479385,0.7807590961456299,0.6112457513809204,0.006830889265984297,0.42275458574295044,0.4289385676383972,0.08729898184537888,0.5968785881996155,0.4113503098487854,0.0541582889854908,0.7323571443557739,0.41443106532096863,0.01217969972640276,0.8345953226089478,0.4235084652900696,-0.01783372461795807,0.3965027630329132,0.4089460074901581,0.03257337957620621,0.6066297292709351,0.3898758888244629,0.0043827202171087265,0.7485120296478271,0.39666905999183655,-0.027274271473288536,0.8576337099075317,0.4117291271686554,-0.05087319016456604,0.3918551206588745,0.41344907879829407,-0.028398269787430763,0.6039639115333557,0.3896810710430145,-0.053775329142808914,0.7423741221427917,0.3970426321029663,-0.06719445437192917,0.8453868627548218,0.4106921851634979,-0.07635517418384552,0.4068145155906677,0.4401489794254303,-0.09030280262231827,0.5801482200622559,0.4027242958545685,-0.10877082496881485,0.6933013796806335,0.40092968940734863,-0.10809113085269928,0.7844988703727722,0.40808188915252686,-0.10645550489425659,C
0.23680996894836426,0.7160924673080444,1.0792215334731736e-06,0.4239726662635803,0.68384850025177,0.04938720166683197,0.5481469035148621,0.6313658952713013,0.05724100396037102,0.6649262309074402,0.6149124503135681,0.03944757953286171,0.7745700478553772,0.6118946075439453,0.02286382205784321,0.4087737500667572,0.4346342980861664,0.11915919184684753,0.5926237106323242,0.42002081871032715,0.0908048003911972,0.7279707193374634,0.4250970482826233,0.048606082797050476,0.8278034925460815,0.43520718812942505,0.018568482249975204,0.382011353969574,0.4141344726085663,0.060759302228689194,0.6075560450553894,0.39052584767341614,0.03325188159942627,0.7495406270027161,0.39698877930641174,-0.001399804838001728,0.859054684638977,0.40979769825935364,-0.026030810549855232,0.3801394999027252,0.41447576880455017,-0.005466543138027191,0.6070884466171265,0.38782235980033875,-0.031228061765432358,0.7487074136734009,0.39392682909965515,-0.05018889904022217,0.8518354892730713,0.4081302285194397,-0.061808738857507706,0.403430700302124,0.43272364139556885,-0.07264018803834915,0.5841631889343262,0.3979414999485016,-0.08957154303789139,0.695850670337677,0.3975481688976288,-0.09108878672122955,0.7857604026794434,0.40864887833595276,-0.09080831706523895,C
0.24879983067512512,0.7017652988433838,1.332430088041292e-06,0.4291923940181732,0.6785740256309509,0.02373623661696911,0.5587027668952942,0.630892276763916,0.015724966302514076,0.6733143925666809,0.6130653619766235,-0.011156788095831871,0.782528281211853,0.6102457046508789,-0.03718167170882225,0.4091074764728546,0.4192598760128021,0.061596229672431946,0.5914493799209595,0.40721285343170166,0.019996922463178635,0.7306731343269348,0.4110260605812073,-0.02678043581545353,0.8357890844345093,0.42177334427833557,-0.05921711400151253,0.38251054286956787,0.4012383818626404,0.014909220859408379,0.6065558791160583,0.39044463634490967,-0.02224024012684822,0.7491499781608582,0.39779233932495117,-0.0559099055826664,0.8580807447433472,0.40895402431488037,-0.07980861514806747,0.3809412121772766,0.4077264666557312,-0.03866264596581459,0.6065520644187927,0.3904968202114105,-0.07252451032400131,0.7440425157546997,0.3974112868309021,-0.08780878782272339,0.8452944755554199,0.4102276861667633,-0.09600970149040222,0.40131473541259766,0.43546801805496216,-0.09428389370441437,0.5841646790504456,0.40573856234550476,-0.11916729807853699,0.6978462934494019,0.40457335114479065,-0.12050400674343109,0.7880588173866272,0.41295260190963745,-0.11821036785840988,C
0.24947670102119446,0.6976001858711243,1.2000355127383955e-06,0.4281878173351288,0.6746295690536499,0.036766838282346725,0.5559834241867065,0.6277765035629272,0.03745251148939133,0.6726409792900085,0.6143385171890259,0.016749396920204163,0.778980016708374,0.6114110946655273,-0.005162060260772705,0.42995402216911316,0.42421987652778625,0.08103528618812561,0.5991373658180237,0.40888458490371704,0.04368574544787407,0.7327414751052856,0.4111582040786743,-0.001609444385394454,0.8346556425094604,0.41942596435546875,-0.033705856651067734,0.40403708815574646,0.4046653211116791,0.027856284752488136,0.6131832003593445,0.3918395936489105,-0.005177102982997894,0.7522299289703369,0.39924004673957825,-0.03978985548019409,0.861805260181427,0.4116111397743225,-0.06502898037433624,0.39808762073516846,0.4098212420940399,-0.03208773583173752,0.6089702248573303,0.3888915777206421,-0.06403383612632751,0.7453324198722839,0.3956160545349121,-0.07921385020017624,0.8498145341873169,0.40637773275375366,-0.08817975968122482,0.4104526937007904,0.43789955973625183,-0.09303437173366547,0.5810533761978149,0.3986387848854065,-0.11713587492704391,0.6914362907409668,0.3945437967777252,-0.11773894727230072,0.7824333906173706,0.399833083152771,-0.11607483774423599,C
0.24942053854465485,0.7085227966308594,1.1110249715784448e-06,0.4324150085449219,0.6805592775344849,0.04495906084775925,0.5583365559577942,0.6277980208396912,0.052233949303627014,0.6736459732055664,0.6127129197120667,0.034967198967933655,0.7825952768325806,0.6154468059539795,0.016909664496779442,0.4327649474143982,0.436882346868515,0.10858984291553497,0.5993586778640747,0.41998612880706787,0.0758080780506134,0.7287096977233887,0.42116498947143555,0.03222128003835678,0.8280941247940063,0.42617347836494446,0.0006925096968188882,0.40581944584846497,0.4149589240550995,0.05120695009827614,0.6163569092750549,0.3967359960079193,0.0187968909740448,0.7529630661010742,0.40345585346221924,-0.01756720058619976,0.8619624376296997,0.4149661958217621,-0.04313112050294876,0.395506352186203,0.4125624895095825,-0.014238863252103329,0.6105427742004395,0.3915863037109375,-0.04640590026974678,0.7458510398864746,0.39718329906463623,-0.06721030920743942,0.8474149703979492,0.4075934886932373,-0.07945127040147781,0.4022066593170166,0.4288569688796997,-0.08052729815244675,0.5782127380371094,0.39728909730911255,-0.10404551029205322,0.6887286305427551,0.3981070816516876,-0.10905363410711288,0.7794986963272095,0.4074854552745819,-0.11107324808835983,C
0.24942053854465485,0.7085227966308594,1.1110249715784448e-06,0.4324150085449219,0.6805592775344849,0.04495906084775925,0.5583365559577942,0.6277980208396912,0.052233949303627014,0.6736459732055664,0.6127129197120667,0.034967198967933655,0.7825952768325806,0.6154468059539795,0.016909664496779442,0.4327649474143982,0.436882346868515,0.10858984291553497,0.5993586778640747,0.41998612880706787,0.0758080780506134,0.7287096977233887,0.42116498947143555,0.03222128003835678,0.8280941247940063,0.42617347836494446,0.0006925096968188882,0.40581944584846497,0.4149589240550995,0.05120695009827614,0.6163569092750549,0.3967359960079193,0.0187968909740448,0.7529630661010742,0.40345585346221924,-0.01756720058619976,0.8619624376296997,0.4149661958217621,-0.04313112050294876,0.395506352186203,0.4125624895095825,-0.014238863252103329,0.6105427742004395,0.3915863037109375,-0.04640590026974678,0.7458510398864746,0.39718329906463623,-0.06721030920743942,0.8474149703979492,0.4075934886932373,-0.07945127040147781,0.4022066593170166,0.4288569688796997,-0.08052729815244675,0.5782127380371094,0.39728909730911255,-0.10404551029205322,0.6887286305427551,0.3981070816516876,-0.10905363410711288,0.7794986963272095,0.4074854552745819,-0.11107324808835983,C
0.23286551237106323,0.7128832340240479,1.071095425686508e-06,0.4305149018764496,0.6834518909454346,0.057625994086265564,0.5621405839920044,0.6274356842041016,0.07064855843782425,0.6798813343048096,0.6117615103721619,0.05624201148748398,0.7829251885414124,0.6165387034416199,0.04184039682149887,0.41119852662086487,0.4230758249759674,0.12048038095235825,0.5911791324615479,0.40405938029289246,0.09274960309267044,0.7246745228767395,0.4089895486831665,0.05348730832338333,0.8263044357299805,0.4204524755477905,0.024958735331892967,0.381823867559433,0.40406277775764465,0.057931408286094666,0.6082006692886353,0.3821229338645935,0.026807034388184547,0.7485747337341309,0.39451175928115845,-0.0078709302470088,0.8571110367774963,0.4133199453353882,-0.030548978596925735,0.38045093417167664,0.40880534052848816,-0.011155564337968826,0.6078860759735107,0.3834230303764343,-0.04050518199801445,0.748085618019104,0.3950860798358917,-0.05996805801987648,0.8502631187438965,0.4132940471172333,-0.07031375169754028,0.40388235449790955,0.43400052189826965,-0.0802101343870163,0.5887496471405029,0.3992585837841034,-0.09999676048755646,0.7017946243286133,0.40206584334373474,-0.10312341898679733,0.7925654649734497,0.4152114689350128,-0.10338088124990463,C
0.2796950936317444,0.6950476169586182,1.408166099281516e-06,0.4466230869293213,0.6776219606399536,0.02611449360847473,0.5630995631217957,0.6327502727508545,0.02364160493016243,0.6825827360153198,0.6190873384475708,0.0017423339886590838,0.7918276786804199,0.6137073636054993,-0.019594525918364525,0.43111473321914673,0.4324274957180023,0.08700604736804962,0.6017308235168457,0.41818156838417053,0.052745673805475235,0.7348693609237671,0.42103129625320435,0.0076699526980519295,0.8321834802627563,0.42802390456199646,-0.023719673976302147,0.40966328978538513,0.40965622663497925,0.041102085262537,0.6143969893455505,0.39677613973617554,0.011679406277835369,0.75667804479599,0.4029983580112457,-0.023118380457162857,0.8673704862594604,0.41427743434906006,-0.04907260462641716,0.40605297684669495,0.40929752588272095,-0.013300176709890366,0.6152889728546143,0.38871321082115173,-0.042347345501184464,0.75635826587677,0.394944965839386,-0.060392316430807114,0.861652135848999,0.40639805793762207,-0.07197141647338867,0.4200507700443268,0.4277859032154083,-0.06964221596717834,0.592553436756134,0.39598485827445984,-0.09159883856773376,0.7054128646850586,0.39454519748687744,-0.09391830116510391,0.797056257724762,0.40129736065864563,-0.09393957257270813,C
0.23587407171726227,0.7120019197463989,1.1228595440115896e-06,0.431769460439682,0.6831055283546448,0.055976491421461105,0.5631100535392761,0.6280860900878906,0.06662074476480484,0.6802918910980225,0.613213837146759,0.05195130407810211,0.7836313247680664,0.6214556694030762,0.03680657595396042,0.41301923990249634,0.4146309494972229,0.10951902717351913,0.597518801689148,0.40652963519096375,0.07934249192476273,0.733353853225708,0.412548691034317,0.03712297976016998,0.8360942602157593,0.4250340163707733,0.006200169678777456,0.38587573170661926,0.39748361706733704,0.047253482043743134,0.6142761707305908,0.386913925409317,0.01617172546684742,0.756333589553833,0.3981321454048157,-0.01935172826051712,0.867712140083313,0.41521304845809937,-0.04367154836654663,0.38476288318634033,0.40422993898391724,-0.02059401385486126,0.6117855310440063,0.3864685595035553,-0.04762332886457443,0.7524904012680054,0.3961302638053894,-0.06491590291261673,0.8575271368026733,0.41051724553108215,-0.07502572238445282,0.40586233139038086,0.4333636462688446,-0.08852623403072357,0.5862901210784912,0.3998483419418335,-0.10719982534646988,0.6964532136917114,0.3988543152809143,-0.10867294669151306,0.7857162952423096,0.4070068597793579,-0.10792011767625809,C
0.2580001652240753,0.716041088104248,1.1229947176616406e-06,0.43323954939842224,0.6876873970031738,0.04131424054503441,0.5597830414772034,0.6341755390167236,0.04898427054286003,0.6724957227706909,0.6142591834068298,0.03345305100083351,0.7814220190048218,0.613044023513794,0.018114136531949043,0.44446730613708496,0.44363656640052795,0.11326558142900467,0.6072560548782349,0.4235072731971741,0.08266889303922653,0.7348117232322693,0.42256078124046326,0.03938135504722595,0.8329901099205017,0.4274812638759613,0.008330723270773888,0.41566002368927,0.4194224178791046,0.05778411030769348,0.6180920004844666,0.39674490690231323,0.028975939378142357,0.7534170150756836,0.4009545147418976,-0.007375579793006182,0.8641220927238464,0.41326117515563965,-0.0328826904296875,0.4041859805583954,0.4155746102333069,-0.006371554918587208,0.6115285754203796,0.3900022804737091,-0.035442087799310684,0.7468359470367432,0.39471185207366943,-0.05409478023648262,0.8518907427787781,0.40639737248420715,-0.06480492651462555,0.4100988507270813,0.4323732852935791,-0.07198190689086914,0.5802600383758545,0.3969177305698395,-0.09219227731227875,0.6887472867965698,0.3948688507080078,-0.09398502856492996,0.7783987522125244,0.40208619832992554,-0.09363243728876114,C
0.2769160270690918,0.7041748762130737,1.2478978987928713e-06,0.44438692927360535,0.6772640943527222,0.030573897063732147,0.5665068030357361,0.6276713609695435,0.03172772750258446,0.6787488460540771,0.6116117238998413,0.01152779720723629,0.7863829731941223,0.6017580032348633,-0.008481401018798351,0.42353251576423645,0.44422608613967896,0.0879257544875145,0.596994161605835,0.42440342903137207,0.04902930185198784,0.7314873933792114,0.42535895109176636,0.0030316871125251055,0.8321977853775024,0.43158039450645447,-0.028591031208634377,0.39836016297340393,0.4221814274787903,0.03838357329368591,0.616396963596344,0.4030953347682953,0.0021241577342152596,0.7560440897941589,0.40784698724746704,-0.03562793508172035,0.8647255301475525,0.41499143838882446,-0.061773881316185,0.39378979802131653,0.4199947118759155,-0.019488509744405746,0.6171169281005859,0.3977721333503723,-0.05602435767650604,0.7501324415206909,0.4028509855270386,-0.07585949450731277,0.8470232486724854,0.41044601798057556,-0.08613956719636917,0.40669378638267517,0.43608278036117554,-0.07883770763874054,0.5843115448951721,0.4012860953807831,-0.105277419090271,0.6956151127815247,0.40036410093307495,-0.10822444409132004,0.7847908139228821,0.40823400020599365,-0.10727649182081223,C
0.2523766756057739,0.7105362415313721,1.3039599480180186e-06,0.4296214282512665,0.6877537965774536,0.04787345603108406,0.5534258484840393,0.6352106928825378,0.050964463502168655,0.6735947132110596,0.6186699867248535,0.030392374843358994,0.783332884311676,0.6202280521392822,0.009713633917272091,0.4220646321773529,0.42370665073394775,0.10237141698598862,0.598070502281189,0.4070526659488678,0.07230920344591141,0.7311374545097351,0.4096871018409729,0.029079187661409378,0.8326703906059265,0.41839006543159485,-0.003354100277647376,0.39618435502052307,0.4044060707092285,0.04255125671625137,0.6133438348770142,0.38921722769737244,0.014042948372662067,0.7568134665489197,0.397979199886322,-0.02137828804552555,0.8695278167724609,0.41390061378479004,-0.04748652130365372,0.39384111762046814,0.40918490290641785,-0.02348407171666622,0.6083213686943054,0.3853793740272522,-0.04895984008908272,0.7521393299102783,0.3926001489162445,-0.06373188644647598,0.8605430126190186,0.40606483817100525,-0.07385613769292831,0.415270060300827,0.43776029348373413,-0.09011413902044296,0.5877363085746765,0.4001714289188385,-0.10772886872291565,0.6997753381729126,0.39711156487464905,-0.10680437088012695,0.7913583517074585,0.4040718674659729,-0.10543956607580185,C
0.28040990233421326,0.7002449631690979,1.4083300357015105e-06,0.43557897210121155,0.6842475533485413,0.009852973744273186,0.5603576898574829,0.6358495354652405,0.0016958076739683747,0.6820010542869568,0.6214922666549683,-0.02198810689151287,0.7912874817848206,0.6177984476089478,-0.043996185064315796,0.43282535672187805,0.43639886379241943,0.06821902096271515,0.5960652232170105,0.41495397686958313,0.029598433524370193,0.7272058725357056,0.4147418141365051,-0.015560146421194077,0.8222681283950806,0.4215938448905945,-0.045481402426958084,0.40830740332603455,0.41468775272369385,0.032751258462667465,0.6079393625259399,0.3974839448928833,0.002150583080947399,0.741815447807312,0.40240204334259033,-0.029227349907159805,0.8487959504127502,0.4104006886482239,-0.051080092787742615,0.4047120213508606,0.4150482714176178,-0.0120484484359622,0.6050381064414978,0.3916264474391937,-0.04176297038793564,0.7377773523330688,0.39240118861198425,-0.055253077298402786,0.8398407697677612,0.4007006287574768,-0.06180264428257942,0.4181786775588989,0.4355502426624298,-0.06029697507619858,0.5835508704185486,0.40242552757263184,-0.08075512945652008,0.6904812455177307,0.3978436291217804,-0.07969789206981659,0.7770177125930786,0.4032977223396301,-0.0760277807712555,C
0.25082194805145264,0.7069961428642273,1.195338541037927e-06,0.4329577386379242,0.683967649936676,0.032722633332014084,0.5572056770324707,0.6363045573234558,0.0353105366230011,0.673599898815155,0.622550368309021,0.015479249879717827,0.7854808568954468,0.620128870010376,-0.003305791411548853,0.4313303530216217,0.4464157819747925,0.10509023815393448,0.5994126200675964,0.4304129481315613,0.07044509798288345,0.7310826778411865,0.42882585525512695,0.0248981062322855,0.8297010064125061,0.4320129454135895,-0.0070426082238554955,0.40554776787757874,0.42242830991744995,0.05473226681351662,0.612228274345398,0.4011532962322235,0.023957910016179085,0.7497246265411377,0.4041299521923065,-0.01173233613371849,0.8591891527175903,0.4148261845111847,-0.03681061416864395,0.39997848868370056,0.4198496639728546,-0.005139071960002184,0.6094459295272827,0.39405953884124756,-0.03532969951629639,0.7443513870239258,0.3968755006790161,-0.05419476330280304,0.8464998006820679,0.40850886702537537,-0.06440743803977966,0.41433632373809814,0.43752357363700867,-0.06717827171087265,0.5864823460578918,0.4038495719432831,-0.08729398250579834,0.6967041492462158,0.4011440575122833,-0.0898551195859909,0.7870321869850159,0.4095706045627594,-0.08964303880929947,C
0.2715054452419281,0.7093051671981812,1.2172876040494884e-06,0.44608089327812195,0.6850293874740601,0.04410332441329956,0.5655979514122009,0.6326488256454468,0.05516596883535385,0.683586835861206,0.6159529685974121,0.043183594942092896,0.7897266149520874,0.6155685186386108,0.03215505927801132,0.42611193656921387,0.4325251281261444,0.11237676441669464,0.5996042490005493,0.41623273491859436,0.08300121128559113,0.7326527833938599,0.41972988843917847,0.043001823127269745,0.8304444551467896,0.4282447397708893,0.015346660278737545,0.4052371382713318,0.40987446904182434,0.05882510542869568,0.6169614195823669,0.393812894821167,0.03025892935693264,0.7600709199905396,0.4035862684249878,-0.0038670615758746862,0.8702803254127502,0.4209270477294922,-0.027358803898096085,0.40360701084136963,0.40928715467453003,-0.0027225606609135866,0.617887556552887,0.39083290100097656,-0.031611714512109756,0.7598116993904114,0.39999744296073914,-0.05188312008976936,0.8636046648025513,0.4150247573852539,-0.06333906948566437,0.41970184445381165,0.4273339509963989,-0.06484732031822205,0.5947026610374451,0.3988758325576782,-0.08495371043682098,0.7076976299285889,0.3999439477920532,-0.08895890414714813,0.7985837459564209,0.40950360894203186,-0.08993001282215118,C
0.24751721322536469,0.7114388942718506,1.1921716804863536e-06,0.43134528398513794,0.6871851086616516,0.06951022148132324,0.5600022673606873,0.633430540561676,0.08795689791440964,0.6766412854194641,0.6166457533836365,0.07796044647693634,0.7842535972595215,0.6190373301506042,0.06623873114585876,0.4284018874168396,0.4339372217655182,0.13642743229866028,0.6006596088409424,0.41711270809173584,0.12268693000078201,0.7323936820030212,0.4176566004753113,0.09049516916275024,0.8323683142662048,0.4228613078594208,0.06463932991027832,0.40452465415000916,0.4112897515296936,0.06964819878339767,0.6168624758720398,0.39582136273384094,0.05802756920456886,0.7593885660171509,0.4021446108818054,0.030178777873516083,0.8692566156387329,0.4158763289451599,0.007041954901069403,0.40015506744384766,0.4125332534313202,-0.0026083022821694613,0.6150421500205994,0.38909438252449036,-0.014876020140945911,0.7564206123352051,0.3970486521720886,-0.02657906338572502,0.8614882230758667,0.41062232851982117,-0.037277281284332275,0.4170452356338501,0.43526333570480347,-0.07407805323600769,0.5906941890716553,0.3977336287498474,-0.08335743844509125,0.7038357853889465,0.39571526646614075,-0.080630823969841,0.7950171232223511,0.4018746316432953,-0.07979664206504822,C
0.2521130442619324,0.7107620239257812,1.111113078877679e-06,0.43631356954574585,0.6845362186431885,0.04371828958392143,0.5628048181533813,0.6323800086975098,0.05141309276223183,0.678530216217041,0.6176614165306091,0.0346960723400116,0.7877024412155151,0.6175424456596375,0.017987383529543877,0.43352800607681274,0.4391513764858246,0.11125750094652176,0.6027716398239136,0.42182058095932007,0.08091473579406738,0.73350590467453,0.4227181375026703,0.03975341096520424,0.8321608901023865,0.4291442632675171,0.010539006441831589,0.40752434730529785,0.41689208149909973,0.055551741272211075,0.6167086958885193,0.39619261026382446,0.02477107383310795,0.7545782327651978,0.4046474099159241,-0.010267792269587517,0.8616131544113159,0.4197431802749634,-0.03386596217751503,0.40117359161376953,0.41671040654182434,-0.008353132754564285,0.6144381761550903,0.39097845554351807,-0.03838789835572243,0.7537311315536499,0.39875468611717224,-0.05848027393221855,0.8566354513168335,0.4133923053741455,-0.06947591155767441,0.4142836928367615,0.4362585246562958,-0.07316327095031738,0.5879372954368591,0.400691956281662,-0.09418342262506485,0.7009525299072266,0.3996511399745941,-0.098159059882164,0.7925715446472168,0.4093534052371979,-0.09909457713365555,C
0.236086905002594,0.7141836285591125,1.0621091632856405e-06,0.429448664188385,0.6859444379806519,0.06002015620470047,0.5591530203819275,0.6330370306968689,0.07198305428028107,0.6739646196365356,0.6166023015975952,0.056476231664419174,0.7793138027191162,0.619977593421936,0.04009213298559189,0.4198146164417267,0.42905548214912415,0.12061163783073425,0.5989477634429932,0.41440969705581665,0.0933561846613884,0.7335479855537415,0.4166894257068634,0.05312792584300041,0.8352473974227905,0.4254642128944397,0.023380963131785393,0.3945229649543762,0.41042229533195496,0.054996512830257416,0.6167391538619995,0.3918001055717468,0.027297690510749817,0.758125364780426,0.3991420567035675,-0.007383218500763178,0.8684635162353516,0.41417673230171204,-0.03201337531208992,0.39337658882141113,0.4144934415817261,-0.0168650783598423,0.6152294874191284,0.3895880877971649,-0.04122288152575493,0.756038248538971,0.39579829573631287,-0.05820596218109131,0.8609020709991455,0.4076836109161377,-0.06948434561491013,0.41460055112838745,0.4396139681339264,-0.08881259709596634,0.5878793597221375,0.40052318572998047,-0.10506533086299896,0.6973851919174194,0.39784225821495056,-0.10570615530014038,0.7855139374732971,0.4067140519618988,-0.10570705682039261,C
0.26918888092041016,0.7209681272506714,1.2428433819877682e-06,0.4285437762737274,0.6924940943717957,0.02670920640230179,0.5583059191703796,0.637491762638092,0.0199795663356781,0.676892876625061,0.617790699005127,-0.006331255659461021,0.7891829609870911,0.6174231767654419,-0.03191428259015083,0.4258778691291809,0.43748077750205994,0.07609152793884277,0.5952181816101074,0.4099224805831909,0.037390951067209244,0.7267197966575623,0.4108586311340332,-0.0077467444352805614,0.8284109830856323,0.42080849409103394,-0.039509791880846024,0.39881467819213867,0.4201422929763794,0.025289388373494148,0.6051675081253052,0.39110690355300903,-0.008701923303306103,0.7471635341644287,0.3976711928844452,-0.042895667254924774,0.8585675954818726,0.41495275497436523,-0.06743938475847244,0.3933517336845398,0.4248266816139221,-0.03344061225652695,0.5972952842712402,0.39233219623565674,-0.06224196031689644,0.7377709746360779,0.3970821797847748,-0.07501643151044846,0.842423677444458,0.413152813911438,-0.08306440711021423,0.40820303559303284,0.4509587287902832,-0.09495791047811508,0.5667167901992798,0.4067808985710144,-0.11378206312656403,0.6794137954711914,0.39859139919281006,-0.113136425614357,0.7702957391738892,0.40386736392974854,-0.11175263673067093,C
0.2904486656188965,0.6278872489929199,1.4329001487567439e-06,0.421987920999527,0.6206074357032776,-0.004216701257973909,0.5496340394020081,0.5755122900009155,-0.010539496317505836,0.6604874134063721,0.5568082928657532,-0.02857501432299614,0.7648860216140747,0.5494414567947388,-0.046151842921972275,0.479145348072052,0.4299761950969696,0.06675039231777191,0.5926092267036438,0.39571061730384827,0.03236082196235657,0.6988257169723511,0.38543087244033813,-0.008961426094174385,0.781177282333374,0.3808537721633911,-0.036335352808237076,0.4567455053329468,0.40312445163726807,0.03818383812904358,0.5990251302719116,0.3671454191207886,0.007883700542151928,0.7126166224479675,0.35840097069740295,-0.02738318033516407,0.8082486987113953,0.3579275608062744,-0.049962278455495834,0.4340290129184723,0.3853681981563568,-0.0012221344513818622,0.5796913504600525,0.34162575006484985,-0.03217300400137901,0.6948201656341553,0.331897109746933,-0.04955397918820381,0.79021155834198,0.33274999260902405,-0.05692332237958908,0.4106300473213196,0.37974783778190613,-0.044665489345788956,0.5405391454696655,0.333711177110672,-0.06680707633495331,0.6361421942710876,0.32044363021850586,-0.06900669634342194,0.7170889973640442,0.3192945122718811,-0.06720387935638428,C
0.24124692380428314,0.7245880961418152,1.1550982890184969e-06,0.4336990714073181,0.6944319009780884,0.058135710656642914,0.5571718811988831,0.6359518766403198,0.07117275893688202,0.6713922023773193,0.6176837682723999,0.05763048678636551,0.7784959673881531,0.6183735728263855,0.04486275464296341,0.4073653221130371,0.420880526304245,0.12613201141357422,0.5910099148750305,0.4116726815700531,0.0987873524427414,0.7275145053863525,0.4163118600845337,0.05603538453578949,0.8307406306266785,0.4279654920101166,0.024122023954987526,0.3838072419166565,0.4028870761394501,0.06154274567961693,0.6091631650924683,0.38962337374687195,0.034819334745407104,0.7522983551025391,0.3989514112472534,-0.0008400249644182622,0.866888165473938,0.41672948002815247,-0.026454642415046692,0.38814833760261536,0.40865272283554077,-0.009973620064556599,0.6107773184776306,0.3880231976509094,-0.03338049724698067,0.7551916241645813,0.3955073952674866,-0.049534305930137634,0.8660610914230347,0.4092562198638916,-0.06008216738700867,0.41798046231269836,0.4379953444004059,-0.08218086510896683,0.598754346370697,0.4041694402694702,-0.09792307019233704,0.7109345197677612,0.4026057720184326,-0.09812643378973007,0.8023909330368042,0.41090190410614014,-0.09744442254304886,C
0.26063722372055054,0.7088949680328369,1.3620096979138907e-06,0.4304930865764618,0.6816431879997253,0.028936175629496574,0.5614369511604309,0.634331226348877,0.023523857817053795,0.6788918375968933,0.6206594705581665,-0.002687818370759487,0.7884001135826111,0.6144005656242371,-0.029278721660375595,0.42945921421051025,0.42972126603126526,0.0852339118719101,0.6013020873069763,0.40745624899864197,0.05108465999364853,0.7359728217124939,0.4083210527896881,0.006058101542294025,0.8362756371498108,0.4160744249820709,-0.025661161169409752,0.4037708044052124,0.41152769327163696,0.03646927326917648,0.6157417297363281,0.3968815207481384,0.009685785509645939,0.7548030018806458,0.4030500650405884,-0.024557437747716904,0.8628594875335693,0.41237664222717285,-0.05019513890147209,0.4000054895877838,0.4159143269062042,-0.01988871581852436,0.6122503876686096,0.3955400884151459,-0.043916355818510056,0.7448385953903198,0.4012453556060791,-0.05537871643900871,0.8429177403450012,0.4106467366218567,-0.06292016804218292,0.41556239128112793,0.44162073731422424,-0.07874907553195953,0.583442211151123,0.40510231256484985,-0.09483412653207779,0.6921799182891846,0.40147051215171814,-0.09003300964832306,0.779105544090271,0.40747204422950745,-0.08472727239131927,C
0.2366897463798523,0.7207802534103394,9.149296147370478e-07,0.43346497416496277,0.691623330116272,0.07500368356704712,0.5569775700569153,0.633417010307312,0.09995005279779434,0.6672179698944092,0.6157934665679932,0.0934518575668335,0.7757008075714111,0.6147298812866211,0.08623608946800232,0.4264543056488037,0.43269139528274536,0.15443788468837738,0.6047880053520203,0.4163856506347656,0.13626807928085327,0.7384521961212158,0.4207826852798462,0.09948865324258804,0.8398584127426147,0.430503249168396,0.07107558846473694,0.40229663252830505,0.41183915734291077,0.08239967375993729,0.6205394268035889,0.3909364938735962,0.06063471734523773,0.7628224492073059,0.4016289710998535,0.024628417566418648,0.875659167766571,0.4221416115760803,-0.0012160035548731685,0.40120673179626465,0.41205036640167236,0.00338086299598217,0.623012900352478,0.3919839859008789,-0.018802471458911896,0.7656216621398926,0.40412455797195435,-0.04033813998103142,0.8724761009216309,0.4214650094509125,-0.05487243831157684,0.4232661724090576,0.4335159957408905,-0.07489829510450363,0.5994712114334106,0.3967198431491852,-0.09215701371431351,0.7130662798881531,0.40132758021354675,-0.09674052149057388,0.8070337772369385,0.41663846373558044,-0.0996580645442009,C
0.25913816690444946,0.7149549126625061,1.2049715678585926e-06,0.4378242492675781,0.6864860653877258,0.04034312441945076,0.5581759214401245,0.6347085237503052,0.04360179603099823,0.6755979657173157,0.6203546524047852,0.024625297635793686,0.7825364470481873,0.615712583065033,0.006478132214397192,0.4095242917537689,0.424648642539978,0.09660665690898895,0.5948167443275452,0.41163331270217896,0.06368843466043472,0.7304697632789612,0.4172089099884033,0.019483257085084915,0.8318088054656982,0.4294094443321228,-0.012341639026999474,0.3849848508834839,0.40505510568618774,0.04282675310969353,0.6130912899971008,0.38841116428375244,0.011455546133220196,0.755771279335022,0.4005248248577118,-0.02463812567293644,0.8660255670547485,0.4187190532684326,-0.05047329142689705,0.386042058467865,0.4089435040950775,-0.017893481999635696,0.6125943660736084,0.38646918535232544,-0.046592701226472855,0.7529451251029968,0.39694592356681824,-0.06569081544876099,0.8549743890762329,0.41378259658813477,-0.07736768573522568,0.409772127866745,0.4344167709350586,-0.07970070838928223,0.5862224698066711,0.39831745624542236,-0.0989433079957962,0.6957510709762573,0.3989224135875702,-0.1004997119307518,0.7825658917427063,0.41110754013061523,-0.10004008561372757,C
0.2485041469335556,0.7190918326377869,1.190812781715067e-06,0.4353729486465454,0.6905655860900879,0.04750528931617737,0.5547918081283569,0.6332112550735474,0.056765347719192505,0.6706669330596924,0.6167978048324585,0.04110154137015343,0.7776968479156494,0.6196157932281494,0.026389483362436295,0.4106522798538208,0.42669379711151123,0.11532917618751526,0.5925778746604919,0.415406197309494,0.08339440822601318,0.729029655456543,0.4180907905101776,0.03861205279827118,0.8326511383056641,0.42656028270721436,0.00590941309928894,0.3875550627708435,0.40659481287002563,0.05589306354522705,0.6093764901161194,0.39143285155296326,0.024165889248251915,0.7527033090591431,0.4011726379394531,-0.01338353380560875,0.868262767791748,0.4178464412689209,-0.039569124579429626,0.38973790407180786,0.4104202389717102,-0.011488106101751328,0.6096552610397339,0.38853365182876587,-0.04189012944698334,0.7529897689819336,0.3974359929561615,-0.06234966963529587,0.8620889186859131,0.41187718510627747,-0.07417690753936768,0.4147060513496399,0.43624556064605713,-0.07990610599517822,0.5889902710914612,0.39899271726608276,-0.10049670934677124,0.6995468139648438,0.3992001712322235,-0.10335757583379745,0.7904876470565796,0.41012686491012573,-0.10390285402536392,C
0.22591273486614227,0.723581075668335,1.08546794308495e-06,0.42285460233688354,0.6926465034484863,0.0477885864675045,0.553622305393219,0.6377561092376709,0.0534171536564827,0.6713156700134277,0.621915876865387,0.0328274704515934,0.7820977568626404,0.6192718744277954,0.012608046643435955,0.40711066126823425,0.42160293459892273,0.1105005145072937,0.594953179359436,0.4077673554420471,0.07782992720603943,0.7350422143936157,0.41433417797088623,0.032539643347263336,0.8408275842666626,0.42597174644470215,-0.00040587084367871284,0.38173797726631165,0.404893696308136,0.04956040903925896,0.6090469360351562,0.38724300265312195,0.016069671139121056,0.7542180418968201,0.3968883752822876,-0.022789066657423973,0.86748868227005,0.4124234914779663,-0.04999018833041191,0.38355422019958496,0.41259104013442993,-0.018751107156276703,0.6116478443145752,0.3908052444458008,-0.050025828182697296,0.7567643523216248,0.40040889382362366,-0.0715247318148613,0.8634750843048096,0.4178534746170044,-0.08437661826610565,0.4098275899887085,0.44210076332092285,-0.08823386579751968,0.5931038856506348,0.4069383442401886,-0.11154709756374359,0.7102338075637817,0.4074954390525818,-0.11646456271409988,0.8062909245491028,0.42143285274505615,-0.11780531704425812,C
0.2744704782962799,0.7087145447731018,1.3289014759720885e-06,0.4398837983608246,0.6832458972930908,0.03414631634950638,0.5580410957336426,0.6321886777877808,0.03284170478582382,0.676291823387146,0.6157729625701904,0.01078591775149107,0.7844464182853699,0.6178942322731018,-0.01121112797409296,0.41796648502349854,0.4250848591327667,0.08369338512420654,0.5711966753005981,0.401244193315506,0.04660599306225777,0.7004181146621704,0.3949568271636963,0.0007963822572492063,0.8022246360778809,0.39548760652542114,-0.03257555142045021,0.39500004053115845,0.4048462510108948,0.030410854145884514,0.607757568359375,0.3920818567276001,-0.00435511814430356,0.7490399479866028,0.4036809504032135,-0.03929963335394859,0.8591966032981873,0.41931647062301636,-0.06389978528022766,0.3934069275856018,0.4098723232746124,-0.030178558081388474,0.6045346260070801,0.38979974389076233,-0.06372438371181488,0.7451423406600952,0.3956076502799988,-0.07784532010555267,0.8505188226699829,0.40484246611595154,-0.08522775024175644,0.4107140302658081,0.43837493658065796,-0.09204354137182236,0.5787867307662964,0.3990081548690796,-0.11507190018892288,0.6883056163787842,0.3940005302429199,-0.11399159580469131,0.774764895439148,0.3981926441192627,-0.11114735156297684,C
0.2505519390106201,0.7097113132476807,1.1195198794666794e-06,0.43195152282714844,0.6854410171508789,0.05187710374593735,0.5663009285926819,0.6319843530654907,0.06431646645069122,0.680770993232727,0.6162435412406921,0.05175817385315895,0.7850880026817322,0.6166297793388367,0.03826524689793587,0.4296756684780121,0.4313230514526367,0.11298422515392303,0.6019719243049622,0.40854698419570923,0.08866090327501297,0.7367151379585266,0.4102778434753418,0.05195523425936699,0.8371467590332031,0.42001062631607056,0.025464044883847237,0.40121135115623474,0.410798579454422,0.056302960962057114,0.6156400442123413,0.3891947865486145,0.03425642475485802,0.7581429481506348,0.3986949920654297,0.003688823664560914,0.8664689064025879,0.4149259030818939,-0.019087636843323708,0.3954242765903473,0.4140484631061554,-0.0069364639930427074,0.6161636114120483,0.3881247937679291,-0.030595848336815834,0.7564536333084106,0.39835572242736816,-0.04836181178689003,0.8572837114334106,0.4154416620731354,-0.05991814658045769,0.4117107689380646,0.4373416006565094,-0.07006414234638214,0.5921170711517334,0.4003760516643524,-0.08836118131875992,0.7061755657196045,0.4029196500778198,-0.09041139483451843,0.795339822769165,0.41654759645462036,-0.09060386568307877,C
0.2975185513496399,0.6918424367904663,1.3879648577130865e-06,0.4508359730243683,0.6786225438117981,0.013079791329801083,0.5724195241928101,0.6308831572532654,0.009980902075767517,0.6842512488365173,0.616037130355835,-0.010220126248896122,0.789056122303009,0.6097002029418945,-0.02965998835861683,0.4498426020145416,0.4457651376724243,0.07220850884914398,0.6072869896888733,0.42185044288635254,0.03384282812476158,0.7378517985343933,0.421808123588562,-0.010486764833331108,0.834426760673523,0.4286743998527527,-0.03942880406975746,0.4238099753856659,0.4226125180721283,0.03463822603225708,0.6158339977264404,0.4003768265247345,0.0031417019199579954,0.7522011399269104,0.4016939401626587,-0.03001689352095127,0.8626366257667542,0.4099748730659485,-0.053243160247802734,0.416485071182251,0.4188045561313629,-0.012472623027861118,0.615871787071228,0.3934527337551117,-0.04656992480158806,0.7504814863204956,0.39446136355400085,-0.06593464314937592,0.8538883328437805,0.404426634311676,-0.07580932974815369,0.4237457513809204,0.43274834752082825,-0.06230001524090767,0.5932947397232056,0.39899346232414246,-0.08872127532958984,0.7065718173980713,0.39729219675064087,-0.09324200451374054,0.7986090183258057,0.4064466059207916,-0.0930335745215416,C
0.24117448925971985,0.7150486707687378,1.2091894632249023e-06,0.42558684945106506,0.6898553967475891,0.04485716298222542,0.5512043833732605,0.6346097588539124,0.049639634788036346,0.6726251840591431,0.6154651045799255,0.030115464702248573,0.7835403680801392,0.6153056621551514,0.01126442477107048,0.4137919247150421,0.42817357182502747,0.10665299743413925,0.5899657607078552,0.40895310044288635,0.07757122069597244,0.7239529490470886,0.4087430238723755,0.03780023381114006,0.8243042230606079,0.4160769581794739,0.00917763914912939,0.39052248001098633,0.4095625579357147,0.0498761348426342,0.6066921949386597,0.3890520930290222,0.024081042036414146,0.7472612857818604,0.3947562575340271,-0.00623971875756979,0.856723964214325,0.4088367223739624,-0.028147762641310692,0.3906777501106262,0.41479673981666565,-0.014465809799730778,0.6047743558883667,0.38969874382019043,-0.03634745627641678,0.745718240737915,0.3941538333892822,-0.04802966117858887,0.8496378660202026,0.40632864832878113,-0.05566707253456116,0.41390395164489746,0.4418210983276367,-0.08038894087076187,0.582726001739502,0.4033660888671875,-0.09322058409452438,0.6928335428237915,0.3972001075744629,-0.09042516350746155,0.7812540531158447,0.4031175374984741,-0.08787103742361069,C
0.25393611192703247,0.7063408493995667,1.4057520729693351e-06,0.4243637025356293,0.6854109764099121,0.03642398118972778,0.5580168962478638,0.6346052885055542,0.03766217827796936,0.677708089351654,0.6194671988487244,0.01658443920314312,0.7887711524963379,0.61319500207901,-0.004778148606419563,0.42950764298439026,0.4220517575740814,0.09384612739086151,0.5964443683624268,0.39944392442703247,0.06293182075023651,0.7312746644020081,0.40065905451774597,0.020063146948814392,0.836545467376709,0.4108467102050781,-0.011033427901566029,0.4044919013977051,0.40148037672042847,0.04134443774819374,0.6064832210540771,0.3812529444694519,0.01380719244480133,0.7502516508102417,0.39047664403915405,-0.02098482847213745,0.864205002784729,0.4105532765388489,-0.04617290198802948,0.4019932150840759,0.4074794054031372,-0.01794065535068512,0.60500168800354,0.3820720911026001,-0.04411529004573822,0.7434924840927124,0.3921632766723633,-0.05802294984459877,0.8490360379219055,0.41092321276664734,-0.06681428849697113,0.4195109009742737,0.4380648136138916,-0.07880779355764389,0.5903215408325195,0.4020697772502899,-0.09748023003339767,0.7027174830436707,0.4025806486606598,-0.09534414112567902,0.7928312420845032,0.4128902852535248,-0.09198889136314392,C
0.2436358481645584,0.7147677540779114,1.29089607980859e-06,0.4333086311817169,0.6889499425888062,0.042846571654081345,0.5609214305877686,0.6318451166152954,0.04646257311105728,0.6771852374076843,0.6143206357955933,0.025875430554151535,0.7903149127960205,0.6193190217018127,0.005829124711453915,0.4057140350341797,0.41932570934295654,0.09942276775836945,0.5932780504226685,0.40920040011405945,0.0647541731595993,0.7346700429916382,0.4134528636932373,0.021150631830096245,0.8420684933662415,0.4237065613269806,-0.009939691051840782,0.38214677572250366,0.4024233818054199,0.042019013315439224,0.6153929233551025,0.3922993242740631,0.009075607173144817,0.7604230046272278,0.4010171592235565,-0.02454027347266674,0.8747646808624268,0.41504812240600586,-0.04813704267144203,0.3858557343482971,0.4089698791503906,-0.02287764847278595,0.6179020404815674,0.3927346169948578,-0.05108252167701721,0.7591185569763184,0.3999348282814026,-0.06575465202331543,0.865075409412384,0.41349491477012634,-0.07449071854352951,0.41344842314720154,0.4364653527736664,-0.08951573073863983,0.5973249077796936,0.4049113094806671,-0.10777870565652847,0.7118490934371948,0.40099936723709106,-0.10880941152572632,0.8050663471221924,0.40789440274238586,-0.10832713544368744,C
0.2436358481645584,0.7147677540779114,1.29089607980859e-06,0.4333086311817169,0.6889499425888062,0.042846571654081345,0.5609214305877686,0.6318451166152954,0.04646257311105728,0.6771852374076843,0.6143206357955933,0.025875430554151535,0.7903149127960205,0.6193190217018127,0.005829124711453915,0.4057140350341797,0.41932570934295654,0.09942276775836945,0.5932780504226685,0.40920040011405945,0.0647541731595993,0.7346700429916382,0.4134528636932373,0.021150631830096245,0.8420684933662415,0.4237065613269806,-0.009939691051840782,0.38214677572250366,0.4024233818054199,0.042019013315439224,0.6153929233551025,0.3922993242740631,0.009075607173144817,0.7604230046272278,0.4010171592235565,-0.02454027347266674,0.8747646808624268,0.41504812240600586,-0.04813704267144203,0.3858557343482971,0.4089698791503906,-0.02287764847278595,0.6179020404815674,0.3927346169948578,-0.05108252167701721,0.7591185569763184,0.3999348282814026,-0.06575465202331543,0.865075409412384,0.41349491477012634,-0.07449071854352951,0.41344842314720154,0.4364653527736664,-0.08951573073863983,0.5973249077796936,0.4049113094806671,-0.10777870565652847,0.7118490934371948,0.40099936723709106,-0.10880941152572632,0.8050663471221924,0.40789440274238586,-0.10832713544368744,C
0.24886849522590637,0.715255856513977,1.1132474355690647e-06,0.4369700253009796,0.6878989934921265,0.05912710353732109,0.5639307498931885,0.6343685388565063,0.07240883260965347,0.6778326034545898,0.6151217222213745,0.05819861218333244,0.7822571992874146,0.6169254183769226,0.043498024344444275,0.4283037781715393,0.43361037969589233,0.12549717724323273,0.6053944826126099,0.41440942883491516,0.10004766285419464,0.7394558191299438,0.4165378212928772,0.061744194477796555,0.8397312760353088,0.42522120475769043,0.03404220938682556,0.4016467332839966,0.41351768374443054,0.061572521924972534,0.6207449436187744,0.39042341709136963,0.035948120057582855,0.7638370990753174,0.3992382287979126,0.0032083094120025635,0.8755244612693787,0.41800230741500854,-0.019602328538894653,0.39847612380981445,0.41461342573165894,-0.009264103136956692,0.6202794909477234,0.38843855261802673,-0.03229405730962753,0.7635266780853271,0.39663976430892944,-0.049293581396341324,0.8690940141677856,0.4134317934513092,-0.06001990661025047,0.41777709126472473,0.43621888756752014,-0.08032747358083725,0.5927974581718445,0.3971848785877228,-0.09480464458465576,0.7066664695739746,0.39653661847114563,-0.09565840661525726,0.7983161211013794,0.40870270133018494,-0.0956534743309021,C
0.24997657537460327,0.710773229598999,1.2086700280633522e-06,0.43033090233802795,0.684654176235199,0.037648387253284454,0.5574831366539001,0.6337228417396545,0.035248566418886185,0.674976110458374,0.6198984980583191,0.010278047062456608,0.7868125438690186,0.6178890466690063,-0.015370734967291355,0.4189806878566742,0.4246981739997864,0.08477453142404556,0.5964806079864502,0.40723657608032227,0.04531193524599075,0.7333900928497314,0.4110981822013855,-0.002092857612296939,0.8365235328674316,0.4210539162158966,-0.035782381892204285,0.39201027154922485,0.4075978696346283,0.02825882099568844,0.6126964688301086,0.3892868161201477,-0.010590783320367336,0.7558596134185791,0.3986406624317169,-0.04873928800225258,0.8653994798660278,0.41262200474739075,-0.07462996244430542,0.3895875811576843,0.41349321603775024,-0.03511955961585045,0.6091621518135071,0.3875969350337982,-0.06951854377985,0.7468833923339844,0.3963964283466339,-0.08464066684246063,0.8477338552474976,0.4096544682979584,-0.0924307256937027,0.4077776372432709,0.4416021406650543,-0.09994858503341675,0.5776673555374146,0.39956676959991455,-0.12277738749980927,0.6850038766860962,0.39669764041900635,-0.12176008522510529,0.76988685131073,0.40403518080711365,-0.11875097453594208,C
0.26210659742355347,0.7143473625183105,1.2468561862988281e-06,0.4279017746448517,0.691863477230072,0.035200562328100204,0.5561536550521851,0.6373669505119324,0.03781667724251747,0.6770473718643188,0.6189228892326355,0.01920326240360737,0.7900570631027222,0.619093656539917,0.001169397379271686,0.4294019937515259,0.43806013464927673,0.09819171577692032,0.5960309505462646,0.4161522388458252,0.06719348579645157,0.727979838848114,0.41735658049583435,0.02520318701863289,0.8274126052856445,0.4247780740261078,-0.005024181678891182,0.40496957302093506,0.4167696237564087,0.04644249007105827,0.6089335680007935,0.3954777419567108,0.017146438360214233,0.7533556222915649,0.4040483236312866,-0.017459336668252945,0.8658542037010193,0.4215380549430847,-0.042371876537799835,0.4003043472766876,0.41886255145072937,-0.013324313797056675,0.609520673751831,0.3916769027709961,-0.04273322969675064,0.7525865435600281,0.3997144103050232,-0.060194987803697586,0.8581640720367432,0.4171763062477112,-0.07060468941926956,0.41606515645980835,0.4425172805786133,-0.07458903640508652,0.5857253670692444,0.4035804569721222,-0.09590809047222137,0.7007675766944885,0.4008773863315582,-0.09834478795528412,0.7934720516204834,0.40911757946014404,-0.09860106557607651,C
0.2569657564163208,0.7173138856887817,1.3060224546279642e-06,0.43949294090270996,0.6900632381439209,0.04933902621269226,0.5657198429107666,0.6367387771606445,0.0576452873647213,0.6791494488716125,0.6205561757087708,0.042004503309726715,0.7864880561828613,0.6261717081069946,0.02678646706044674,0.41363227367401123,0.42964962124824524,0.1071774885058403,0.5946987867355347,0.4176778495311737,0.07676195353269577,0.7305653095245361,0.42032885551452637,0.0354171022772789,0.8349468111991882,0.4284645915031433,0.005542284343391657,0.3845643401145935,0.4081927537918091,0.0494278222322464,0.6106613278388977,0.3941575288772583,0.020241884514689445,0.7563645839691162,0.40056872367858887,-0.013289935886859894,0.8733907341957092,0.4157170355319977,-0.0371328629553318,0.3813287615776062,0.4113619029521942,-0.014906364493072033,0.6072695851325989,0.39235594868659973,-0.04188385233283043,0.7492746114730835,0.39927196502685547,-0.05887988582253456,0.858064591884613,0.4141213297843933,-0.06894966214895248,0.4027518928050995,0.43676474690437317,-0.07976765185594559,0.5862698554992676,0.40773966908454895,-0.09717006981372833,0.7001259326934814,0.4066680669784546,-0.09876616299152374,0.7950873374938965,0.41490960121154785,-0.09857185930013657,C
0.27445557713508606,0.7141631841659546,1.3691683307115454e-06,0.4402647614479065,0.6943904161453247,0.019795844331383705,0.5684903860092163,0.6426271200180054,0.018815912306308746,0.6819895505905151,0.6254528760910034,-0.0001524115214124322,0.7854604721069336,0.6141371726989746,-0.01744295470416546,0.42879077792167664,0.44192618131637573,0.07978653907775879,0.6000894904136658,0.4236763119697571,0.04095333442091942,0.734359085559845,0.42385348677635193,-0.00695622805505991,0.8347460627555847,0.42995935678482056,-0.040269482880830765,0.4044675827026367,0.4192984700202942,0.03650866821408272,0.611771285533905,0.4010794758796692,0.0006317372899502516,0.7528236508369446,0.4043494760990143,-0.03813125938177109,0.864591121673584,0.41300252079963684,-0.06433927267789841,0.40208378434181213,0.4200712740421295,-0.01541159488260746,0.6148203611373901,0.3999435305595398,-0.05169526860117912,0.7510738968849182,0.40373465418815613,-0.07111168652772903,0.8531299233436584,0.4123936593532562,-0.08068399876356125,0.41901683807373047,0.4423752725124359,-0.06979700177907944,0.5939827561378479,0.413131982088089,-0.09783993661403656,0.7056036591529846,0.4119037091732025,-0.10151595622301102,0.7972842454910278,0.41692453622817993,-0.10011405497789383,C
0.26582926511764526,0.637965202331543,1.5571336007269565e-06,0.4095507860183716,0.6268426775932312,-0.02000207081437111,0.5362680554389954,0.584823727607727,-0.04525894299149513,0.6547097563743591,0.5632895231246948,-0.07987522333860397,0.7611609697341919,0.5422897338867188,-0.1123420000076294,0.4353673458099365,0.40327709913253784,0.02181386575102806,0.5855966806411743,0.37266701459884644,-0.028460942208766937,0.7091594934463501,0.36627286672592163,-0.07789376378059387,0.803460955619812,0.3680616617202759,-0.10972496122121811,0.40821292996406555,0.3787379860877991,-0.0026293229311704636,0.5964978933334351,0.34906697273254395,-0.04555393382906914,0.7225797772407532,0.3497014343738556,-0.08097166568040848,0.8234366178512573,0.3547325134277344,-0.10363614559173584,0.3973444998264313,0.3714090585708618,-0.03706745430827141,0.5859607458114624,0.33535298705101013,-0.07624295353889465,0.7080858945846558,0.33303606510162354,-0.09209030866622925,0.8018478751182556,0.3389759063720703,-0.09829743206501007,0.3986778259277344,0.38219818472862244,-0.07682368159294128,0.5492465496063232,0.3342069387435913,-0.10416826605796814,0.6520944833755493,0.3250804543495178,-0.10537667572498322,0.7350723147392273,0.32957854866981506,-0.10168284177780151,C
0.25425875186920166,0.7168704271316528,1.30983437429677e-06,0.43782442808151245,0.6902692317962646,0.026390494778752327,0.5645743012428284,0.6379413604736328,0.019470686092972755,0.6807292699813843,0.6231501698493958,-0.007642845623195171,0.7918830513954163,0.61881422996521,-0.0330033116042614,0.4070420563220978,0.42031797766685486,0.07852774858474731,0.5952922701835632,0.40908902883529663,0.0359330028295517,0.7359411716461182,0.41950494050979614,-0.014669609256088734,0.8401109576225281,0.43580374121665955,-0.04989264905452728,0.38391515612602234,0.4065837264060974,0.028095120564103127,0.6158887147903442,0.39324188232421875,-0.01171042025089264,0.7614304423332214,0.4056672751903534,-0.05099557712674141,0.8738547563552856,0.42137616872787476,-0.0775972381234169,0.3872681260108948,0.41538989543914795,-0.030111508443951607,0.6142027378082275,0.39497652649879456,-0.06529217213392258,0.7570661306381226,0.40525302290916443,-0.08268698304891586,0.8617791533470154,0.4214097857475281,-0.0914713591337204,0.41170910000801086,0.44552022218704224,-0.09083729237318039,0.5895169973373413,0.4125843644142151,-0.1151173859834671,0.701772928237915,0.4132263660430908,-0.11587875336408615,0.7907549142837524,0.42395082116127014,-0.11300259828567505,C
0.25222480297088623,0.7182631492614746,1.2090461041225353e-06,0.44121167063713074,0.6881713271141052,0.052319396287202835,0.5619001984596252,0.6379262208938599,0.05871349945664406,0.6756908297538757,0.6238913536071777,0.04059203714132309,0.7827955484390259,0.6259093284606934,0.02262347750365734,0.40186142921447754,0.4258641004562378,0.10156501084566116,0.5959668159484863,0.4189908802509308,0.06760820001363754,0.7342050075531006,0.4263410270214081,0.023104337975382805,0.8392916917800903,0.43752771615982056,-0.00895204208791256,0.3781237304210663,0.4081076383590698,0.04021332412958145,0.6146352291107178,0.396456241607666,0.008485023863613605,0.7616876363754272,0.40558046102523804,-0.02701701410114765,0.8777187466621399,0.4205959737300873,-0.05266781896352768,0.3811556398868561,0.41597607731819153,-0.027025174349546432,0.6145755052566528,0.3959655165672302,-0.05524066835641861,0.7566821575164795,0.4027245044708252,-0.07298113405704498,0.8615446090698242,0.4145143926143646,-0.08392318338155746,0.4081440269947052,0.44528815150260925,-0.09440911561250687,0.5875222086906433,0.4079553186893463,-0.11202604323625565,0.6970303654670715,0.4029499888420105,-0.11221304535865784,0.7869065999984741,0.4074017405509949,-0.11111772805452347,C
0.23154021799564362,0.7255597114562988,1.1114992730654194e-06,0.42837533354759216,0.6966118216514587,0.05728990584611893,0.5554590225219727,0.6391242146492004,0.07053790986537933,0.6733472943305969,0.6194018125534058,0.05683821439743042,0.7806748151779175,0.6225007772445679,0.04367702081799507,0.4092339277267456,0.4282638430595398,0.12117507308721542,0.59372878074646,0.41518011689186096,0.09406010806560516,0.7278780937194824,0.41846296191215515,0.05364575609564781,0.8300970792770386,0.4294133186340332,0.023610074073076248,0.3852454125881195,0.41006502509117126,0.05709824338555336,0.6087280511856079,0.39231282472610474,0.03011476993560791,0.7521471977233887,0.39999765157699585,-0.002856585429981351,0.8655438423156738,0.41842028498649597,-0.026109622791409492,0.38727933168411255,0.417750746011734,-0.013770547695457935,0.6088574528694153,0.39327773451805115,-0.038617491722106934,0.7520084977149963,0.3990626037120819,-0.05370228737592697,0.861583411693573,0.4124871492385864,-0.0630815327167511,0.4143925607204437,0.4475708305835724,-0.08528657257556915,0.5917180180549622,0.4121476709842682,-0.10164017230272293,0.7020288705825806,0.40648403763771057,-0.10143726319074631,0.7934911251068115,0.41145142912864685,-0.10032345354557037,C
0.25139927864074707,0.7140470743179321,1.1556704748727498e-06,0.4395214915275574,0.6863709688186646,0.04589582607150078,0.5636343955993652,0.6360687613487244,0.052924513816833496,0.6793230175971985,0.6220911145210266,0.035125114023685455,0.7916626930236816,0.6202044486999512,0.017415374517440796,0.4271810054779053,0.43548569083213806,0.10944422334432602,0.6031880378723145,0.42203763127326965,0.07765686511993408,0.7362985610961914,0.4257515072822571,0.03554168716073036,0.8365840315818787,0.43265414237976074,0.005560280289500952,0.4008945822715759,0.4135220944881439,0.05176031216979027,0.618075966835022,0.3973935544490814,0.01989990472793579,0.7576080560684204,0.4059455692768097,-0.014799767173826694,0.8659907579421997,0.420119047164917,-0.03864312171936035,0.39706993103027344,0.4157763123512268,-0.013820015825331211,0.6193293929100037,0.3941937983036041,-0.04458438977599144,0.7574058771133423,0.4019046425819397,-0.06271401047706604,0.8595443964004517,0.4155212342739105,-0.0726507380604744,0.41490572690963745,0.4409102499485016,-0.08026717603206635,0.5964525938034058,0.405941367149353,-0.10101897269487381,0.7094026207923889,0.40625762939453125,-0.10291355848312378,0.7999768257141113,0.4174104332923889,-0.10239773988723755,C
0.26359203457832336,0.7126789093017578,1.1394538432796253e-06,0.4354473650455475,0.6925955414772034,0.03684982284903526,0.562315046787262,0.6350284814834595,0.04381808266043663,0.6802248954772949,0.6151025891304016,0.02924313209950924,0.7900791168212891,0.6180474758148193,0.014792677015066147,0.44245603680610657,0.43798723816871643,0.0963929295539856,0.6024559736251831,0.4170776903629303,0.06334318965673447,0.7341781854629517,0.41747337579727173,0.022135891020298004,0.8345867395401001,0.4253194034099579,-0.007254888769239187,0.41847869753837585,0.4159672260284424,0.043344661593437195,0.6170157194137573,0.3955298662185669,0.013054616749286652,0.7571021318435669,0.40250164270401,-0.019106103107333183,0.8701071739196777,0.41640323400497437,-0.041889674961566925,0.41159719228744507,0.41690918803215027,-0.018262574449181557,0.6121549606323242,0.39199864864349365,-0.04955977201461792,0.7513086795806885,0.3975781202316284,-0.06560833007097244,0.8578544855117798,0.40928158164024353,-0.07485898584127426,0.4215009808540344,0.4393945038318634,-0.08142878115177155,0.5850726366043091,0.40053287148475647,-0.10697535425424576,0.6972999572753906,0.3957935571670532,-0.11218000203371048,0.789159893989563,0.40217018127441406,-0.11416731774806976,C
0.24319422245025635,0.7162402868270874,1.0409735295979772e-06,0.43513035774230957,0.6858348250389099,0.05479857698082924,0.5583441853523254,0.6318016052246094,0.06527885794639587,0.6728416681289673,0.6198883056640625,0.04855656996369362,0.7826390862464905,0.6189131140708923,0.032674312591552734,0.413951575756073,0.4143970310688019,0.12611301243305206,0.5996451377868652,0.40567946434020996,0.09695900976657867,0.7361550331115723,0.41599684953689575,0.05266730114817619,0.8380674123764038,0.431079626083374,0.020374678075313568,0.3888682425022125,0.3988442122936249,0.06224358081817627,0.6142300963401794,0.38549596071243286,0.03191515430808067,0.7580547332763672,0.3987816274166107,-0.006777729839086533,0.8713922500610352,0.4214363992214203,-0.033804018050432205,0.3913317024707794,0.40614908933639526,-0.009227988310158253,0.617655873298645,0.3890098035335541,-0.03653782606124878,0.7618976831436157,0.4007423520088196,-0.05705965682864189,0.8695701360702515,0.4199296832084656,-0.06931512802839279,0.42070668935775757,0.43575942516326904,-0.0817025899887085,0.6038644909858704,0.4018853008747101,-0.1002715677022934,0.7169407606124878,0.40461140871047974,-0.10296757519245148,0.8086970448493958,0.41853606700897217,-0.10323046892881393,C
0.26127439737319946,0.7125307321548462,1.2585986723934184e-06,0.4374551475048065,0.6858375072479248,0.032922305166721344,0.5613189935684204,0.6338452696800232,0.03280222415924072,0.6795248985290527,0.6179507970809937,0.011042984202504158,0.7909574508666992,0.6147744059562683,-0.010926833376288414,0.4179747700691223,0.4293507933616638,0.08890806138515472,0.5920714735984802,0.40873274207115173,0.0519428551197052,0.7284588813781738,0.4101952016353607,0.0067924377508461475,0.8308783769607544,0.4167667031288147,-0.024921119213104248,0.3938594460487366,0.4114184081554413,0.03679350018501282,0.610573410987854,0.39174625277519226,0.0032564818393439054,0.7531019449234009,0.39833420515060425,-0.032036636024713516,0.8644178509712219,0.4103718400001526,-0.05693289637565613,0.3920571208000183,0.4168163537979126,-0.023496339097619057,0.6105663776397705,0.39240214228630066,-0.054582249373197556,0.7507444024085999,0.39483901858329773,-0.07144108414649963,0.8558241128921509,0.4034750759601593,-0.08126968890428543,0.40967029333114624,0.4434265196323395,-0.08564050495624542,0.5796657800674438,0.40378832817077637,-0.1056695207953453,0.6882983446121216,0.3969922661781311,-0.1059778556227684,0.7766069769859314,0.4013136625289917,-0.10478318482637405,C
0.26778310537338257,0.7065856456756592,1.4181503047439037e-06,0.43431317806243896,0.6832799911499023,0.03132174164056778,0.5643560290336609,0.6335746645927429,0.035478733479976654,0.6836139559745789,0.6184508204460144,0.01941766031086445,0.7901599407196045,0.6139684915542603,0.003929019905626774,0.4207693338394165,0.434503972530365,0.09502226114273071,0.5937255620956421,0.4146001636981964,0.06545928865671158,0.7279692888259888,0.41730791330337524,0.024825604632496834,0.8283306360244751,0.4263073205947876,-0.0034215827472507954,0.3994494676589966,0.4110754430294037,0.04944586753845215,0.6075894832611084,0.39500266313552856,0.025001097470521927,0.7467319965362549,0.4015881419181824,-0.006522582843899727,0.8585264086723328,0.4146786034107208,-0.029175154864788055,0.40066906809806824,0.4116055965423584,-0.00404919870197773,0.60969477891922,0.38862478733062744,-0.029134271666407585,0.7480517625808716,0.39372754096984863,-0.04300066828727722,0.8551417589187622,0.40576595067977905,-0.05072367191314697,0.419184148311615,0.43106576800346375,-0.05936528369784355,0.5920565724372864,0.3952360153198242,-0.07732558250427246,0.7047121524810791,0.393105685710907,-0.0758432000875473,0.7970795035362244,0.4003210961818695,-0.07232041656970978,C
0.2469385415315628,0.711495041847229,1.3711803603655426e-06,0.4304278492927551,0.687075674533844,0.0428444966673851,0.5610013008117676,0.6380835771560669,0.046927083283662796,0.6800443530082703,0.6234226822853088,0.02861206606030464,0.7881838083267212,0.623641848564148,0.010235534980893135,0.4217129349708557,0.43036192655563354,0.09265207499265671,0.6019840240478516,0.4114034175872803,0.0636560320854187,0.7360742092132568,0.4163881242275238,0.023602310568094254,0.836840033531189,0.425800621509552,-0.0054875765927135944,0.39574146270751953,0.4094000458717346,0.03860901668667793,0.6099826693534851,0.39270782470703125,0.012846712954342365,0.752020001411438,0.40134307742118835,-0.018074801191687584,0.8615556359291077,0.41578245162963867,-0.04094250500202179,0.3922082483768463,0.41451942920684814,-0.021799355745315552,0.6093392968177795,0.3917233943939209,-0.04728805273771286,0.7502300143241882,0.39885643124580383,-0.061398983001708984,0.8559991121292114,0.41168418526649475,-0.07035364955663681,0.4112006425857544,0.44111350178718567,-0.08284544944763184,0.5942595601081848,0.40883055329322815,-0.10130428522825241,0.7114794850349426,0.407253623008728,-0.10100749880075455,0.8069795966148376,0.412762850522995,-0.09914440661668777,C
0.25766250491142273,0.7105138897895813,1.2341655519776396e-06,0.43891051411628723,0.6789636611938477,0.031088514253497124,0.5643068552017212,0.6325366497039795,0.02924838475883007,0.6820111274719238,0.6207119226455688,0.005675938446074724,0.7887104153633118,0.6124166250228882,-0.017701981589198112,0.4226173162460327,0.4406864643096924,0.09051057696342468,0.5959029793739319,0.427605003118515,0.051125213503837585,0.7318958044052124,0.42959657311439514,0.002172410488128662,0.8327323198318481,0.4377205967903137,-0.031618643552064896,0.39561206102371216,0.4198789894580841,0.03952836990356445,0.6141225099563599,0.40429583191871643,0.0032837989274412394,0.7556027173995972,0.4100199043750763,-0.03652055934071541,0.8641996383666992,0.42017608880996704,-0.06395995616912842,0.39175131916999817,0.42128920555114746,-0.019619325175881386,0.609709620475769,0.3973006010055542,-0.05249663069844246,0.7441492080688477,0.40278154611587524,-0.07150333374738693,0.8416136503219604,0.4131428003311157,-0.08138653635978699,0.408966064453125,0.4428165555000305,-0.08080380409955978,0.5774192810058594,0.4011750817298889,-0.10153443366289139,0.6833683848381042,0.39673393964767456,-0.10148844867944717,0.7682362794876099,0.4049118757247925,-0.09875942021608353,C
0.30773934721946716,0.6280714273452759,1.4702593489346327e-06,0.4309055209159851,0.6235219240188599,-0.017818912863731384,0.5519493222236633,0.5764592885971069,-0.025276480242609978,0.664695143699646,0.5564452409744263,-0.04006714001297951,0.7632954120635986,0.5410910844802856,-0.0528155080974102,0.4606216251850128,0.4313046336174011,0.05183194950222969,0.5804958343505859,0.3938677906990051,0.021471207961440086,0.6864168643951416,0.37927669286727905,-0.014683556742966175,0.7661861181259155,0.37381818890571594,-0.03778300806879997,0.4350806176662445,0.4021987318992615,0.037811487913131714,0.5815255641937256,0.36962592601776123,0.011655471287667751,0.6902326941490173,0.3580036163330078,-0.017764603719115257,0.7844793796539307,0.354260116815567,-0.0356953963637352,0.4180954396724701,0.3877790570259094,0.013319130055606365,0.5647072792053223,0.34965693950653076,-0.01449381373822689,0.6727159023284912,0.3385005295276642,-0.027068065479397774,0.7616282105445862,0.3362776041030884,-0.03070308454334736,0.40300703048706055,0.38819578289985657,-0.01583506353199482,0.5279025435447693,0.3445087671279907,-0.03617558628320694,0.6165866851806641,0.329066663980484,-0.03570166975259781,0.6930850148200989,0.3242465555667877,-0.03112560324370861,C
0.28689834475517273,0.7107594013214111,1.5016146335256053e-06,0.44519031047821045,0.6905523538589478,0.02236250229179859,0.5682549476623535,0.6433197259902954,0.017689423635601997,0.6843916773796082,0.6301388144493103,-0.006898443680256605,0.7922418713569641,0.620708167552948,-0.03229048475623131,0.4430330991744995,0.44451048970222473,0.0792926624417305,0.6067444086074829,0.416747510433197,0.04286403954029083,0.7383579015731812,0.4183807075023651,-0.001574394991621375,0.8390375375747681,0.42537426948547363,-0.031815625727176666,0.4208095073699951,0.4228418469429016,0.033084239810705185,0.6194517016410828,0.39992842078208923,0.00295273307710886,0.7575064897537231,0.40695706009864807,-0.032168131321668625,0.8653286695480347,0.422366738319397,-0.056887198239564896,0.4169153869152069,0.4246287941932678,-0.02147144079208374,0.6136536598205566,0.39514052867889404,-0.0485682338476181,0.7482402324676514,0.40088433027267456,-0.061964504420757294,0.8499891757965088,0.41382476687431335,-0.06989171355962753,0.426571786403656,0.4481929540634155,-0.07873119413852692,0.5864909291267395,0.40126705169677734,-0.0987679734826088,0.6975609064102173,0.3976285457611084,-0.09663908928632736,0.7867385149002075,0.40704646706581116,-0.09280149638652802,C
0.260886013507843,0.7072879076004028,1.3275330275064334e-06,0.44045087695121765,0.6885133385658264,0.04473363608121872,0.5611024498939514,0.6392033696174622,0.05508797615766525,0.6778973937034607,0.6260940432548523,0.04091819003224373,0.787807047367096,0.6245942711830139,0.02645128220319748,0.4247801899909973,0.4485621750354767,0.1170620247721672,0.5918104648590088,0.4296141564846039,0.09167595207691193,0.727149248123169,0.4307214617729187,0.05269252508878708,0.8252081871032715,0.4372900724411011,0.0254377368837595,0.40265291929244995,0.4237223267555237,0.06426447629928589,0.6090136170387268,0.4054136872291565,0.043030787259340286,0.7522503137588501,0.41150346398353577,0.01177053153514862,0.8644788265228271,0.4249012768268585,-0.011364041827619076,0.40084022283554077,0.42111560702323914,0.003155683632940054,0.613157331943512,0.39738738536834717,-0.019954783841967583,0.7566715478897095,0.40360358357429504,-0.0388406403362751,0.8646906614303589,0.41816139221191406,-0.05082838982343674,0.4187006652355194,0.4366210103034973,-0.058631569147109985,0.5936486721038818,0.4012548327445984,-0.0756097137928009,0.7095933556556702,0.4021904170513153,-0.07781827449798584,0.8033146858215332,0.41486772894859314,-0.07803953438997269,C
0.23722131550312042,0.7231296300888062,1.2535451787698548e-06,0.4316425025463104,0.701567530632019,0.04145793989300728,0.56046462059021,0.6447234749794006,0.04495183005928993,0.6783111691474915,0.6261606216430664,0.024580078199505806,0.7889078855514526,0.6267886757850647,0.004821404814720154,0.4124755561351776,0.4327203035354614,0.09661602973937988,0.5955111384391785,0.4153466522693634,0.0600566565990448,0.7344073057174683,0.41823068261146545,0.015593724325299263,0.8393951654434204,0.42788833379745483,-0.015859130769968033,0.3856829106807709,0.4153921902179718,0.03995640575885773,0.611615002155304,0.3955231308937073,0.004793323110789061,0.756632924079895,0.40424084663391113,-0.0305474866181612,0.8705011010169983,0.4203578531742096,-0.0543278232216835,0.38707542419433594,0.42274463176727295,-0.02415982261300087,0.6099563241004944,0.39828330278396606,-0.055087845772504807,0.7544170618057251,0.40435513854026794,-0.07151684910058975,0.8636243343353271,0.4183642864227295,-0.08064758777618408,0.4132017195224762,0.45239588618278503,-0.08973288536071777,0.5905667543411255,0.4174099862575531,-0.10920463502407074,0.703436553478241,0.4144536256790161,-0.1099737212061882,0.7958489656448364,0.42222830653190613,-0.10899871587753296,C
0.267536997795105,0.7092326879501343,1.3635388995680842e-06,0.4419655501842499,0.6823095083236694,0.02770625427365303,0.56700199842453,0.6339308023452759,0.02352350763976574,0.6825162172317505,0.6191941499710083,-0.0011312940623611212,0.7896658778190613,0.6161837577819824,-0.02512926049530506,0.42326289415359497,0.4317830801010132,0.0824921652674675,0.5948888063430786,0.41311055421829224,0.04022578150033951,0.7330222129821777,0.41565147042274475,-0.010188549757003784,0.8376519680023193,0.4252746105194092,-0.04506734013557434,0.3969723880290985,0.4130711555480957,0.03298664465546608,0.608567476272583,0.3970145285129547,-0.006017665378749371,0.7543512582778931,0.402008056640625,-0.04677153006196022,0.8703693747520447,0.4137510061264038,-0.07478448003530502,0.39450183510780334,0.4165615439414978,-0.024528032168745995,0.6070374846458435,0.3951394557952881,-0.060349028557538986,0.7471088767051697,0.40101194381713867,-0.07895584404468536,0.853400707244873,0.4126218855381012,-0.08831535279750824,0.4121721386909485,0.4411408007144928,-0.08414874970912933,0.5815896987915039,0.4049930274486542,-0.10808499902486801,0.6903570294380188,0.4013651907444,-0.10895241051912308,0.7793899774551392,0.40703362226486206,-0.10654383897781372,C
0.2670612335205078,0.7188038229942322,1.3073675972918863e-06,0.45054686069488525,0.692698061466217,0.03230931982398033,0.5757756233215332,0.641484260559082,0.03183601424098015,0.6917508840560913,0.6258552074432373,0.010118748992681503,0.798427939414978,0.6209846138954163,-0.011134086176753044,0.42110100388526917,0.4323206841945648,0.08354831486940384,0.6048651337623596,0.4156922698020935,0.04479478299617767,0.7438915967941284,0.4214265048503876,-0.0006706606945954263,0.8480942249298096,0.43316754698753357,-0.03191331773996353,0.3946961462497711,0.41431736946105957,0.03203969448804855,0.6200733184814453,0.3962922990322113,-0.0055733430199325085,0.765585720539093,0.4067517817020416,-0.04216264188289642,0.8785223960876465,0.42366692423820496,-0.06639230996370316,0.39537152647972107,0.4209256172180176,-0.027056634426116943,0.6190507411956787,0.39690977334976196,-0.061321649700403214,0.7612228393554688,0.40588057041168213,-0.07889556884765625,0.865989089012146,0.42142534255981445,-0.08751073479652405,0.41820141673088074,0.44921624660491943,-0.08789736777544022,0.5909984707832336,0.4070073962211609,-0.1103120669722557,0.7029749751091003,0.40357762575149536,-0.1115032434463501,0.7933411002159119,0.4126080274581909,-0.10962160676717758,C
0.2562519311904907,0.721183180809021,1.343009671472828e-06,0.43823179602622986,0.695938229560852,0.04201725497841835,0.5651573538780212,0.6421036124229431,0.042224857956171036,0.6863893866539001,0.6280293464660645,0.0190468467772007,0.7986008524894714,0.6259748935699463,-0.004320181906223297,0.4205019474029541,0.4276440441608429,0.09199691563844681,0.6030943393707275,0.4100489914417267,0.05622131749987602,0.7423614263534546,0.41556185483932495,0.010898223146796227,0.8484691381454468,0.4272652268409729,-0.021606320515275,0.3944210410118103,0.4099220335483551,0.034935567528009415,0.6180307865142822,0.3936895728111267,0.0014778781915083528,0.7644733190536499,0.405327171087265,-0.03445490077137947,0.8787219524383545,0.42337286472320557,-0.06005192920565605,0.39421379566192627,0.4172632694244385,-0.028821397572755814,0.6181907057762146,0.3942328691482544,-0.058205388486385345,0.7617447376251221,0.40491384267807007,-0.07356628030538559,0.868574857711792,0.4223928153514862,-0.0829777717590332,0.4175190031528473,0.44791585206985474,-0.0937361791729927,0.5976643562316895,0.41247105598449707,-0.11262551695108414,0.7123951315879822,0.41209423542022705,-0.11207704246044159,0.8044943809509277,0.4215066432952881,-0.11039307713508606,C
0.2856696844100952,0.7145086526870728,1.3858385727871791e-06,0.4446966052055359,0.6950479745864868,0.02736038900911808,0.566293478012085,0.6471214294433594,0.02720663882791996,0.687357485294342,0.6316013336181641,0.0070508369244635105,0.7963208556175232,0.6283763647079468,-0.012068033218383789,0.43900153040885925,0.44602179527282715,0.09062989801168442,0.6030083894729614,0.42413991689682007,0.056735262274742126,0.7328806519508362,0.42555513978004456,0.013861079700291157,0.8307732343673706,0.43292999267578125,-0.01566542126238346,0.4153570532798767,0.4226069152355194,0.04352207109332085,0.6131085753440857,0.40317168831825256,0.01411424856632948,0.7512954473495483,0.4123614430427551,-0.018501313403248787,0.8607664704322815,0.4285878539085388,-0.04091901704668999,0.4113481342792511,0.4235582649707794,-0.012315870262682438,0.6106616854667664,0.39837875962257385,-0.042090386152267456,0.7473348379135132,0.405679315328598,-0.05712675675749779,0.8504437804222107,0.4206959903240204,-0.06470604240894318,0.424003928899765,0.4464525282382965,-0.07026033103466034,0.5890175104141235,0.40823081135749817,-0.0917055532336235,0.6986356377601624,0.4052490293979645,-0.09195752441883087,0.7868649959564209,0.412487655878067,-0.08952120691537857,C
0.2864473760128021,0.7119142413139343,1.4569289987775846e-06,0.448307603597641,0.6921131610870361,0.001159974723123014,0.5738005638122559,0.649272620677948,-0.01477572601288557,0.6885289549827576,0.6337608695030212,-0.04521387070417404,0.7968833446502686,0.6252899169921875,-0.07356610894203186,0.43601691722869873,0.45158952474594116,0.045665714889764786,0.5910409092903137,0.4238850474357605,-0.002366465050727129,0.7269760370254517,0.42025184631347656,-0.05373244732618332,0.829395055770874,0.425319641828537,-0.08757011592388153,0.41101598739624023,0.4296896159648895,0.011826234869658947,0.6177494525909424,0.41029515862464905,-0.028979230672121048,0.759056806564331,0.41655197739601135,-0.06685761362314224,0.8661563396453857,0.42751726508140564,-0.09308125823736191,0.4088814854621887,0.4294138252735138,-0.030760088935494423,0.6190236806869507,0.4062533676624298,-0.06816862523555756,0.753173828125,0.4115746319293976,-0.0857597067952156,0.8506022691726685,0.4245941936969757,-0.09410079568624496,0.42527085542678833,0.44755762815475464,-0.07701639831066132,0.593000054359436,0.411622017621994,-0.10124161094427109,0.7025680541992188,0.4099327623844147,-0.10168320685625076,0.7865200042724609,0.4206206202507019,-0.09855617582798004,C
0.2708611786365509,0.7203123569488525,1.336384457317763e-06,0.4485531747341156,0.6940428018569946,0.032850153744220734,0.5698859095573425,0.6455551385879517,0.030865998938679695,0.6820505857467651,0.6295673847198486,0.007520322222262621,0.7901113629341125,0.6260573863983154,-0.014782673679292202,0.4201567769050598,0.44435423612594604,0.08316595107316971,0.601081907749176,0.42814546823501587,0.0442190058529377,0.7409783601760864,0.42963868379592896,-0.0013197355438023806,0.8452425003051758,0.43714964389801025,-0.03238506242632866,0.3940643072128296,0.42533639073371887,0.03239463269710541,0.6174927353858948,0.4083072245121002,-0.0022510432172566652,0.762877345085144,0.4156075716018677,-0.03696379065513611,0.8751457333564758,0.4290088415145874,-0.061396948993206024,0.395574152469635,0.4303934574127197,-0.025784475728869438,0.619763970375061,0.40777385234832764,-0.05702938884496689,0.7602254152297974,0.4136129319667816,-0.07400989532470703,0.8624978065490723,0.42763853073120117,-0.08335787057876587,0.4201127886772156,0.45602476596832275,-0.08560007065534592,0.5960153341293335,0.4195898771286011,-0.10486427694559097,0.7082516551017761,0.4158102869987488,-0.10545747727155685,0.7977112531661987,0.42458298802375793,-0.10394684225320816,C
0.27991724014282227,0.7161889672279358,1.376730892843625e-06,0.44293540716171265,0.6966375112533569,0.01635613478720188,0.5702419281005859,0.6508175730705261,0.007353677414357662,0.6851540803909302,0.6320495009422302,-0.01928863115608692,0.7924308180809021,0.6181730031967163,-0.0452461801469326,0.4426422417163849,0.45541322231292725,0.06368514150381088,0.611780047416687,0.4330044686794281,0.02301223948597908,0.7443923354148865,0.43313223123550415,-0.0237419456243515,0.8447286486625671,0.43998846411705017,-0.05657784268260002,0.4174882471561432,0.43248891830444336,0.020435018464922905,0.6293142437934875,0.41258543729782104,-0.01676213927567005,0.7691686749458313,0.4166426956653595,-0.05397133156657219,0.8765047788619995,0.42622110247612,-0.08014826476573944,0.4111380875110626,0.43245238065719604,-0.030749494209885597,0.6288918256759644,0.4101407527923584,-0.06588641554117203,0.762519121170044,0.4134877622127533,-0.08313775062561035,0.8596062660217285,0.42242681980133057,-0.09312330186367035,0.420917809009552,0.45270755887031555,-0.08447105437517166,0.5933786034584045,0.4199536442756653,-0.11256574839353561,0.7034925222396851,0.41612306237220764,-0.11619654297828674,0.7928557991981506,0.41974151134490967,-0.11578087508678436,C
0.2806486487388611,0.7175467610359192,1.4406758737095515e-06,0.4336771070957184,0.6966783404350281,-0.001711912453174591,0.564753532409668,0.6485812067985535,-0.0183345265686512,0.6855000257492065,0.6289198994636536,-0.04795799404382706,0.7974275946617126,0.6203116774559021,-0.07594317197799683,0.4354337751865387,0.4462645351886749,0.04014343023300171,0.6058093309402466,0.41874322295188904,-0.010096798650920391,0.7430751919746399,0.4221664369106293,-0.062347639352083206,0.8474613428115845,0.43341290950775146,-0.0977250263094902,0.4116813540458679,0.426943838596344,0.00604728190228343,0.6172564029693604,0.40520748496055603,-0.038792774081230164,0.7597440481185913,0.4137808680534363,-0.07987624406814575,0.8710696697235107,0.42880722880363464,-0.10795021057128906,0.4089478552341461,0.43069684505462646,-0.03678744658827782,0.6128525733947754,0.40476933121681213,-0.0766584500670433,0.7474745512008667,0.41153568029403687,-0.09478757530450821,0.8491964340209961,0.4256000816822052,-0.10389848053455353,0.42184507846832275,0.45539915561676025,-0.08353628218173981,0.578938901424408,0.41306376457214355,-0.11218275874853134,0.6863721609115601,0.40644145011901855,-0.11587933450937271,0.774147629737854,0.4119957983493805,-0.11500229686498642,C
0.25847598910331726,0.719387412071228,1.312941776632215e-06,0.4411740005016327,0.695690929889679,0.03011571802198887,0.5673147439956665,0.642278790473938,0.029892772436141968,0.6855601668357849,0.6254652738571167,0.009733210317790508,0.7933324575424194,0.6265483498573303,-0.009060272946953773,0.41069936752319336,0.4290867745876312,0.08162300288677216,0.5992627739906311,0.41819334030151367,0.0462401881814003,0.739498496055603,0.4280523359775543,0.0016065329546108842,0.8433536291122437,0.44349390268325806,-0.03018888644874096,0.3889290690422058,0.41297847032546997,0.03361630439758301,0.6174840927124023,0.3992447257041931,-0.0012755927164107561,0.7611852288246155,0.41141653060913086,-0.036188092082738876,0.8725529909133911,0.42592737078666687,-0.05976756289601326,0.39368608593940735,0.42177486419677734,-0.021457672119140625,0.617102861404419,0.39862287044525146,-0.054070912301540375,0.7574012279510498,0.4081107974052429,-0.07088387757539749,0.8603355884552002,0.42324337363243103,-0.07919010519981384,0.42000827193260193,0.4508741796016693,-0.0782124251127243,0.5973464250564575,0.4146765470504761,-0.10256393998861313,0.7076973915100098,0.413347452878952,-0.10528969019651413,0.7967910766601562,0.4209516644477844,-0.10383382439613342,C
0.25847598910331726,0.719387412071228,1.312941776632215e-06,0.4411740005016327,0.695690929889679,0.03011571802198887,0.5673147439956665,0.642278790473938,0.029892772436141968,0.6855601668357849,0.6254652738571167,0.009733210317790508,0.7933324575424194,0.6265483498573303,-0.009060272946953773,0.41069936752319336,0.4290867745876312,0.08162300288677216,0.5992627739906311,0.41819334030151367,0.0462401881814003,0.739498496055603,0.4280523359775543,0.0016065329546108842,0.8433536291122437,0.44349390268325806,-0.03018888644874096,0.3889290690422058,0.41297847032546997,0.03361630439758301,0.6174840927124023,0.3992447257041931,-0.0012755927164107561,0.7611852288246155,0.41141653060913086,-0.036188092082738876,0.8725529909133911,0.42592737078666687,-0.05976756289601326,0.39368608593940735,0.42177486419677734,-0.021457672119140625,0.617102861404419,0.39862287044525146,-0.054070912301540375,0.7574012279510498,0.4081107974052429,-0.07088387757539749,0.8603355884552002,0.42324337363243103,-0.07919010519981384,0.42000827193260193,0.4508741796016693,-0.0782124251127243,0.5973464250564575,0.4146765470504761,-0.10256393998861313,0.7076973915100098,0.413347452878952,-0.10528969019651413,0.7967910766601562,0.4209516644477844,-0.10383382439613342,C
0.2508370280265808,0.7200688123703003,1.2439491001714487e-06,0.4370148479938507,0.694537341594696,0.04863465204834938,0.5617997050285339,0.6399151682853699,0.05542765185236931,0.6762275695800781,0.6262568235397339,0.03730632737278938,0.7821968793869019,0.6303128004074097,0.019080156460404396,0.4134393632411957,0.43347594141960144,0.10397563129663467,0.5952829122543335,0.4176979064941406,0.07051391154527664,0.7341033220291138,0.4225860834121704,0.026602787896990776,0.8385872840881348,0.43499478697776794,-0.004653432406485081,0.38567912578582764,0.414445698261261,0.045011356472969055,0.609321117401123,0.3957802653312683,0.010937231592833996,0.7581433057785034,0.40738314390182495,-0.02627154253423214,0.8727408647537231,0.42769142985343933,-0.0519181452691555,0.3852042555809021,0.4193601608276367,-0.02041468769311905,0.6111683249473572,0.39444994926452637,-0.052590738981962204,0.755192756652832,0.4069032073020935,-0.07205311954021454,0.8594604134559631,0.4275488555431366,-0.08279605954885483,0.4096020758152008,0.44516658782958984,-0.08621299266815186,0.5899394154548645,0.4098408818244934,-0.1083335354924202,0.7019506692886353,0.4136204123497009,-0.11053928732872009,0.7900383472442627,0.4284394681453705,-0.10991054773330688,C
0.27368348836898804,0.7119288444519043,1.3405962135948357e-06,0.4420621991157532,0.6902400255203247,0.014356464147567749,0.5692178606987,0.6413084268569946,0.004063391126692295,0.6847826838493347,0.6263116002082825,-0.02338513545691967,0.7937977313995361,0.6203094720840454,-0.05001595616340637,0.42603084444999695,0.44012412428855896,0.05799674987792969,0.6001454591751099,0.42068782448768616,0.011201780289411545,0.7351254224777222,0.4230949282646179,-0.03922930732369423,0.8381134867668152,0.4320041537284851,-0.0734519436955452,0.4004039764404297,0.4228559136390686,0.014826814644038677,0.6162577867507935,0.4028928875923157,-0.028415458276867867,0.7563686370849609,0.40957146883010864,-0.06766588985919952,0.8672909736633301,0.41944700479507446,-0.09377982467412949,0.3981480896472931,0.42748844623565674,-0.036388229578733444,0.613489031791687,0.40288692712783813,-0.07729404419660568,0.7489829063415527,0.40934157371520996,-0.09646006673574448,0.8501811027526855,0.41949883103370667,-0.10522036254405975,0.4143916368484497,0.4522244334220886,-0.09021478146314621,0.5868260264396667,0.41512632369995117,-0.1191154196858406,0.697273850440979,0.41298118233680725,-0.1219947561621666,0.7857797145843506,0.419607549905777,-0.12012571841478348,C
0.24415628612041473,0.7246623039245605,1.0998812740581343e-06,0.44027280807495117,0.6991698741912842,0.041506145149469376,0.5673710107803345,0.642826497554779,0.043051209300756454,0.6794077157974243,0.6264095306396484,0.02132095955312252,0.7896089553833008,0.6294503808021545,0.00012332976621109992,0.4127286672592163,0.4310511350631714,0.0891098603606224,0.6040772199630737,0.42388784885406494,0.049477867782115936,0.7430788278579712,0.43296921253204346,0.002233765786513686,0.847326397895813,0.4483036398887634,-0.03137432783842087,0.3898589015007019,0.4146636724472046,0.03063824400305748,0.6239941120147705,0.4017230272293091,-0.009692894294857979,0.7665954828262329,0.4118764400482178,-0.047734491527080536,0.8774815797805786,0.4257515072822571,-0.07271900773048401,0.39398136734962463,0.4217512011528015,-0.03469470888376236,0.6239705085754395,0.39978644251823425,-0.06974533200263977,0.7645182609558105,0.40730851888656616,-0.087396040558815,0.8685119152069092,0.41930073499679565,-0.0964706540107727,0.4209778904914856,0.4501339793205261,-0.10135022550821304,0.5985844731330872,0.4123394787311554,-0.1262034922838211,0.712235689163208,0.40859365463256836,-0.1293230503797531,0.8052796125411987,0.4152141809463501,-0.12885889410972595,C
0.24415628612041473,0.7246623039245605,1.0998812740581343e-06,0.44027280807495117,0.6991698741912842,0.041506145149469376,0.5673710107803345,0.642826497554779,0.043051209300756454,0.6794077157974243,0.6264095306396484,0.02132095955312252,0.7896089553833008,0.6294503808021545,0.00012332976621109992,0.4127286672592163,0.4310511350631714,0.0891098603606224,0.6040772199630737,0.42388784885406494,0.049477867782115936,0.7430788278579712,0.43296921253204346,0.002233765786513686,0.847326397895813,0.4483036398887634,-0.03137432783842087,0.3898589015007019,0.4146636724472046,0.03063824400305748,0.6239941120147705,0.4017230272293091,-0.009692894294857979,0.7665954828262329,0.4118764400482178,-0.047734491527080536,0.8774815797805786,0.4257515072822571,-0.07271900773048401,0.39398136734962463,0.4217512011528015,-0.03469470888376236,0.6239705085754395,0.39978644251823425,-0.06974533200263977,0.7645182609558105,0.40730851888656616,-0.087396040558815,0.8685119152069092,0.41930073499679565,-0.0964706540107727,0.4209778904914856,0.4501339793205261,-0.10135022550821304,0.5985844731330872,0.4123394787311554,-0.1262034922838211,0.712235689163208,0.40859365463256836,-0.1293230503797531,0.8052796125411987,0.4152141809463501,-0.12885889410972595,C
0.2865156829357147,0.7114152908325195,1.3449487141770078e-06,0.4461314380168915,0.6931779384613037,0.013875985518097878,0.5716211795806885,0.6474958062171936,0.005794015247374773,0.6852169036865234,0.6297226548194885,-0.0206404197961092,0.7933958768844604,0.6225943565368652,-0.046922411769628525,0.468551903963089,0.4689643383026123,0.07403649389743805,0.6182101368904114,0.4398230314254761,0.030784297734498978,0.7478324174880981,0.437942773103714,-0.018562646582722664,0.8451074361801147,0.4456956386566162,-0.05137399584054947,0.4390120208263397,0.4447520077228546,0.03247135132551193,0.6297533512115479,0.4185492694377899,-0.0046182372607290745,0.7657206058502197,0.4191756546497345,-0.04309113323688507,0.8737839460372925,0.4268417954444885,-0.06924443691968918,0.423760324716568,0.437748521566391,-0.018766753375530243,0.6226394772529602,0.4086531400680542,-0.05561445280909538,0.756625771522522,0.41185542941093445,-0.07320482283830643,0.8589468002319336,0.4231185019016266,-0.0812525749206543,0.4218425154685974,0.44890454411506653,-0.07296226918697357,0.592470645904541,0.41182929277420044,-0.09972041845321655,0.7052131295204163,0.4120321273803711,-0.10074780136346817,0.7953054308891296,0.42293471097946167,-0.09749118983745575,C
0.2659119963645935,0.7289347052574158,1.4154848031466827e-06,0.454102486371994,0.7075287103652954,0.030689023435115814,0.5779710412025452,0.6521378755569458,0.032648466527462006,0.6935615539550781,0.6366523504257202,0.01428141724318266,0.8034098148345947,0.636493980884552,-0.0025698516983538866,0.4235973060131073,0.4392777979373932,0.08624870330095291,0.6111266613006592,0.43445876240730286,0.04709210619330406,0.7515296936035156,0.44287797808647156,-0.00011093638750026003,0.8572942018508911,0.45620259642601013,-0.033103421330451965,0.4017237424850464,0.42037689685821533,0.03642120584845543,0.6298643350601196,0.41151008009910583,-0.0022398442961275578,0.7746026515960693,0.42106497287750244,-0.04052039608359337,0.890061616897583,0.43526914715766907,-0.06559941172599792,0.4045824706554413,0.4280749261379242,-0.021281929686665535,0.6307084560394287,0.41327202320098877,-0.05847025662660599,0.7705696821212769,0.4231623709201813,-0.07740587741136551,0.8763779997825623,0.4365420639514923,-0.08631142973899841,0.4280821681022644,0.4580390751361847,-0.08060064911842346,0.610206127166748,0.42788004875183105,-0.10897830128669739,0.7239208221435547,0.42654383182525635,-0.11384397745132446,0.8186032772064209,0.43270134925842285,-0.11347910761833191,C
0.27971380949020386,0.7200392484664917,1.3362086974666454e-06,0.44032084941864014,0.7015120983123779,0.014405792579054832,0.5680774450302124,0.6502075791358948,0.007003111764788628,0.687371015548706,0.6352119445800781,-0.01680309697985649,0.798995316028595,0.6322394013404846,-0.04027223959565163,0.4408680498600006,0.4492586851119995,0.06036663055419922,0.6063128113746643,0.42594000697135925,0.017107289284467697,0.7384039759635925,0.4265160858631134,-0.02973298728466034,0.8384369611740112,0.43393146991729736,-0.06128202751278877,0.41429319977760315,0.42947471141815186,0.01907525770366192,0.6174701452255249,0.4085616171360016,-0.019206715747714043,0.7554739713668823,0.41352951526641846,-0.05525273084640503,0.865522027015686,0.4253641366958618,-0.07948009669780731,0.4079916477203369,0.43273890018463135,-0.030439456924796104,0.613917887210846,0.408572256565094,-0.0656038448214531,0.7478137016296387,0.4110386073589325,-0.08091220259666443,0.8507772088050842,0.41981518268585205,-0.08824339509010315,0.41794145107269287,0.4567829370498657,-0.08278026431798935,0.5830472707748413,0.41930341720581055,-0.10692194104194641,0.6906542778015137,0.41247472167015076,-0.1077057421207428,0.7785338163375854,0.41629278659820557,-0.1053040400147438,C
0.24338112771511078,0.7304090261459351,1.100453914659738e-06,0.44385290145874023,0.7008845806121826,0.04044398292899132,0.5698995590209961,0.6447031497955322,0.04643459618091583,0.6849198341369629,0.6311314105987549,0.02841033786535263,0.7919173240661621,0.6261681318283081,0.011872866190969944,0.40889841318130493,0.4331094026565552,0.10594670474529266,0.6011502146720886,0.4242219924926758,0.07220044732093811,0.7410514950752258,0.4331375062465668,0.02699236385524273,0.8452566862106323,0.4483509361743927,-0.0054263467900455,0.38834530115127563,0.41731736063957214,0.050416987389326096,0.6217709183692932,0.40434348583221436,0.016577739268541336,0.762678861618042,0.41584983468055725,-0.02139894850552082,0.8720928430557251,0.43351632356643677,-0.046510595828294754,0.3953154385089874,0.42607802152633667,-0.01294116023927927,0.6224068403244019,0.4043053984642029,-0.04237101227045059,0.759807825088501,0.41243845224380493,-0.06006965786218643,0.8617856502532959,0.4269866943359375,-0.06920009106397629,0.4249863922595978,0.45698460936546326,-0.0782395675778389,0.5999366044998169,0.4196574091911316,-0.0987253487110138,0.7061750888824463,0.41663074493408203,-0.099997378885746,0.7912790775299072,0.4257161021232605,-0.09802799671888351,C
0.268793523311615,0.7260881662368774,1.2892348877358017e-06,0.445058137178421,0.6993593573570251,0.03562863916158676,0.5694625377655029,0.6489489078521729,0.03875875100493431,0.6864365339279175,0.6331430673599243,0.019862398505210876,0.797533392906189,0.6328207850456238,0.0008847456774674356,0.4421245753765106,0.4539971351623535,0.09720603376626968,0.6155069470405579,0.43850427865982056,0.06041901931166649,0.751134991645813,0.4412676990032196,0.014156361110508442,0.8542357087135315,0.44931748509407043,-0.018264614045619965,0.4176248013973236,0.43067145347595215,0.045063041150569916,0.6318786144256592,0.4168953001499176,0.012201282195746899,0.7739735841751099,0.42370495200157166,-0.02532362937927246,0.8874205350875854,0.4380011260509491,-0.051830459386110306,0.4118536710739136,0.4299670159816742,-0.0153437415137887,0.6292476654052734,0.411887526512146,-0.045920468866825104,0.7653671503067017,0.4167819321155548,-0.06470900028944016,0.8690353631973267,0.42863473296165466,-0.07573036104440689,0.4219716489315033,0.45121726393699646,-0.07735603302717209,0.5935730338096619,0.4170205593109131,-0.0976947695016861,0.7011040449142456,0.41424256563186646,-0.09913385659456253,0.7894989252090454,0.4224483072757721,-0.09843209385871887,C
0.30382561683654785,0.7049539089202881,1.5335086800405406e-06,0.4514162540435791,0.694137692451477,0.009750187397003174,0.5719107389450073,0.6530930399894714,0.003916654735803604,0.6891780495643616,0.641173243522644,-0.016785597428679466,0.7924591302871704,0.633114755153656,-0.03625909239053726,0.4436796307563782,0.4474036991596222,0.06343521177768707,0.6065771579742432,0.42384058237075806,0.028283560648560524,0.7362403273582458,0.4265332520008087,-0.013243118301033974,0.8325196504592896,0.43484753370285034,-0.04101850092411041,0.4202130436897278,0.4248507618904114,0.029099980369210243,0.6176218390464783,0.4069562554359436,-0.002256071427837014,0.7534428238868713,0.41604506969451904,-0.03520098328590393,0.8608095645904541,0.43115028738975525,-0.057554613798856735,0.41996288299560547,0.4272342324256897,-0.0134661216288805,0.6159324645996094,0.40526336431503296,-0.04628679156303406,0.7503709197044373,0.4118252396583557,-0.06334517896175385,0.8528249859809875,0.42534151673316956,-0.07171444594860077,0.4355657994747162,0.4492003321647644,-0.058604639023542404,0.5954318642616272,0.41617047786712646,-0.08394814282655716,0.7023909687995911,0.4145753085613251,-0.08712001889944077,0.790786862373352,0.42295536398887634,-0.08573320508003235,C
0.2715974450111389,0.7248215675354004,1.4186712178343441e-06,0.4525737464427948,0.7066861391067505,0.04070763289928436,0.5769113898277283,0.6577541828155518,0.0427505224943161,0.6943442821502686,0.6438542604446411,0.022267207503318787,0.8037835955619812,0.6376381516456604,0.000849992735311389,0.4348266124725342,0.44395726919174194,0.08355055749416351,0.6138744950294495,0.4280126988887787,0.04495185241103172,0.7530462741851807,0.435441792011261,-0.0014578575501218438,0.8604136109352112,0.4489278495311737,-0.03433086350560188,0.41205114126205444,0.4245656728744507,0.027388552203774452,0.6289331316947937,0.4085004925727844,-0.00893548782914877,0.777124285697937,0.42123696208000183,-0.04628507420420647,0.8927310705184937,0.4424663782119751,-0.07250014692544937,0.41209039092063904,0.43260857462882996,-0.035057973116636276,0.6295381784439087,0.41115716099739075,-0.0689406618475914,0.7753589153289795,0.4220334589481354,-0.08668355643749237,0.8848499655723572,0.44071295857429504,-0.09743816405534744,0.43268099427223206,0.46392935514450073,-0.09819231927394867,0.6097251772880554,0.42981937527656555,-0.12556035816669464,0.7271668314933777,0.4307273328304291,-0.12997666001319885,0.8221802711486816,0.44209644198417664,-0.13072015345096588,C
0.2647286355495453,0.7347890138626099,1.3007088455196936e-06,0.46268099546432495,0.7078107595443726,0.04677332937717438,0.5824543237686157,0.6573003530502319,0.05032749101519585,0.6959641575813293,0.642524242401123,0.029759246855974197,0.8022900819778442,0.6494266986846924,0.010197906754910946,0.41761448979377747,0.43665724992752075,0.09593067318201065,0.6155906915664673,0.430660218000412,0.05919355899095535,0.7559831738471985,0.4415861964225769,0.014811895787715912,0.8628778457641602,0.45787590742111206,-0.016381924971938133,0.3931124806404114,0.42112764716148376,0.03699217364192009,0.6335572600364685,0.41215646266937256,-5.985187726764707e-06,0.7779252529144287,0.4257356822490692,-0.034749019891023636,0.8911693096160889,0.44557034969329834,-0.058114998042583466,0.3980027139186859,0.43087369203567505,-0.028456641361117363,0.6361478567123413,0.41622328758239746,-0.06063731759786606,0.7782247066497803,0.4277680814266205,-0.07693842053413391,0.8832136392593384,0.44549649953842163,-0.08572299778461456,0.42755597829818726,0.4619549512863159,-0.09471429884433746,0.6147453784942627,0.43273693323135376,-0.11491770297288895,0.7282469272613525,0.43137574195861816,-0.11613474041223526,0.820689857006073,0.4396899938583374,-0.11513596028089523,C
0.2558475136756897,0.7294960021972656,1.2377952316455776e-06,0.4541444182395935,0.7090423107147217,0.048975203186273575,0.5740525126457214,0.6564521789550781,0.05870910733938217,0.6877232193946838,0.6433781385421753,0.04361453652381897,0.7978479862213135,0.6435180902481079,0.028690356761217117,0.4230954647064209,0.44413450360298157,0.1114204078912735,0.6093800663948059,0.44027179479599,0.08283097296953201,0.7479670643806458,0.4495132267475128,0.04207221418619156,0.8513309955596924,0.462369829416275,0.012235581874847412,0.4019952714443207,0.42510318756103516,0.052888646721839905,0.6317838430404663,0.41716811060905457,0.022803306579589844,0.7745934724807739,0.4296818673610687,-0.011468453332781792,0.8866710662841797,0.44458916783332825,-0.03496271371841431,0.40449845790863037,0.4320047199726105,-0.012740641832351685,0.6335505247116089,0.4162919521331787,-0.04289910942316055,0.7755537033081055,0.42756152153015137,-0.06052086502313614,0.8806247711181641,0.4407145082950592,-0.07024604827165604,0.4294007420539856,0.46010178327560425,-0.07873042672872543,0.6145942807197571,0.428474485874176,-0.10165666788816452,0.7281623482704163,0.4290638864040375,-0.10431710630655289,0.820064127445221,0.4372805953025818,-0.10391474515199661,C
0.24947229027748108,0.7352761030197144,1.3067927966403659e-06,0.44440722465515137,0.7143061757087708,0.04188339784741402,0.5692116022109985,0.6594863533973694,0.047862157225608826,0.686656653881073,0.6449260115623474,0.03138023614883423,0.7994704246520996,0.6461505889892578,0.016260091215372086,0.4218258559703827,0.43882885575294495,0.09822128713130951,0.6143085956573486,0.4384379982948303,0.06446443498134613,0.7550365924835205,0.448483943939209,0.021196935325860977,0.8610068559646606,0.4626829922199249,-0.009599181823432446,0.3999879062175751,0.4207402467727661,0.042646970599889755,0.6308889985084534,0.41489043831825256,0.00840937439352274,0.7763460278511047,0.42698508501052856,-0.026658345013856888,0.8921245336532593,0.4441991448402405,-0.05037363991141319,0.4036053717136383,0.4292678236961365,-0.020204195752739906,0.6333304643630981,0.4154684245586395,-0.05240772292017937,0.7781825661659241,0.42698389291763306,-0.07083115726709366,0.8878408074378967,0.4432471990585327,-0.08093094825744629,0.43010589480400085,0.4604051113128662,-0.08407039940357208,0.6159312725067139,0.42977991700172424,-0.10813813656568527,0.7320824861526489,0.4299202859401703,-0.11277054250240326,0.8281121253967285,0.43874257802963257,-0.11352522671222687,C
0.27049630880355835,0.7298740148544312,1.3525952908821637e-06,0.4509339928627014,0.7074441313743591,0.030156336724758148,0.5737282037734985,0.6558061242103577,0.029800714924931526,0.6926766633987427,0.6434605121612549,0.009361949749290943,0.800972580909729,0.6428137421607971,-0.01100652851164341,0.43062490224838257,0.4453275203704834,0.0758833959698677,0.6109418272972107,0.434838205575943,0.032719653099775314,0.7498343586921692,0.4418875575065613,-0.016233988106250763,0.85573810338974,0.4538080394268036,-0.050234533846378326,0.4079572260379791,0.42742305994033813,0.025199661031365395,0.6268108487129211,0.41849300265312195,-0.015660807490348816,0.7706128358840942,0.4281865358352661,-0.05521760880947113,0.8856263160705566,0.44181984663009644,-0.08195502310991287,0.40794065594673157,0.43614694476127625,-0.03292366862297058,0.6253695487976074,0.42046836018562317,-0.07168222963809967,0.7656660079956055,0.42683157324790955,-0.09124953299760818,0.8737928867340088,0.43719297647476196,-0.10124682635068893,0.4260735809803009,0.46824806928634644,-0.09258118271827698,0.5996636152267456,0.4334873855113983,-0.12198477238416672,0.7116116285324097,0.4273506700992584,-0.1275472640991211,0.8064236044883728,0.43081891536712646,-0.12826281785964966,C
0.24242091178894043,0.7326061725616455,1.3174154673833982e-06,0.44170746207237244,0.7103779315948486,0.04514061287045479,0.5686387419700623,0.6544702053070068,0.051062796264886856,0.6907305717468262,0.6413867473602295,0.032572388648986816,0.8028311729431152,0.6416088342666626,0.013947181403636932,0.42094144225120544,0.4377836287021637,0.10057323426008224,0.6070315837860107,0.4308012127876282,0.06840017437934875,0.7467612028121948,0.43868231773376465,0.02526783011853695,0.8525353670120239,0.4515421986579895,-0.006360023748129606,0.39953163266181946,0.41934633255004883,0.04243316501379013,0.6284692287445068,0.4105900824069977,0.011219792999327183,0.7728018760681152,0.4228639006614685,-0.0238204225897789,0.8856936693191528,0.4388311505317688,-0.048179805278778076,0.4027369022369385,0.4290093183517456,-0.022505726665258408,0.6260989904403687,0.413665235042572,-0.05014277994632721,0.7671023011207581,0.42566102743148804,-0.06581749767065048,0.8722132444381714,0.4400317370891571,-0.07533780485391617,0.4273419678211212,0.4624713361263275,-0.08862007409334183,0.6053140759468079,0.42749127745628357,-0.10799962282180786,0.7168239951133728,0.426322340965271,-0.10846761614084244,0.8073683977127075,0.43394508957862854,-0.10725148022174835,C
0.24716031551361084,0.7373752593994141,1.1199615528312279e-06,0.441478967666626,0.711977481842041,0.0353483147919178,0.5687747001647949,0.6570102572441101,0.034440312534570694,0.6846364140510559,0.6423059105873108,0.009894338436424732,0.8003839254379272,0.6434018015861511,-0.014215474016964436,0.4315362572669983,0.4462178647518158,0.09049609303474426,0.613919734954834,0.4325917959213257,0.04807307571172714,0.7530640959739685,0.440307080745697,-0.002223195740953088,0.8591676950454712,0.4522673785686493,-0.0377383828163147,0.40604349970817566,0.4292552173137665,0.03417487442493439,0.6297181844711304,0.41439005732536316,-0.004379588644951582,0.771314263343811,0.42490479350090027,-0.04246028512716293,0.8846791982650757,0.43927517533302307,-0.0690062865614891,0.4052765667438507,0.43579891324043274,-0.03083966299891472,0.6283427476882935,0.4173120856285095,-0.06588742136955261,0.7660629749298096,0.4243162274360657,-0.08457958698272705,0.8704153895378113,0.4376729130744934,-0.09501300007104874,0.42697757482528687,0.46526241302490234,-0.09814462810754776,0.6033458113670349,0.4305843114852905,-0.12221857160329819,0.7154552936553955,0.42831817269325256,-0.12522877752780914,0.8069798946380615,0.4385838508605957,-0.12530502676963806,C
0.29393476247787476,0.6078996062278748,1.4452383538809954e-06,0.4231111705303192,0.6062480211257935,-0.004859096370637417,0.5510722398757935,0.5630114674568176,-0.008278345689177513,0.6614695191383362,0.5459684729576111,-0.022240526974201202,0.7567453384399414,0.530241072177887,-0.03637835010886192,0.47374027967453003,0.42393216490745544,0.0591961033642292,0.58865886926651,0.380582720041275,0.03281702846288681,0.6911107301712036,0.3649858236312866,0.00019562238594517112,0.7693952918052673,0.3581460416316986,-0.020995784550905228,0.4492374658584595,0.3961632549762726,0.03534431383013725,0.5900552272796631,0.3521747589111328,0.009531918913125992,0.7006957530975342,0.3408479392528534,-0.02330084517598152,0.7917933464050293,0.34023088216781616,-0.04327648878097534,0.4266788065433502,0.37934619188308716,0.0026480499655008316,0.5707844495773315,0.326693594455719,-0.025318576022982597,0.6823825836181641,0.31575238704681396,-0.04318785294890404,0.7715215682983398,0.3146592974662781,-0.05094173550605774,0.40360137820243835,0.3733002841472626,-0.03284376114606857,0.5301696062088013,0.3195200562477112,-0.053515587002038956,0.6238737106323242,0.30562320351600647,-0.05549043044447899,0.7038095593452454,0.3046360909938812,-0.0530957356095314,C
0.2819080054759979,0.7263228893280029,1.2837001577281626e-06,0.4461967349052429,0.7087526321411133,0.022842388600111008,0.5713856816291809,0.656419038772583,0.020128097385168076,0.6864012479782104,0.6420629024505615,-0.0025169539730995893,0.7983042001724243,0.6366721987724304,-0.025058850646018982,0.4475599229335785,0.46055492758750916,0.08193910866975784,0.611533522605896,0.44289761781692505,0.04174447059631348,0.7439827919006348,0.4440155029296875,-0.006299740169197321,0.8459516167640686,0.452347993850708,-0.040231555700302124,0.4216877520084381,0.4396156072616577,0.03426147252321243,0.6273887157440186,0.4199776351451874,-0.0023312829434871674,0.7659596800804138,0.4256556034088135,-0.04088946059346199,0.878637433052063,0.4356386363506317,-0.0675695464015007,0.41393789649009705,0.44101014733314514,-0.02236177958548069,0.6229394674301147,0.42002981901168823,-0.05993492156267166,0.7575229406356812,0.4274428188800812,-0.07968341559171677,0.8603873252868652,0.43889790773391724,-0.09008091688156128,0.4239025413990021,0.46437782049179077,-0.08135885745286942,0.5953051447868347,0.4340572655200958,-0.10960949212312698,0.7054418325424194,0.43500420451164246,-0.11317644268274307,0.7960920333862305,0.44402533769607544,-0.11274810880422592,C
0.24982407689094543,0.7304782867431641,1.3702566548090545e-06,0.4449087977409363,0.7100404500961304,0.04646098613739014,0.5689849257469177,0.656843900680542,0.05259304493665695,0.6893811225891113,0.6438712477684021,0.03416215255856514,0.8017513751983643,0.6448924541473389,0.01624651812016964,0.42183181643486023,0.43811240792274475,0.10699261724948883,0.6100718379020691,0.4346950054168701,0.07609686255455017,0.7494386434555054,0.4452901780605316,0.03275001794099808,0.8572527170181274,0.4597063958644867,0.0007993524777702987,0.40070825815200806,0.4194274842739105,0.04839593917131424,0.631811797618866,0.4130796790122986,0.018061840906739235,0.7753217220306396,0.42615145444869995,-0.017999110743403435,0.8904172778129578,0.4440452456474304,-0.04316384717822075,0.40419819951057434,0.4280219078063965,-0.01711338758468628,0.6316359639167786,0.4155210256576538,-0.045327700674533844,0.7758094072341919,0.42907655239105225,-0.061921145766973495,0.8851699829101562,0.4449831545352936,-0.07179632782936096,0.4291769564151764,0.4603417217731476,-0.08350557833909988,0.6162627935409546,0.4296385645866394,-0.10326451063156128,0.7312943935394287,0.4320763647556305,-0.10362893342971802,0.8258253335952759,0.44187718629837036,-0.10210300236940384,C
0.23771129548549652,0.7392102479934692,1.063843001247733e-06,0.4378456175327301,0.7155025005340576,0.04519053176045418,0.5701978802680969,0.6575345396995544,0.05596188083291054,0.6828511953353882,0.6395403146743774,0.043469034135341644,0.7943650484085083,0.642019510269165,0.03148641064763069,0.4326973557472229,0.44895991683006287,0.10496054589748383,0.6147393584251404,0.4399932026863098,0.07310972362756729,0.7503958344459534,0.44640007615089417,0.03055316023528576,0.8555431365966797,0.45923277735710144,-0.0009407490724697709,0.4067995846271515,0.42863866686820984,0.04792463034391403,0.6339130997657776,0.4138202369213104,0.014013911597430706,0.7741345167160034,0.4241786301136017,-0.023059405386447906,0.8889168500900269,0.43963971734046936,-0.047712258994579315,0.4039843678474426,0.4345930814743042,-0.01610080897808075,0.629520058631897,0.41229450702667236,-0.050819650292396545,0.7681514620780945,0.42326468229293823,-0.07131955772638321,0.8746706247329712,0.43873322010040283,-0.0820179134607315,0.4218793213367462,0.46375802159309387,-0.08055983483791351,0.6063732504844666,0.4282502233982086,-0.10853787511587143,0.7196959257125854,0.4292241930961609,-0.11465813964605331,0.8139840364456177,0.43883419036865234,-0.11590082198381424,C
0.24999335408210754,0.7371934652328491,1.171185203929781e-06,0.4425281882286072,0.7090752124786377,0.041700415313243866,0.5684223771095276,0.6518301963806152,0.04344293102622032,0.6892539262771606,0.6373997926712036,0.021986640989780426,0.7999544143676758,0.6358412504196167,0.0011532800272107124,0.4077396094799042,0.4307332932949066,0.09473484009504318,0.6013308763504028,0.4239138066768646,0.0606578066945076,0.7411284446716309,0.4359179437160492,0.013849620707333088,0.8471643924713135,0.45433610677719116,-0.02120152860879898,0.3897818922996521,0.41707250475883484,0.03721202537417412,0.6251022815704346,0.4066927433013916,0.003211927367374301,0.7687448263168335,0.42191335558891296,-0.03664761781692505,0.879024088382721,0.44262588024139404,-0.0643925592303276,0.39869382977485657,0.4299444556236267,-0.02647535875439644,0.624042272567749,0.4090728461742401,-0.055345065891742706,0.7651228904724121,0.42115479707717896,-0.07253926992416382,0.8688621520996094,0.4390625059604645,-0.0827837660908699,0.42984461784362793,0.46709495782852173,-0.09161578118801117,0.6030176877975464,0.4292585849761963,-0.11216121166944504,0.7143144607543945,0.42581799626350403,-0.11328054219484329,0.8046543598175049,0.43332716822624207,-0.11202492564916611,C
0.264835000038147,0.7320754528045654,1.3221826975495787e-06,0.4451623558998108,0.7108479142189026,0.03334791585803032,0.5709660649299622,0.657461941242218,0.03188315033912659,0.6877000331878662,0.64198899269104,0.008448978886008263,0.7987678050994873,0.638827919960022,-0.014815705828368664,0.4302716553211212,0.44404834508895874,0.0853186771273613,0.6102261543273926,0.42824068665504456,0.04425213858485222,0.750011682510376,0.4351807236671448,-0.004452573135495186,0.8554394245147705,0.4473058879375458,-0.03846406191587448,0.40586498379707336,0.4274328052997589,0.03133050724864006,0.6260138154029846,0.41161012649536133,-0.006703144405037165,0.7710332870483398,0.4216514527797699,-0.04561459273099899,0.8848081827163696,0.43740952014923096,-0.07237311452627182,0.40569445490837097,0.4348505139350891,-0.030499188229441643,0.6251000761985779,0.41549959778785706,-0.06472349166870117,0.7654130458831787,0.4241030514240265,-0.08232177048921585,0.8707090020179749,0.4384284019470215,-0.09205760806798935,0.42574289441108704,0.46591776609420776,-0.09429749846458435,0.6006879806518555,0.4303199350833893,-0.11856664717197418,0.7133022546768188,0.4284673035144806,-0.12114745378494263,0.8046329021453857,0.4375189244747162,-0.12062752991914749,C
0.26155561208724976,0.736067533493042,1.2950970358360792e-06,0.4483581781387329,0.7103697657585144,0.038798704743385315,0.5736446380615234,0.6565507054328918,0.03879879042506218,0.6898677945137024,0.6382097005844116,0.016209404915571213,0.8012408018112183,0.6397544145584106,-0.005644571501761675,0.42253100872039795,0.4372899532318115,0.09329435229301453,0.6091440916061401,0.4280985891819,0.060546550899744034,0.7476496696472168,0.436506450176239,0.017608636990189552,0.8507503867149353,0.450959175825119,-0.01365561131387949,0.4007324278354645,0.4203691780567169,0.03810751438140869,0.6288418173789978,0.41055527329444885,0.0069455914199352264,0.7704665660858154,0.4223564863204956,-0.026998769491910934,0.881948709487915,0.43810760974884033,-0.05087130889296532,0.4063333570957184,0.42953091859817505,-0.024002140387892723,0.6299393773078918,0.41188952326774597,-0.05196095257997513,0.7704756259918213,0.4210575222969055,-0.06573037058115005,0.876202404499054,0.43488720059394836,-0.07377948611974716,0.43406742811203003,0.4620567560195923,-0.08776042610406876,0.6098991632461548,0.42499426007270813,-0.10628365725278854,0.7215673923492432,0.42329472303390503,-0.10494859516620636,0.8124172687530518,0.4321626126766205,-0.10219083726406097,C
0.24456459283828735,0.7398197650909424,1.1018249779226608e-06,0.44749224185943604,0.7119218111038208,0.04754192754626274,0.5696274042129517,0.6557134389877319,0.05658295750617981,0.6819357872009277,0.641186535358429,0.04031788557767868,0.793369710445404,0.6421862840652466,0.024610787630081177,0.4131830036640167,0.44780561327934265,0.10827875882387161,0.5999110341072083,0.4369471073150635,0.07619805634021759,0.7388604879379272,0.4453374147415161,0.033805958926677704,0.8442310094833374,0.4601632058620453,0.002867019036784768,0.3905496895313263,0.4301775395870209,0.0494471974670887,0.6252427697181702,0.41418585181236267,0.016235409304499626,0.7673040628433228,0.42583516240119934,-0.01940598525106907,0.8796433210372925,0.44241732358932495,-0.043345142155885696,0.39421963691711426,0.43712979555130005,-0.016839368268847466,0.6247822046279907,0.4157063066959381,-0.04880071431398392,0.766577422618866,0.4262118339538574,-0.06897392868995667,0.8727482557296753,0.44222596287727356,-0.08022698014974594,0.4214644134044647,0.4653037190437317,-0.08397243171930313,0.6012672185897827,0.4300376772880554,-0.10826084017753601,0.7137322425842285,0.4313812851905823,-0.11337365210056305,0.8056972622871399,0.44346746802330017,-0.11470600217580795,C
0.26875919103622437,0.7334874272346497,1.4086436976867844e-06,0.4495847821235657,0.7147849798202515,0.023988036438822746,0.5712546110153198,0.6613203287124634,0.019849807024002075,0.687407910823822,0.6483713388442993,-0.003928637132048607,0.800079345703125,0.6444880366325378,-0.02672765590250492,0.42266836762428284,0.44666168093681335,0.06970851123332977,0.6098383665084839,0.43256497383117676,0.024888306856155396,0.75275719165802,0.44007229804992676,-0.024077512323856354,0.8612629175186157,0.45155778527259827,-0.057479679584503174,0.39845332503318787,0.42951568961143494,0.02110408991575241,0.6220113635063171,0.41340869665145874,-0.020463787019252777,0.7697649002075195,0.42503806948661804,-0.05815393850207329,0.8860065937042236,0.44242778420448303,-0.08358769118785858,0.400436669588089,0.4394890367984772,-0.03572945296764374,0.625464677810669,0.41864603757858276,-0.07340098917484283,0.7686682343482971,0.4264945089817047,-0.09224269539117813,0.8750066757202148,0.440026193857193,-0.10198710113763809,0.4244276285171509,0.4730253517627716,-0.0948631763458252,0.6021217107772827,0.43420153856277466,-0.12124253064393997,0.7166740298271179,0.4290504455566406,-0.12567177414894104,0.809117317199707,0.4353794455528259,-0.12622596323490143,C
0.2660124599933624,0.7345433235168457,1.3790875073027564e-06,0.4572361707687378,0.7121894359588623,0.03449215739965439,0.5770271420478821,0.6579396724700928,0.035150062292814255,0.6920770406723022,0.6436368227005005,0.013990065082907677,0.8022252321243286,0.6443781852722168,-0.0066421967931091785,0.42106080055236816,0.4395916759967804,0.08743975311517715,0.6109122037887573,0.4339442551136017,0.047866303473711014,0.7511588335037231,0.4416337013244629,0.00040895561687648296,0.8575317859649658,0.453871488571167,-0.033035535365343094,0.3984891176223755,0.4237976670265198,0.033446021378040314,0.629431962966919,0.41466954350471497,-0.004997457843273878,0.7742476463317871,0.4250543713569641,-0.042682480067014694,0.8907111287117004,0.4401099383831024,-0.06781172007322311,0.4023934006690979,0.4336749017238617,-0.028322570025920868,0.6301401853561401,0.4192102253437042,-0.06358443945646286,0.7736209630966187,0.42704764008522034,-0.08148349076509476,0.8838213086128235,0.43807655572891235,-0.09076270461082458,0.4274449348449707,0.46699604392051697,-0.09177736192941666,0.6085334420204163,0.43428879976272583,-0.11600426584482193,0.7204452157020569,0.4302769601345062,-0.11826471984386444,0.813421368598938,0.4346100389957428,-0.11732351779937744,C
0.23756521940231323,0.7406556606292725,1.173641976492945e-06,0.4356552064418793,0.7195138931274414,0.05716884881258011,0.568788468837738,0.6595925092697144,0.06780268996953964,0.6888744235038757,0.6424585580825806,0.05186232924461365,0.7982560396194458,0.6472099423408508,0.035063471645116806,0.43159815669059753,0.4440777897834778,0.11306430399417877,0.61341392993927,0.43391337990760803,0.08615831285715103,0.7473941445350647,0.43971505761146545,0.04757317528128624,0.8501071333885193,0.4525965750217438,0.018628334626555443,0.4027564227581024,0.42644643783569336,0.04878900200128555,0.6297742128372192,0.4146827459335327,0.021738920360803604,0.7697688341140747,0.426052451133728,-0.010235408321022987,0.8813574314117432,0.4442253112792969,-0.03255636245012283,0.3991851210594177,0.43415600061416626,-0.021481169387698174,0.6265785098075867,0.41835817694664,-0.04469039663672447,0.7689322829246521,0.427295058965683,-0.05917459726333618,0.8777711391448975,0.44161611795425415,-0.06902365386486053,0.42025667428970337,0.46643584966659546,-0.09215250611305237,0.6057344675064087,0.4366931915283203,-0.10844814777374268,0.7219443321228027,0.4358229637145996,-0.10931070894002914,0.8175771236419678,0.4439603090286255,-0.10933259129524231,C
0.2483951896429062,0.7418906092643738,1.1876917369590956e-06,0.4449463188648224,0.7157959938049316,0.0618399903178215,0.5735203623771667,0.6597889065742493,0.07741700112819672,0.6889426708221436,0.6424850821495056,0.06471887230873108,0.7993233799934387,0.6448317766189575,0.05172774940729141,0.4254146218299866,0.4457009434700012,0.12971311807632446,0.6115133166313171,0.43072083592414856,0.10560055077075958,0.7518649101257324,0.43974533677101135,0.06647957861423492,0.8573206067085266,0.4557589292526245,0.03787058964371681,0.4051237106323242,0.42880702018737793,0.06509172171354294,0.6322968006134033,0.4118637144565582,0.041157353669404984,0.7788596153259277,0.42626363039016724,0.005953229032456875,0.8900525569915771,0.451626181602478,-0.01898464374244213,0.40955835580825806,0.43693026900291443,-0.005741418804973364,0.6341537833213806,0.4144171178340912,-0.027315670624375343,0.779314398765564,0.4283696115016937,-0.04542839899659157,0.8854756355285645,0.45208701491355896,-0.05742938444018364,0.43634429574012756,0.4659738540649414,-0.07658787071704865,0.6182959079742432,0.432785302400589,-0.0916043221950531,0.7356338500976562,0.43524202704429626,-0.09284934401512146,0.8298344016075134,0.45012199878692627,-0.09281937032938004,C
0.2641448378562927,0.7396882772445679,1.3231424418336246e-06,0.4464075565338135,0.7129725813865662,0.034323398023843765,0.5699446797370911,0.658647358417511,0.034237489104270935,0.6855586767196655,0.642547607421875,0.013524726033210754,0.7979025840759277,0.6385221481323242,-0.006270499434322119,0.41907036304473877,0.4406857490539551,0.08744228631258011,0.6090837121009827,0.43441054224967957,0.05075469985604286,0.7492749691009521,0.4446520209312439,0.003710811259225011,0.8568443059921265,0.45970213413238525,-0.030928244814276695,0.3959847688674927,0.42247098684310913,0.0345500186085701,0.6291722059249878,0.41271501779556274,-0.0018666975665837526,0.7735997438430786,0.42599040269851685,-0.04050011560320854,0.8888782262802124,0.44346681237220764,-0.06737922877073288,0.3972508907318115,0.43066251277923584,-0.02546541765332222,0.6264501214027405,0.4148225486278534,-0.058920249342918396,0.7678477764129639,0.4252000153064728,-0.07687953114509583,0.8755064010620117,0.439954549074173,-0.08702253550291061,0.4197855293750763,0.4641605615615845,-0.0869566798210144,0.6031825542449951,0.4318367838859558,-0.11262044310569763,0.7168835401535034,0.4310753345489502,-0.11615744978189468,0.8109345436096191,0.4375259578227997,-0.11595384031534195,C
0.24489885568618774,0.7412151098251343,1.1620946906987228e-06,0.44639578461647034,0.7140448093414307,0.05781522020697594,0.5690380334854126,0.6576139330863953,0.06838371604681015,0.6834808588027954,0.6437748074531555,0.0515267588198185,0.7939865589141846,0.6468106508255005,0.0342237651348114,0.4137665331363678,0.44086959958076477,0.115884929895401,0.5985708236694336,0.4295756220817566,0.08272595703601837,0.740594744682312,0.43940138816833496,0.03755580633878708,0.8489043116569519,0.45547789335250854,0.004819715861231089,0.3914816975593567,0.4258683919906616,0.050590630620718,0.6229085922241211,0.40873298048973083,0.016128232702612877,0.7699611186981201,0.4230205714702606,-0.023216156288981438,0.8836805820465088,0.4464866518974304,-0.049713507294654846,0.39510732889175415,0.43626341223716736,-0.02085702493786812,0.6203404664993286,0.4121834337711334,-0.05029083043336868,0.7643750309944153,0.4256727397441864,-0.06927691400051117,0.8706732988357544,0.44768503308296204,-0.08034557104110718,0.42143911123275757,0.46991676092147827,-0.09250947833061218,0.5979432463645935,0.42991676926612854,-0.11351198703050613,0.7120606303215027,0.43022942543029785,-0.11664867401123047,0.8052554130554199,0.44306108355522156,-0.1171104833483696,C
0.22769352793693542,0.7416625618934631,1.151255787590344e-06,0.425045371055603,0.7224363088607788,0.051282159984111786,0.5629515051841736,0.6610286235809326,0.06006448343396187,0.6823650598526001,0.6413430571556091,0.044246211647987366,0.789779543876648,0.6473900079727173,0.02905900590121746,0.4218693971633911,0.43840545415878296,0.10335572808980942,0.6131396889686584,0.43322739005088806,0.07250916957855225,0.7490538358688354,0.4402347207069397,0.03154163435101509,0.8528733253479004,0.45494863390922546,0.0004906840622425079,0.3911377489566803,0.4208672046661377,0.040036141872406006,0.6265497803688049,0.41059547662734985,0.004769704770296812,0.7698512077331543,0.4249888062477112,-0.03078484535217285,0.8847004771232605,0.448098361492157,-0.05428467318415642,0.38988950848579407,0.4309712052345276,-0.02909848839044571,0.6227975487709045,0.412801593542099,-0.06033290922641754,0.7720803022384644,0.42497220635414124,-0.07652615755796432,0.8875605463981628,0.44227156043052673,-0.08545615524053574,0.4156646728515625,0.4673229455947876,-0.09883660823106766,0.6071783304214478,0.4319833815097809,-0.11976081132888794,0.7260122299194336,0.43091869354248047,-0.12117330729961395,0.8234000205993652,0.44052091240882874,-0.12063620984554291,C
0.23199677467346191,0.7448841333389282,1.0876481155719375e-06,0.42915084958076477,0.7199651002883911,0.05430890619754791,0.5632707476615906,0.6635503172874451,0.0616035982966423,0.6825741529464722,0.6455667018890381,0.04152531921863556,0.7953850030899048,0.6473740339279175,0.02041270025074482,0.4342133700847626,0.4529649317264557,0.11080586165189743,0.6104379296302795,0.42976927757263184,0.07958823442459106,0.7469266653060913,0.4342098534107208,0.03735413774847984,0.8524133563041687,0.445300430059433,0.006602581590414047,0.4079516530036926,0.4380377233028412,0.04562363028526306,0.6242588758468628,0.412828654050827,0.015308761969208717,0.7679005861282349,0.4218028783798218,-0.020062120631337166,0.8791738152503967,0.4393734633922577,-0.0450187511742115,0.4046482741832733,0.44676756858825684,-0.026182834059000015,0.6213800311088562,0.42011815309524536,-0.05113629624247551,0.7653112411499023,0.4283260405063629,-0.06657875329256058,0.8716585636138916,0.4446328580379486,-0.07717037200927734,0.42270225286483765,0.47762611508369446,-0.09896990656852722,0.5960748195648193,0.43888282775878906,-0.11501084268093109,0.7116342782974243,0.4368298053741455,-0.11475003510713577,0.803709089756012,0.4477464258670807,-0.11428960412740707,C
0.25216180086135864,0.7466955780982971,1.235051968251355e-06,0.4409061074256897,0.7230623960494995,0.04296136647462845,0.5671113133430481,0.6684191823005676,0.05007283017039299,0.6835159063339233,0.6522427797317505,0.033176857978105545,0.7946329116821289,0.6508054137229919,0.015953192487359047,0.432817280292511,0.4627670645713806,0.09769176691770554,0.6114475727081299,0.44728976488113403,0.06097012013196945,0.750368058681488,0.45212170481681824,0.016990933567285538,0.8570367097854614,0.4606713354587555,-0.013978848233819008,0.40882623195648193,0.4426559507846832,0.04018523171544075,0.6252599954605103,0.4279138445854187,0.00480632483959198,0.7723172903060913,0.4382776618003845,-0.031792692840099335,0.8888739347457886,0.45513758063316345,-0.05717134103178978,0.4062317907810211,0.448221355676651,-0.025074198842048645,0.6226727962493896,0.4285829961299896,-0.0602475143969059,0.7678951025009155,0.43688148260116577,-0.07938313484191895,0.8779854774475098,0.45077136158943176,-0.09002311527729034,0.4237074851989746,0.4759557247161865,-0.09116769582033157,0.5966746211051941,0.4382462799549103,-0.11697019636631012,0.7108880281448364,0.4348519742488861,-0.12154992669820786,0.8059979677200317,0.44273966550827026,-0.12283703684806824,C
0.2456338107585907,0.7443089485168457,1.3525785789170186e-06,0.44105178117752075,0.722750723361969,0.04045797139406204,0.5683718323707581,0.667944073677063,0.04157019779086113,0.6870652437210083,0.6538797616958618,0.019843019545078278,0.8000121116638184,0.6549590826034546,-0.001039608265273273,0.4168234169483185,0.44244158267974854,0.09036879241466522,0.6094152927398682,0.43610870838165283,0.05213896185159683,0.7524466514587402,0.4457307457923889,0.004934202879667282,0.8619611263275146,0.45994046330451965,-0.028859514743089676,0.3950543999671936,0.42707011103630066,0.033162761479616165,0.6272182464599609,0.41735637187957764,-0.0025277866516262293,0.7748828530311584,0.4297177493572235,-0.04024399071931839,0.8913853168487549,0.44986337423324585,-0.06653440743684769,0.4008520841598511,0.43971604108810425,-0.030879687517881393,0.6270136833190918,0.4221242070198059,-0.060623347759246826,0.7717734575271606,0.43080124258995056,-0.0772644579410553,0.8821176290512085,0.446879118680954,-0.08753973990678787,0.4298327565193176,0.47689637541770935,-0.09649209678173065,0.607304573059082,0.44333168864250183,-0.11570800095796585,0.7199459075927734,0.43874019384384155,-0.11709930747747421,0.8133190274238586,0.4451070725917816,-0.11681117862462997,C
0.23064543306827545,0.7401376962661743,1.2678733583015855e-06,0.4232095777988434,0.7161644697189331,0.041724178940057755,0.5619465112686157,0.6567212343215942,0.046144504100084305,0.6855993270874023,0.6383564472198486,0.026979833841323853,0.8006410598754883,0.6431570053100586,0.008464095182716846,0.41840851306915283,0.4458887279033661,0.09784470498561859,0.606450617313385,0.43279898166656494,0.06630183011293411,0.7475341558456421,0.441459596157074,0.02473798766732216,0.8532639741897583,0.45823782682418823,-0.004977269098162651,0.39120492339134216,0.4259173274040222,0.04224349185824394,0.6245850324630737,0.408284068107605,0.00947011448442936,0.7697131037712097,0.4231182932853699,-0.024365395307540894,0.8799152374267578,0.4440389573574066,-0.04619845747947693,0.38806554675102234,0.4305954873561859,-0.019961612299084663,0.6181554794311523,0.40466082096099854,-0.048965469002723694,0.7639115452766418,0.4190218150615692,-0.06464578211307526,0.8701310157775879,0.441546231508255,-0.07264027744531631,0.40903306007385254,0.45725029706954956,-0.08345645666122437,0.5978115200996399,0.42077869176864624,-0.10300125926733017,0.7161532640457153,0.4258091151714325,-0.10268929600715637,0.8077981472015381,0.44140177965164185,-0.09987751394510269,C
0.249612957239151,0.7357339859008789,1.2482416877901414e-06,0.4365575611591339,0.7081260681152344,0.041318994015455246,0.5629791617393494,0.6546393632888794,0.042778413742780685,0.6799988746643066,0.6420708298683167,0.020175406709313393,0.7924646139144897,0.6415441036224365,-0.0027137494180351496,0.4221798777580261,0.4498266279697418,0.0921127200126648,0.6037633419036865,0.43644577264785767,0.04853394627571106,0.7471110820770264,0.4421689212322235,-0.0023571932688355446,0.85813307762146,0.45399826765060425,-0.037708036601543427,0.3983213007450104,0.4319882392883301,0.03326733410358429,0.6202167272567749,0.4169934093952179,-0.006802464835345745,0.7684323787689209,0.4258776009082794,-0.04678457975387573,0.887728214263916,0.44359758496284485,-0.07440584152936935,0.39801037311553955,0.43830981850624084,-0.033327847719192505,0.619580864906311,0.41820186376571655,-0.06788425892591476,0.7611058354377747,0.42480552196502686,-0.08662763237953186,0.8683257102966309,0.44014424085617065,-0.09737035632133484,0.41932395100593567,0.468128502368927,-0.1015678271651268,0.5928647518157959,0.43106549978256226,-0.12463298439979553,0.7065838575363159,0.4279521703720093,-0.1276651918888092,0.7998086214065552,0.43839365243911743,-0.12811192870140076,C
0.25197482109069824,0.726508617401123,1.2615665809789789e-06,0.439360111951828,0.7029439806938171,0.03179830312728882,0.5660805702209473,0.6476792097091675,0.033694103360176086,0.6798155307769775,0.6330455541610718,0.013937493786215782,0.7889717817306519,0.6322318315505981,-0.005524262320250273,0.4229864776134491,0.43998101353645325,0.08897154033184052,0.6036401987075806,0.4310624599456787,0.04939359799027443,0.7410032749176025,0.43579915165901184,0.0018189038382843137,0.8447679281234741,0.44719621539115906,-0.0317569375038147,0.3943902254104614,0.42056065797805786,0.03702830895781517,0.6190463304519653,0.4084828197956085,-0.002217005006968975,0.7619985938072205,0.4163602292537689,-0.04115693271160126,0.8771398067474365,0.4284367263317108,-0.06713118404150009,0.3901374936103821,0.42630070447921753,-0.023260796442627907,0.61598140001297,0.4075884521007538,-0.06197766214609146,0.755061149597168,0.4136630892753601,-0.08305872976779938,0.8609782457351685,0.42412957549095154,-0.0935014858841896,0.40624168515205383,0.45458245277404785,-0.08524449914693832,0.5867809057235718,0.4224945902824402,-0.1139451265335083,0.6984853148460388,0.419511079788208,-0.11937842518091202,0.7908703088760376,0.4259028732776642,-0.11994656175374985,C
0.2792184352874756,0.6350908279418945,1.5905758345979848e-06,0.4189777672290802,0.6234557032585144,0.0003061122843064368,0.5470390915870667,0.5755693912506104,-0.012617110274732113,0.6646792888641357,0.555755615234375,-0.037665337324142456,0.7733690738677979,0.5488288998603821,-0.06010454520583153,0.43041521310806274,0.39116495847702026,0.05787273123860359,0.5781832337379456,0.3677766025066376,0.023438971489667892,0.6986174583435059,0.3635907471179962,-0.017218517139554024,0.7884358763694763,0.3659110367298126,-0.044545263051986694,0.4029480516910553,0.36669009923934937,0.026377525180578232,0.580552339553833,0.3421909213066101,-0.004431764595210552,0.7076241970062256,0.34179598093032837,-0.035046424716711044,0.8127308487892151,0.3507619798183441,-0.05463516339659691,0.3946562111377716,0.36097460985183716,-0.014191620983183384,0.5750589370727539,0.3277859389781952,-0.04344126582145691,0.7018764615058899,0.3269665837287903,-0.055385805666446686,0.801898717880249,0.3370938301086426,-0.05956623703241348,0.40359804034233093,0.37493520975112915,-0.058745987713336945,0.5548409819602966,0.33127227425575256,-0.07799514383077621,0.656166672706604,0.32117581367492676,-0.0769617035984993,0.7382566332817078,0.32443395256996155,-0.07290235161781311,C
0.213204026222229,0.737060546875,1.0203964393440401e-06,0.4212477207183838,0.7086029648780823,0.05872627720236778,0.5527591109275818,0.6504125595092773,0.06969244033098221,0.6698076725006104,0.6337897777557373,0.05232004448771477,0.780954122543335,0.6365259885787964,0.03433063626289368,0.4109615981578827,0.4399851858615875,0.11947041004896164,0.595420241355896,0.43298694491386414,0.08582126349210739,0.7337151765823364,0.4402659833431244,0.04011828824877739,0.8407570123672485,0.4522742033004761,0.006136936601251364,0.38450536131858826,0.42059481143951416,0.0510646291077137,0.6177629232406616,0.4076141119003296,0.01537509448826313,0.7613373398780823,0.4196266233921051,-0.024115106090903282,0.8747289180755615,0.43655404448509216,-0.051262181252241135,0.3819184899330139,0.4258195757865906,-0.024199072271585464,0.6143145561218262,0.4066217839717865,-0.05802902951836586,0.7569077014923096,0.41960608959198,-0.0785696730017662,0.863967776298523,0.43779346346855164,-0.09053537994623184,0.40173986554145813,0.45433175563812256,-0.09978479146957397,0.5870784521102905,0.4202335476875305,-0.1247844249010086,0.7035108804702759,0.42283907532691956,-0.12934185564517975,0.7997901439666748,0.4366576075553894,-0.13088375329971313,C
0.25831955671310425,0.7274384498596191,1.3063300912108389e-06,0.4345806837081909,0.7028799057006836,0.0250802431255579,0.5635071396827698,0.6508939862251282,0.02329416573047638,0.6796354055404663,0.6344575881958008,0.002055129501968622,0.7897506952285767,0.6300117373466492,-0.01798609457910061,0.41924652457237244,0.442624568939209,0.08744163811206818,0.5938839912414551,0.43129944801330566,0.0497923381626606,0.7317876815795898,0.4358125627040863,0.002703343518078327,0.8330997228622437,0.4465389847755432,-0.030025968328118324,0.394469290971756,0.42292797565460205,0.04131244122982025,0.6153043508529663,0.4121096730232239,0.006439662538468838,0.7551902532577515,0.4197092652320862,-0.030576132237911224,0.8653795719146729,0.42917385697364807,-0.05597550794482231,0.3926642835140228,0.4261069893836975,-0.013547313399612904,0.6121619343757629,0.4091966450214386,-0.0466977022588253,0.7490368485450745,0.4148179888725281,-0.06314130872488022,0.8518003225326538,0.4249458909034729,-0.07147479802370071,0.40911024808883667,0.4497676491737366,-0.07089649885892868,0.5793653130531311,0.418363481760025,-0.09429432451725006,0.687744677066803,0.4152277410030365,-0.09530848264694214,0.7761991620063782,0.42171016335487366,-0.09303853660821915,C
0.23506739735603333,0.7435235977172852,1.1324309525662102e-06,0.42636436223983765,0.7163972854614258,0.03715822100639343,0.558076024055481,0.6574362516403198,0.04274894669651985,0.6745046377182007,0.6419188380241394,0.02622239850461483,0.7848025560379028,0.6402946710586548,0.010197560302913189,0.41389262676239014,0.44876569509506226,0.09526389837265015,0.602030873298645,0.43962880969047546,0.058895859867334366,0.740963339805603,0.4472930431365967,0.013114485889673233,0.8446838855743408,0.4592657685279846,-0.019885525107383728,0.3900153934955597,0.42895248532295227,0.04126570001244545,0.6184468269348145,0.41465312242507935,0.0062033249996602535,0.7606030702590942,0.4247885048389435,-0.030436435714364052,0.8724387288093567,0.43709489703178406,-0.05548586696386337,0.38885945081710815,0.4348216950893402,-0.020804762840270996,0.6138843894004822,0.41031163930892944,-0.055700935423374176,0.7530831694602966,0.4178571403026581,-0.07505293935537338,0.8580621480941772,0.42904987931251526,-0.08527188748121262,0.4075168967247009,0.4643363356590271,-0.08421004563570023,0.5870479941368103,0.4261690378189087,-0.11105591058731079,0.69815593957901,0.4247589409351349,-0.11532475799322128,0.7882661819458008,0.43265920877456665,-0.11549670994281769,C
0.2441766858100891,0.7469253540039062,1.146852582678548e-06,0.44442081451416016,0.7150527834892273,0.032573506236076355,0.5693487524986267,0.6553509831428528,0.029899267479777336,0.684980034828186,0.6415838003158569,0.004670501686632633,0.7981916666030884,0.6350489854812622,-0.018340472131967545,0.40011224150657654,0.44316670298576355,0.08089988678693771,0.5930967926979065,0.4255564212799072,0.03628821671009064,0.7360296845436096,0.4356333017349243,-0.012443025596439838,0.84371018409729,0.45599159598350525,-0.04566477984189987,0.37744447588920593,0.4284927546977997,0.027692293748259544,0.616603672504425,0.4062248468399048,-0.015896441414952278,0.7613885402679443,0.4214690625667572,-0.0541347898542881,0.8725219964981079,0.44337570667266846,-0.07832956314086914,0.385255366563797,0.4382450580596924,-0.03321203216910362,0.619231641292572,0.41137126088142395,-0.07000093162059784,0.7604079246520996,0.4245797097682953,-0.088312529027462,0.8634412288665771,0.4465213716030121,-0.09693831950426102,0.41825753450393677,0.4696532189846039,-0.09637410193681717,0.5982797741889954,0.4346279799938202,-0.12045904248952866,0.71062171459198,0.434713751077652,-0.12331423908472061,0.7994198203086853,0.44615817070007324,-0.12224352359771729,C
0.24017001688480377,0.749762773513794,1.239120706486574e-06,0.43108803033828735,0.7253562211990356,0.04103058576583862,0.5662122964859009,0.663429319858551,0.044732023030519485,0.6864030361175537,0.6439299583435059,0.025851188227534294,0.7993977665901184,0.6491532921791077,0.008134052157402039,0.41770559549331665,0.4362744987010956,0.09381654113531113,0.6071709990501404,0.42422759532928467,0.06118144094944,0.7480769157409668,0.4327581524848938,0.018416499719023705,0.8544669151306152,0.44991034269332886,-0.013034502044320107,0.3939920961856842,0.4224657416343689,0.03817940503358841,0.6230614185333252,0.4054369628429413,0.00495957164093852,0.768971860408783,0.42040345072746277,-0.030466917902231216,0.884812593460083,0.44437530636787415,-0.05480548366904259,0.3985822796821594,0.43575334548950195,-0.023608412593603134,0.620832085609436,0.41082996129989624,-0.052182622253894806,0.7658052444458008,0.4254951775074005,-0.06721478700637817,0.8761125802993774,0.4496641755104065,-0.07604310661554337,0.42776840925216675,0.47323134541511536,-0.08691930770874023,0.6058052778244019,0.43537333607673645,-0.10584915429353714,0.7205633521080017,0.43470221757888794,-0.10672172158956528,0.8145929574966431,0.445717990398407,-0.10578633099794388,C
0.2640674114227295,0.738021194934845,1.2778888276443467e-06,0.4496048390865326,0.7179357409477234,0.036253392696380615,0.5799518823623657,0.6596845388412476,0.03813635930418968,0.6982877850532532,0.6423136591911316,0.018555160611867905,0.8107064962387085,0.6438060402870178,7.003478822298348e-05,0.44173842668533325,0.44491007924079895,0.08600137382745743,0.6266174912452698,0.43678098917007446,0.048435382544994354,0.7654857635498047,0.44516855478286743,0.003431755816563964,0.8697206974029541,0.4586345851421356,-0.02863059937953949,0.41352608799934387,0.425780713558197,0.0315505675971508,0.6366685628890991,0.4128899872303009,-0.0070296092890203,0.7826357483863831,0.4242529571056366,-0.044051673263311386,0.8999117016792297,0.4418811798095703,-0.06871278584003448,0.410200297832489,0.43268638849258423,-0.03009651228785515,0.6362528800964355,0.41463571786880493,-0.06682316213846207,0.7815290093421936,0.4254262447357178,-0.08590904623270035,0.8924903869628906,0.443010151386261,-0.09594664722681046,0.4307129383087158,0.46332237124443054,-0.09301651269197464,0.6169859766960144,0.43283703923225403,-0.12111330032348633,0.7356851696968079,0.43274956941604614,-0.12713958323001862,0.8346307277679443,0.44134756922721863,-0.12857072055339813,C
0.27488064765930176,0.7352333068847656,1.3086681747154216e-06,0.4625493884086609,0.713452935218811,0.06265492737293243,0.5882173776626587,0.6577792167663574,0.08052020519971848,0.7021181583404541,0.6416149735450745,0.07055938243865967,0.8098182082176208,0.6445037126541138,0.05949380621314049,0.4500812888145447,0.45232057571411133,0.1382235586643219,0.6277999877929688,0.4394990801811218,0.11973676830530167,0.7640351057052612,0.44193825125694275,0.081783227622509,0.8669419288635254,0.44974285364151,0.05235730856657028,0.42408567667007446,0.42972540855407715,0.074600450694561,0.6406263113021851,0.41522225737571716,0.05724066123366356,0.7845960855484009,0.42184504866600037,0.02276449464261532,0.8989624977111816,0.4376671612262726,-0.0035537630319595337,0.4206063151359558,0.4315377175807953,0.0045828381553292274,0.6400918960571289,0.41422611474990845,-0.011841677129268646,0.7824276685714722,0.4226578176021576,-0.02883564680814743,0.8898026943206787,0.43775689601898193,-0.04164425656199455,0.43967264890670776,0.4563423693180084,-0.0654006227850914,0.6232617497444153,0.42991378903388977,-0.07567939907312393,0.7379882335662842,0.43114882707595825,-0.07467075437307358,0.8320009112358093,0.44028738141059875,-0.07428889721632004,C
0.2851262390613556,0.7348486185073853,1.3855642464477569e-06,0.46934089064598083,0.711344301700592,0.040847860276699066,0.5884134769439697,0.6596358418464661,0.04448356851935387,0.7073765397071838,0.6455641984939575,0.02494368515908718,0.8172661066055298,0.6423147916793823,0.005631162319332361,0.43530428409576416,0.443770170211792,0.09261462092399597,0.6276120543479919,0.43809300661087036,0.055255524814128876,0.7706061005592346,0.4471997022628784,0.00931546464562416,0.8782800436019897,0.4601893126964569,-0.02347407676279545,0.41381415724754333,0.4239546060562134,0.03585074841976166,0.643989086151123,0.4163326323032379,-0.0029661657754331827,0.7936060428619385,0.42892301082611084,-0.042148198932409286,0.911278247833252,0.4462527930736542,-0.06841187179088593,0.4173162579536438,0.4328097701072693,-0.02786378562450409,0.6465801000595093,0.41778361797332764,-0.06454937160015106,0.7918592095375061,0.429606556892395,-0.08393991738557816,0.9002275466918945,0.4436284601688385,-0.09412501007318497,0.44177383184432983,0.46596240997314453,-0.09229746460914612,0.6256951689720154,0.43043115735054016,-0.11880248039960861,0.7422113418579102,0.42810267210006714,-0.12268348783254623,0.8394566774368286,0.43464750051498413,-0.12276967614889145,C
0.25561079382896423,0.740586519241333,1.2433515621523838e-06,0.45838016271591187,0.7176175117492676,0.04360343888401985,0.586075484752655,0.6601888537406921,0.04885514825582504,0.7016853094100952,0.6452020406723022,0.03120475448668003,0.8113497495651245,0.649478018283844,0.01341425720602274,0.4290591776371002,0.43966972827911377,0.09004196524620056,0.6249167323112488,0.4343709945678711,0.05510343611240387,0.7684695720672607,0.44656872749328613,0.011542873457074165,0.8766173720359802,0.4639550447463989,-0.02072129026055336,0.4075608551502228,0.424312025308609,0.031382955610752106,0.647253155708313,0.4141228199005127,-0.008392775431275368,0.796347975730896,0.4305512607097626,-0.04788719862699509,0.9114452600479126,0.4505622088909149,-0.07338745146989822,0.41139185428619385,0.4367593824863434,-0.033094100654125214,0.6426572203636169,0.4162467122077942,-0.06962227821350098,0.7888612747192383,0.4309800863265991,-0.08903862535953522,0.8973573446273804,0.4471280574798584,-0.09901387244462967,0.43736106157302856,0.47335731983184814,-0.09805821627378464,0.6168509125709534,0.4328371286392212,-0.12881387770175934,0.7349305152893066,0.43150269985198975,-0.1358288824558258,0.833441436290741,0.43915021419525146,-0.13723179697990417,C
0.2824648916721344,0.7334728240966797,1.3021242466493277e-06,0.4630264937877655,0.7119898796081543,0.02876036800444126,0.5907847881317139,0.6581903100013733,0.02417932264506817,0.7071149945259094,0.6442222595214844,-0.0009357205126434565,0.816548228263855,0.6431846022605896,-0.025714846327900887,0.4540891945362091,0.4468115568161011,0.07773714512586594,0.6325632333755493,0.437233030796051,0.03654738515615463,0.7693469524383545,0.4427323341369629,-0.012766536325216293,0.8740658760070801,0.45398351550102234,-0.048444151878356934,0.4275110363960266,0.4284678101539612,0.02542717568576336,0.6493560075759888,0.4190637767314911,-0.013235563412308693,0.7905117869377136,0.4277563989162445,-0.05240067094564438,0.9053751230239868,0.4369419813156128,-0.07979105412960052,0.4237285554409027,0.4336352050304413,-0.03443561866879463,0.6447234153747559,0.4194014370441437,-0.07101549953222275,0.7838943004608154,0.4281678795814514,-0.0889119803905487,0.8911105394363403,0.43691468238830566,-0.09899057447910309,0.43967413902282715,0.46156466007232666,-0.09644050896167755,0.6156229376792908,0.4310540556907654,-0.12285924702882767,0.7271572351455688,0.43169692158699036,-0.12485060095787048,0.8196256756782532,0.4382312595844269,-0.12389220297336578,C
0.28605401515960693,0.7283847332000732,1.2950563359481748e-06,0.4665396511554718,0.7060693502426147,0.03261202201247215,0.5859026312828064,0.6564838886260986,0.032818503677845,0.6991537809371948,0.6437302231788635,0.011424670927226543,0.8049883842468262,0.6371009945869446,-0.009564368054270744,0.4331248700618744,0.4467224180698395,0.08616476505994797,0.6158562898635864,0.4395776093006134,0.04720733314752579,0.7543882131576538,0.44692161679267883,0.0004925042157992721,0.8590126037597656,0.45870572328567505,-0.032528653740882874,0.41139477491378784,0.42821913957595825,0.03415261581540108,0.6399521827697754,0.4197539687156677,-0.004999713972210884,0.7803359031677246,0.43214622139930725,-0.042712680995464325,0.8918091058731079,0.4445894956588745,-0.06769285351037979,0.41399532556533813,0.43426406383514404,-0.02567615546286106,0.6397508978843689,0.42027801275253296,-0.06369366496801376,0.774620771408081,0.43210774660110474,-0.08126655220985413,0.874059796333313,0.44400879740715027,-0.08938664197921753,0.4355713129043579,0.4624253213405609,-0.08711625635623932,0.6115250587463379,0.4296150803565979,-0.11526872962713242,0.7222484946250916,0.429872989654541,-0.11840686947107315,0.8130487203598022,0.4378746747970581,-0.11721006780862808,C
0.2652193307876587,0.7371444702148438,1.3306437267601723e-06,0.46156811714172363,0.714076042175293,0.03946862742304802,0.5829319953918457,0.6610495448112488,0.0436270534992218,0.6950787305831909,0.6479377150535583,0.025493817403912544,0.8013023138046265,0.6483970880508423,0.008281528018414974,0.4231364130973816,0.4375108778476715,0.09367502480745316,0.6162481307983398,0.43658432364463806,0.058438483625650406,0.7555516362190247,0.4480471611022949,0.013123374432325363,0.8621992468833923,0.46515536308288574,-0.02013714611530304,0.4032689332962036,0.421213299036026,0.03789529204368591,0.6397425532341003,0.41662925481796265,-5.815802069264464e-05,0.7821643948554993,0.4314332902431488,-0.04034155234694481,0.8958208560943604,0.45133963227272034,-0.06685356795787811,0.4078036844730377,0.43408143520355225,-0.024388765916228294,0.6381669640541077,0.422675222158432,-0.06029238924384117,0.7782080173492432,0.43600600957870483,-0.07942529022693634,0.8841806650161743,0.4510487914085388,-0.08943957090377808,0.4331914484500885,0.4720414876937866,-0.08755908161401749,0.6141362190246582,0.4446221590042114,-0.1149635761976242,0.7274504899978638,0.44395187497138977,-0.11881492286920547,0.8229851126670837,0.44900280237197876,-0.11848323792219162,C
0.2625330686569214,0.744291365146637,1.1605800409597578e-06,0.4598041772842407,0.7182161211967468,0.04062337055802345,0.5814822912216187,0.6637794375419617,0.04417887330055237,0.6964594125747681,0.6508069038391113,0.025203637778759003,0.8059614896774292,0.6516175866127014,0.0065536219626665115,0.44040653109550476,0.4467126131057739,0.09045743197202682,0.626821756362915,0.443084180355072,0.054468002170324326,0.7624963521957397,0.4527513384819031,0.009667713195085526,0.8654988408088684,0.467102587223053,-0.023329248651862144,0.41447529196739197,0.4298613369464874,0.03512711822986603,0.6479066014289856,0.4250197410583496,-0.001420800108462572,0.7833703756332397,0.4371401071548462,-0.0375642329454422,0.8910309076309204,0.45063161849975586,-0.06198616698384285,0.4128243625164032,0.44004496932029724,-0.02705373987555504,0.6412696838378906,0.4265248775482178,-0.06018812581896782,0.7753218412399292,0.43421849608421326,-0.07687193900346756,0.877173662185669,0.4442019462585449,-0.08570931106805801,0.4316955506801605,0.4753679037094116,-0.09028246253728867,0.6125064492225647,0.4434400498867035,-0.1154172495007515,0.7228720784187317,0.44036197662353516,-0.11898530274629593,0.8146876096725464,0.4456848204135895,-0.11887244880199432,C
0.2574382424354553,0.7511900663375854,1.1657258482955513e-06,0.4529247283935547,0.7290428280830383,0.044656768441200256,0.5837907791137695,0.6682674884796143,0.05408482253551483,0.7018243670463562,0.6542180180549622,0.0390973836183548,0.8159047365188599,0.65845787525177,0.024611152708530426,0.4493584930896759,0.4522790312767029,0.11315041780471802,0.6336965560913086,0.4469606280326843,0.08189958333969116,0.7725403308868408,0.45761966705322266,0.037790365517139435,0.8772904872894287,0.4732171893119812,0.005724472925066948,0.4221590757369995,0.4325372576713562,0.05529318004846573,0.6490877270698547,0.4264664947986603,0.026409825310111046,0.7897141575813293,0.43966639041900635,-0.00912156980484724,0.9039205312728882,0.4570048451423645,-0.034173544496297836,0.41881048679351807,0.43839889764785767,-0.010878853499889374,0.6472801566123962,0.4257928729057312,-0.03770139440894127,0.7868373394012451,0.43697986006736755,-0.05520816519856453,0.8935573101043701,0.4530866742134094,-0.06559749692678452,0.4384138584136963,0.46791622042655945,-0.07876164466142654,0.625511646270752,0.43730318546295166,-0.09757398813962936,0.7392735481262207,0.4384313225746155,-0.09917977452278137,0.8326058387756348,0.44873809814453125,-0.0986560508608818,C
0.25836342573165894,0.7519893050193787,1.3210539009378408e-06,0.4493270516395569,0.7322015762329102,0.039092522114515305,0.5756860375404358,0.6751056909561157,0.04106800630688667,0.6938144564628601,0.6611123085021973,0.0192127525806427,0.8078994154930115,0.662002444267273,-0.002867515664547682,0.44351089000701904,0.4581853747367859,0.09872057288885117,0.6249502301216125,0.447631299495697,0.0607609823346138,0.7632964849472046,0.4549499750137329,0.012050122953951359,0.8710038065910339,0.4680619239807129,-0.02363070286810398,0.41827431321144104,0.4394031763076782,0.04073852673172951,0.6418560743331909,0.4283117949962616,0.003669923869892955,0.7871086001396179,0.43868207931518555,-0.03785596787929535,0.9047862887382507,0.4572709798812866,-0.06651769578456879,0.4162755012512207,0.4470764696598053,-0.02501519024372101,0.6386469006538391,0.4305309057235718,-0.05850108712911606,0.7810409069061279,0.4398046135902405,-0.07758276164531708,0.892173171043396,0.4547986686229706,-0.08875422179698944,0.4348219633102417,0.48108771443367004,-0.09255436062812805,0.6153086423873901,0.4499351680278778,-0.1150239109992981,0.7294430732727051,0.44799068570137024,-0.11697254329919815,0.8246942758560181,0.4560360312461853,-0.1167890876531601,C
0.2715761661529541,0.7524071931838989,1.3304545518622035e-06,0.4597823917865753,0.7321222424507141,0.03665550425648689,0.5840020179748535,0.6762627363204956,0.03736349567770958,0.7002078294754028,0.659929633140564,0.015711404383182526,0.8111635446548462,0.6632242798805237,-0.005317076109349728,0.4421818256378174,0.4628438949584961,0.09276550263166428,0.6249120831489563,0.45569172501564026,0.05707314983010292,0.7636203765869141,0.4643976390361786,0.010664385743439198,0.8687980771064758,0.4779876172542572,-0.023021075874567032,0.41662341356277466,0.44525784254074097,0.038179200142621994,0.6411738395690918,0.4363870322704315,0.0023134739603847265,0.7841581702232361,0.4464865028858185,-0.03606444224715233,0.8975986242294312,0.4606066644191742,-0.06208274886012077,0.41480553150177,0.4515035152435303,-0.023680755868554115,0.6375388503074646,0.4366193413734436,-0.05642224848270416,0.779680609703064,0.44675421714782715,-0.07510287314653397,0.8872443437576294,0.4613785743713379,-0.08521584421396255,0.4345363974571228,0.480286568403244,-0.08715413510799408,0.6166883707046509,0.4509451389312744,-0.11072428524494171,0.7318871021270752,0.4522828459739685,-0.1138257384300232,0.826635479927063,0.4621659815311432,-0.1133451983332634,C
0.26267075538635254,0.7609767913818359,1.341027768830827e-06,0.4469856023788452,0.7393006682395935,0.03313310444355011,0.5787496566772461,0.6784971356391907,0.02858164720237255,0.6985623240470886,0.6632498502731323,0.003469769610092044,0.8103635311126709,0.6648539304733276,-0.0216127410531044,0.43121278285980225,0.45407307147979736,0.06865198910236359,0.6218419075012207,0.44590696692466736,0.02431139349937439,0.7617589235305786,0.455334335565567,-0.026087991893291473,0.8721610307693481,0.4723174273967743,-0.06285596638917923,0.40800055861473083,0.4393026530742645,0.01193808950483799,0.6389225721359253,0.4286577105522156,-0.031237877905368805,0.7864071130752563,0.4414674937725067,-0.070095494389534,0.9073525667190552,0.46065065264701843,-0.09649872034788132,0.4099292457103729,0.45171159505844116,-0.05109201744198799,0.6347682476043701,0.4310571253299713,-0.08770430088043213,0.7787566184997559,0.44236069917678833,-0.10199163109064102,0.891381025314331,0.45938217639923096,-0.11014828085899353,0.43369343876838684,0.4904560148715973,-0.11614314466714859,0.6073334217071533,0.45288729667663574,-0.14326389133930206,0.7204035520553589,0.4495429992675781,-0.14470939338207245,0.815636396408081,0.4545755386352539,-0.14348776638507843,C
0.2482413947582245,0.7549967169761658,1.3332363550944137e-06,0.44241976737976074,0.7321425080299377,0.04849781468510628,0.5706271529197693,0.6766682267189026,0.05234817788004875,0.6931142807006836,0.6617485284805298,0.031553883105516434,0.8061742782592773,0.6672038435935974,0.011455322615802288,0.4254181683063507,0.448078453540802,0.1039743423461914,0.6179015040397644,0.44436705112457275,0.0696171447634697,0.7574212551116943,0.4551854431629181,0.023766502737998962,0.8643773794174194,0.4700259268283844,-0.009959219954907894,0.40306758880615234,0.4334211051464081,0.04219309985637665,0.6339687705039978,0.4263116419315338,0.006003094371408224,0.7793430089950562,0.4427372217178345,-0.033103350549936295,0.8946059942245483,0.4676201045513153,-0.05965388938784599,0.4079183042049408,0.4446687400341034,-0.025976816192269325,0.6339815855026245,0.43140915036201477,-0.055427081882953644,0.783099889755249,0.4445667862892151,-0.07299598306417465,0.8968774080276489,0.46382561326026917,-0.08363935351371765,0.4377327263355255,0.48002463579177856,-0.09519077837467194,0.6196261644363403,0.451657235622406,-0.11279971152544022,0.7371711730957031,0.450556218624115,-0.11401598900556564,0.8341130018234253,0.45911744236946106,-0.11407037824392319,C
0.24374346435070038,0.7552018165588379,1.2407421081661596e-06,0.4378305673599243,0.7324355244636536,0.0555369034409523,0.5731402039527893,0.6773971319198608,0.06336279213428497,0.6945056319236755,0.6616958379745483,0.04439680278301239,0.8026542067527771,0.6647712588310242,0.02510155364871025,0.4246762692928314,0.44831693172454834,0.10837806016206741,0.616122841835022,0.4323464632034302,0.07867351174354553,0.7566512227058411,0.44483059644699097,0.03667346015572548,0.8620843887329102,0.4653438329696655,0.00578704196959734,0.40104973316192627,0.4334145784378052,0.04433846101164818,0.6323646903038025,0.4182243049144745,0.01401386596262455,0.7800842523574829,0.4370858073234558,-0.022579077631235123,0.8909755945205688,0.46561872959136963,-0.04795045778155327,0.4063434302806854,0.4456777274608612,-0.02496795542538166,0.6333622932434082,0.42441800236701965,-0.05145033821463585,0.7791339159011841,0.44315457344055176,-0.06864258646965027,0.884529709815979,0.46964430809020996,-0.07937753200531006,0.4356660544872284,0.4817635118961334,-0.09451784193515778,0.6197444796562195,0.44878846406936646,-0.11333487182855606,0.7358344793319702,0.45514577627182007,-0.11385553330183029,0.8275365829467773,0.4725461006164551,-0.11241430044174194,C
0.23805764317512512,0.749038577079773,1.1892451539097237e-06,0.4412304759025574,0.7252215147018433,0.04213309660553932,0.5685616135597229,0.6688981652259827,0.04808744043111801,0.6831456422805786,0.6547348499298096,0.03101596049964428,0.7935720086097717,0.6595950126647949,0.014331243932247162,0.4169778823852539,0.45110246539115906,0.093560591340065,0.6071920990943909,0.44578441977500916,0.05550077557563782,0.7488120794296265,0.4566245675086975,0.009008065797388554,0.8580785989761353,0.4740836024284363,-0.024819405749440193,0.3949989080429077,0.4344266653060913,0.035912808030843735,0.6287338137626648,0.4246329665184021,-0.0026728466618806124,0.7733361124992371,0.4388546049594879,-0.04145820438861847,0.8900977373123169,0.4582080841064453,-0.06725314259529114,0.3981322944164276,0.4454237222671509,-0.028590774163603783,0.6254515647888184,0.4283219277858734,-0.06413035839796066,0.7677290439605713,0.44118598103523254,-0.08341354876756668,0.8767600059509277,0.45852968096733093,-0.09363588690757751,0.4224730134010315,0.481733500957489,-0.09415344893932343,0.6025502681732178,0.44562044739723206,-0.12161091715097427,0.7169081568717957,0.4458412230014801,-0.1266232281923294,0.8117678165435791,0.4555056393146515,-0.12725086510181427,C
0.23729127645492554,0.7549389600753784,1.1644539199551218e-06,0.43773990869522095,0.7336195707321167,0.04617976024746895,0.5684511661529541,0.6752045154571533,0.05402957648038864,0.6860474348068237,0.6593061089515686,0.03669267147779465,0.7999606728553772,0.6646808385848999,0.020039815455675125,0.4212171137332916,0.45432141423225403,0.1107257753610611,0.6051836013793945,0.4446507692337036,0.07894101738929749,0.7441247701644897,0.45292747020721436,0.0350957065820694,0.8495767116546631,0.4683206081390381,0.002905081957578659,0.39721429347991943,0.4380381107330322,0.05179743841290474,0.625265896320343,0.42433962225914,0.018525628373026848,0.7676655054092407,0.4375929832458496,-0.01904362067580223,0.8806367516517639,0.457587867975235,-0.04432496055960655,0.40149375796318054,0.4476579427719116,-0.014499596320092678,0.6271532773971558,0.4268970191478729,-0.04513777419924736,0.7684969305992126,0.4405994117259979,-0.06433413922786713,0.8736218214035034,0.4619917869567871,-0.07488730549812317,0.4293891489505768,0.48028454184532166,-0.08206368237733841,0.6123961210250854,0.4457641541957855,-0.10383611917495728,0.7260145545005798,0.44770553708076477,-0.10750304907560349,0.8178117275238037,0.46076229214668274,-0.10799308121204376,C
0.22289511561393738,0.7647031545639038,1.153893890659674e-06,0.4328221380710602,0.741948664188385,0.04326122626662254,0.5630192160606384,0.6798326969146729,0.0524427592754364,0.6808439493179321,0.6633046269416809,0.0390004925429821,0.796222984790802,0.6699444651603699,0.026852497830986977,0.4117717146873474,0.4594580829143524,0.1009058877825737,0.6035852432250977,0.45723122358322144,0.06978749483823776,0.7414600849151611,0.46889665722846985,0.028441308066248894,0.8469023704528809,0.48591771721839905,-0.0025251773186028004,0.38917508721351624,0.44084540009498596,0.04514925926923752,0.6291695833206177,0.43618011474609375,0.012886960059404373,0.7705898284912109,0.4498753845691681,-0.022149965167045593,0.8839470148086548,0.46810925006866455,-0.045681338757276535,0.38983994722366333,0.45126888155937195,-0.01752602867782116,0.6222869157791138,0.4370768070220947,-0.049186885356903076,0.7655991315841675,0.4485805034637451,-0.06821418553590775,0.8771309852600098,0.4647412896156311,-0.07866377383470535,0.41370537877082825,0.48630887269973755,-0.08097800612449646,0.5989644527435303,0.45585009455680847,-0.10541315376758575,0.7120016813278198,0.45569735765457153,-0.10965043306350708,0.8070370554924011,0.46330082416534424,-0.11010285466909409,C
0.25536036491394043,0.7489827871322632,1.3173480510886293e-06,0.45254749059677124,0.7254498600959778,0.03620610013604164,0.5744460821151733,0.673735499382019,0.03812013193964958,0.6902506947517395,0.6604585647583008,0.018902087584137917,0.7986676096916199,0.6640022397041321,0.0006425211322493851,0.41756075620651245,0.45310819149017334,0.08434939384460449,0.6091976165771484,0.45212435722351074,0.04639503359794617,0.7501305341720581,0.462333619594574,0.0006327382288873196,0.8542413711547852,0.47809407114982605,-0.03128441050648689,0.3951011896133423,0.4354909360408783,0.03221038356423378,0.6338873505592346,0.4350489675998688,-0.0060402220115065575,0.7781662940979004,0.44817692041397095,-0.04326367378234863,0.8907936811447144,0.4645688831806183,-0.0673009380698204,0.39795157313346863,0.445656418800354,-0.02644479088485241,0.6308221817016602,0.4349418878555298,-0.06250850856304169,0.7728103399276733,0.44577622413635254,-0.08018449693918228,0.879738450050354,0.4594917595386505,-0.0880308449268341,0.4227816164493561,0.47816577553749084,-0.08605045825242996,0.6092634797096252,0.4506390392780304,-0.11235301941633224,0.721392035484314,0.44973573088645935,-0.11443854868412018,0.81351238489151,0.4560588002204895,-0.11179599165916443,C
0.251828134059906,0.7694955468177795,1.271649466616509e-06,0.4550912082195282,0.7383213639259338,0.04304306209087372,0.5801759958267212,0.6823862791061401,0.042325980961322784,0.6957830786705017,0.668424129486084,0.01680733449757099,0.8054209351539612,0.6713895797729492,-0.008445008657872677,0.41232237219810486,0.45759299397468567,0.08737993985414505,0.6120030283927917,0.44811388850212097,0.0466555617749691,0.757634699344635,0.46230196952819824,-0.002651775721460581,0.868248462677002,0.4836049973964691,-0.03809221461415291,0.3893737196922302,0.4457564055919647,0.027197813615202904,0.6337898969650269,0.43129122257232666,-0.014445580542087555,0.7825109958648682,0.4497033953666687,-0.055354829877614975,0.895785927772522,0.47474831342697144,-0.08258001506328583,0.3971444070339203,0.4602750539779663,-0.03897765278816223,0.6318812370300293,0.43853968381881714,-0.07385554909706116,0.7783366441726685,0.45478448271751404,-0.09280867129564285,0.8843483924865723,0.4783775508403778,-0.10293445736169815,0.42945122718811035,0.4980480372905731,-0.1063866913318634,0.6150609254837036,0.46089088916778564,-0.1299632340669632,0.7309324741363525,0.462374746799469,-0.13207636773586273,0.822907030582428,0.47602951526641846,-0.13096942007541656,C
0.23778846859931946,0.7524325251579285,1.2794141639460577e-06,0.44904088973999023,0.7294892072677612,0.04840317368507385,0.578454852104187,0.6741363406181335,0.05375656485557556,0.691877007484436,0.6579650640487671,0.03442743048071861,0.8012647032737732,0.6591485738754272,0.015247400850057602,0.42427849769592285,0.4502192437648773,0.0975242406129837,0.6193156242370605,0.4458807110786438,0.06195244938135147,0.7616698145866394,0.45777833461761475,0.015957007184624672,0.8696922659873962,0.47755083441734314,-0.017456408590078354,0.40050458908081055,0.4345426857471466,0.036480460315942764,0.6415897607803345,0.42471903562545776,-0.0030306116677820683,0.7892100214958191,0.4405958950519562,-0.04274331033229828,0.9025474786758423,0.4614305794239044,-0.0679825022816658,0.40246933698654175,0.4455804228782654,-0.03008824959397316,0.6358901262283325,0.4253048896789551,-0.06477534770965576,0.7828316688537598,0.4417807161808014,-0.08228666335344315,0.8901005387306213,0.4632379710674286,-0.09070278704166412,0.4282401502132416,0.4801066815853119,-0.09714125841856003,0.6163700222969055,0.44787368178367615,-0.1234094649553299,0.7351293563842773,0.4514683783054352,-0.12557260692119598,0.8304876089096069,0.46359801292419434,-0.12338041514158249,C
0.2710042893886566,0.7600934505462646,1.2958953448105603e-06,0.46130168437957764,0.7342137098312378,0.04351925477385521,0.5824776887893677,0.6819247007369995,0.04309393838047981,0.7016124129295349,0.6703043580055237,0.018580399453639984,0.8083899021148682,0.6715201139450073,-0.007016093470156193,0.4416140019893646,0.46570542454719543,0.08863755315542221,0.62541264295578,0.4560152292251587,0.04908149316906929,0.7647097110748291,0.4647105932235718,0.0005350621067918837,0.8706701993942261,0.4784925878047943,-0.03431389853358269,0.41679510474205017,0.4500855803489685,0.029356634244322777,0.6403312683105469,0.4414411783218384,-0.008282095193862915,0.78386390209198,0.4539783000946045,-0.04735733941197395,0.895810604095459,0.4731825590133667,-0.07492499053478241,0.4160029888153076,0.4597327709197998,-0.03632265329360962,0.638538658618927,0.4456852674484253,-0.06789389252662659,0.780571460723877,0.4544679522514343,-0.08517873287200928,0.8870911598205566,0.46865907311439514,-0.09596355259418488,0.43621382117271423,0.4934259355068207,-0.10310826450586319,0.610451877117157,0.4611571133136749,-0.12364254891872406,0.7231907248497009,0.4567936658859253,-0.12480858713388443,0.8162412643432617,0.4627561569213867,-0.12461613118648529,C
0.2594681978225708,0.7609601020812988,1.125279482039332e-06,0.45823168754577637,0.7372031211853027,0.05054345726966858,0.5822588205337524,0.6782360076904297,0.06274887174367905,0.6983788013458252,0.663741946220398,0.05011987313628197,0.8079060316085815,0.6695122718811035,0.038018397986888885,0.4328762888908386,0.45544570684432983,0.10942988842725754,0.6196101307868958,0.45028990507125854,0.07478415966033936,0.7611230611801147,0.46246716380119324,0.03010540083050728,0.8681612014770508,0.4805065393447876,-0.001734273973852396,0.41222038865089417,0.43969956040382385,0.04894289746880531,0.6397210955619812,0.4306527078151703,0.012982966378331184,0.784550666809082,0.44577911496162415,-0.02441389672458172,0.9005153179168701,0.46644243597984314,-0.04917406663298607,0.4176512658596039,0.45089417695999146,-0.018610695376992226,0.6429241895675659,0.43476366996765137,-0.05286451801657677,0.7852593064308167,0.449334055185318,-0.07200974225997925,0.8927618265151978,0.4695852994918823,-0.08179061859846115,0.4452688992023468,0.4858424663543701,-0.08678954094648361,0.6262694597244263,0.45138221979141235,-0.11359042674303055,0.742133617401123,0.4529651999473572,-0.11941300332546234,0.8379929065704346,0.4652572572231293,-0.1205785945057869,C
0.28208625316619873,0.7628263235092163,1.2141811112087453e-06,0.46369272470474243,0.7353500127792358,0.039429761469364166,0.587462842464447,0.6807882785797119,0.042827725410461426,0.7037001848220825,0.6683438420295715,0.02324652299284935,0.810458779335022,0.6615155935287476,0.004239918198436499,0.44450920820236206,0.4699819087982178,0.09937350451946259,0.6253975033760071,0.4622029960155487,0.06258822977542877,0.7637317180633545,0.4713653326034546,0.014586197212338448,0.867745041847229,0.4865264296531677,-0.02030506730079651,0.42148369550704956,0.45208868384361267,0.04364661127328873,0.6446743011474609,0.44175228476524353,0.007782618515193462,0.7854938507080078,0.4544150233268738,-0.03216937184333801,0.8973178267478943,0.4726220965385437,-0.059726282954216,0.42093393206596375,0.4586103558540344,-0.019937142729759216,0.6428990364074707,0.4431588649749756,-0.053329307585954666,0.7847344875335693,0.4531930685043335,-0.072336345911026,0.8917807340621948,0.4681454598903656,-0.08295098692178726,0.44164928793907166,0.4897017776966095,-0.0849878117442131,0.6190675497055054,0.45657992362976074,-0.11124171316623688,0.7337645292282104,0.4563162624835968,-0.11546827107667923,0.8296048641204834,0.46554329991340637,-0.11579272896051407,C
0.2780302166938782,0.759139895439148,1.3543894965550862e-06,0.4607527554035187,0.7400673627853394,0.03137322515249252,0.5815617442131042,0.6853712201118469,0.030340703204274178,0.6992223262786865,0.672016978263855,0.007700218819081783,0.8121775984764099,0.6720972061157227,-0.01438246201723814,0.44545993208885193,0.47329849004745483,0.08263332396745682,0.6247244477272034,0.46387824416160583,0.04050831496715546,0.7633105516433716,0.4715622067451477,-0.00828077457845211,0.8690453767776489,0.4855418801307678,-0.04182744026184082,0.4221719205379486,0.45703431963920593,0.03020227514207363,0.6392926573753357,0.44558560848236084,-0.009812521748244762,0.7844417095184326,0.45648157596588135,-0.04810158163309097,0.8997655510902405,0.4759254455566406,-0.0735849067568779,0.4213082194328308,0.4659264087677002,-0.030186345800757408,0.6396034955978394,0.44912779331207275,-0.06527914106845856,0.7824580669403076,0.45766904950141907,-0.08349849283695221,0.8911716938018799,0.47409531474113464,-0.09306035935878754,0.44170093536376953,0.4977671802043915,-0.09267094731330872,0.6200574636459351,0.46765485405921936,-0.11656257510185242,0.7347527742385864,0.46451470255851746,-0.11964045464992523,0.8291906118392944,0.4718468189239502,-0.11936984211206436,C
0.27915507555007935,0.7526316046714783,1.3199257864471292e-06,0.4680151641368866,0.7273138761520386,0.03274208679795265,0.5870922803878784,0.6765841245651245,0.031565748155117035,0.7052090764045715,0.665657639503479,0.008291983976960182,0.8162698745727539,0.6667325496673584,-0.013901233673095703,0.43577057123184204,0.4587268531322479,0.08686315268278122,0.6237647533416748,0.4539295732975006,0.04585978388786316,0.7638421058654785,0.46516382694244385,-0.002402800600975752,0.8688182234764099,0.4817728102207184,-0.03566402196884155,0.41296470165252686,0.44355690479278564,0.03419500216841698,0.640162467956543,0.4358002245426178,-0.005512041971087456,0.7832565903663635,0.4496372938156128,-0.043002400547266006,0.8964300751686096,0.4685095548629761,-0.06834983825683594,0.41762977838516235,0.4541754126548767,-0.026661725714802742,0.645143985748291,0.4393286406993866,-0.061770085245370865,0.7846116423606873,0.44969460368156433,-0.07967007905244827,0.8879364728927612,0.4666854739189148,-0.08885718137025833,0.44529426097869873,0.4867899715900421,-0.08973655849695206,0.6262962818145752,0.4552207887172699,-0.11272834986448288,0.7401227951049805,0.4523204565048218,-0.1156892254948616,0.8314611911773682,0.46072545647621155,-0.11553756147623062,C
0.2903304696083069,0.633048415184021,1.7278747463933541e-06,0.42815783619880676,0.6254439353942871,-0.011026974767446518,0.5489821434020996,0.5811699032783508,-0.03204348683357239,0.6679344177246094,0.5623118877410889,-0.0628071203827858,0.7770411968231201,0.5503398776054382,-0.09225951880216599,0.4342018663883209,0.39926278591156006,0.028601527214050293,0.5740298628807068,0.37214839458465576,-0.017339929938316345,0.6934707164764404,0.3638005256652832,-0.06350673735141754,0.7858994007110596,0.3629721701145172,-0.09393980354070663,0.40502288937568665,0.37311962246894836,0.000316534104058519,0.5821182727813721,0.348786324262619,-0.04161292687058449,0.7120567560195923,0.34793972969055176,-0.07478073239326477,0.8195217847824097,0.353922039270401,-0.09511362761259079,0.3938447833061218,0.3669043183326721,-0.03693310543894768,0.5725890398025513,0.3337276577949524,-0.07572950422763824,0.6970449686050415,0.3335264325141907,-0.0899570882320404,0.7953076958656311,0.3430499732494354,-0.09484226256608963,0.39572572708129883,0.3814302980899811,-0.0783224105834961,0.5375803112983704,0.3381516933441162,-0.10650932043790817,0.638591468334198,0.32640525698661804,-0.10943878442049026,0.7221648693084717,0.325451523065567,-0.10736920684576035,C
0.27715766429901123,0.7650498151779175,1.400511791871395e-06,0.45748212933540344,0.7419012784957886,0.04527057707309723,0.581453263759613,0.6895440816879272,0.04721226915717125,0.7015535831451416,0.6780131459236145,0.02597169764339924,0.8097661733627319,0.6841236352920532,0.005171011667698622,0.43381500244140625,0.4646914303302765,0.09406819194555283,0.6225525736808777,0.4620833694934845,0.05839155614376068,0.7617217302322388,0.47440892457962036,0.012840451672673225,0.8667755126953125,0.4908159077167511,-0.01997022144496441,0.40795767307281494,0.44738444685935974,0.035944461822509766,0.6375008225440979,0.4420638382434845,0.0013467790558934212,0.7819837331771851,0.45875173807144165,-0.03472539782524109,0.8957858085632324,0.48250812292099,-0.059929247945547104,0.40882954001426697,0.45672959089279175,-0.02827712520956993,0.6354548335075378,0.44604194164276123,-0.05817533656954765,0.7805177569389343,0.46063923835754395,-0.07416367530822754,0.890286386013031,0.48085328936576843,-0.0839168131351471,0.43324437737464905,0.49056142568588257,-0.09322799742221832,0.6166002750396729,0.4680424928665161,-0.11296951025724411,0.7320842742919922,0.46985164284706116,-0.11423000693321228,0.8278695344924927,0.4799456000328064,-0.11382462084293365,C
0.2990356683731079,0.629347562789917,1.6452875115646748e-06,0.42418915033340454,0.6184087991714478,-0.02089337632060051,0.5477402806282043,0.573491632938385,-0.04145747423171997,0.6639903783798218,0.5521804690361023,-0.0666879341006279,0.7632255554199219,0.5356858968734741,-0.0891214907169342,0.4354054033756256,0.3921292722225189,0.017035987228155136,0.5751470923423767,0.37160491943359375,-0.018963821232318878,0.6839829087257385,0.359573632478714,-0.05662628635764122,0.7659104466438293,0.35532426834106445,-0.0817999318242073,0.40329402685165405,0.36646491289138794,0.0010295327519997954,0.5718272924423218,0.34756189584732056,-0.030680399388074875,0.6848923563957214,0.3414402902126312,-0.056096695363521576,0.7809858322143555,0.3433086574077606,-0.07124098390340805,0.3924030661582947,0.363510400056839,-0.0226126741617918,0.5556102395057678,0.33581262826919556,-0.05205787345767021,0.6677219867706299,0.32450923323631287,-0.058349523693323135,0.7609941959381104,0.32218456268310547,-0.05856917425990105,0.39536458253860474,0.38212576508522034,-0.05069457367062569,0.5226420760154724,0.3421832323074341,-0.07021891325712204,0.609904408454895,0.32399308681488037,-0.06620348244905472,0.6858429312705994,0.3160288333892822,-0.05917935445904732,C
0.263388991355896,0.6409107446670532,1.3924387758379453e-06,0.41215822100639343,0.6264012455940247,0.002168877050280571,0.5382704138755798,0.5816409587860107,-0.010989704169332981,0.6595444083213806,0.5602641701698303,-0.03949257731437683,0.7696651816368103,0.5435892343521118,-0.06609940528869629,0.42033544182777405,0.3930893540382385,0.07041428983211517,0.565579891204834,0.3597899079322815,0.035473596304655075,0.6872323751449585,0.35073208808898926,-0.005624108947813511,0.7737771272659302,0.35085976123809814,-0.03189776837825775,0.3944566547870636,0.3699350655078888,0.03875262662768364,0.5699277520179749,0.3354775905609131,0.013729903846979141,0.6943222284317017,0.33334583044052124,-0.013482922688126564,0.7934390902519226,0.33861055970191956,-0.03196936845779419,0.3877270817756653,0.36486610770225525,-0.0031774018425494432,0.565923810005188,0.3274730443954468,-0.026328688487410545,0.6919398307800293,0.3216835856437683,-0.037116941064596176,0.7894904613494873,0.32523471117019653,-0.04272537678480148,0.39691871404647827,0.3778025209903717,-0.04955582320690155,0.5470079779624939,0.3356251120567322,-0.06422556191682816,0.6504059433937073,0.3261994421482086,-0.06092388927936554,0.7348412871360779,0.328476220369339,-0.056116733700037,C
0.28011858463287354,0.6382553577423096,1.6302931271638954e-06,0.4220629036426544,0.6250655651092529,0.006638150196522474,0.5494399666786194,0.5742633938789368,0.0006346895825117826,0.6663854122161865,0.5525296926498413,-0.019605783745646477,0.7750381827354431,0.5465250611305237,-0.037756506353616714,0.41544097661972046,0.3865624666213989,0.07815011590719223,0.5717509984970093,0.36546945571899414,0.04892246052622795,0.6976287364959717,0.36648768186569214,0.008819695562124252,0.7892522811889648,0.37157121300697327,-0.018574651330709457,0.3945949971675873,0.36386552453041077,0.043883271515369415,0.5809410810470581,0.3374630808830261,0.015968874096870422,0.713783860206604,0.3408867418766022,-0.018068967387080193,0.8174933195114136,0.35340091586112976,-0.04070146009325981,0.3926020562648773,0.3607383370399475,0.0003866607730742544,0.5793953537940979,0.3212448060512543,-0.026782536879181862,0.7107672691345215,0.3246577978134155,-0.041176121681928635,0.8081278800964355,0.33643582463264465,-0.047695815563201904,0.4057895541191101,0.37620291113853455,-0.04661295562982559,0.5648346543312073,0.3245769143104553,-0.06472326815128326,0.671820878982544,0.3206004798412323,-0.0634273961186409,0.7549034953117371,0.33047574758529663,-0.05950716882944107,C
0.3068981170654297,0.6295669078826904,1.353271841253445e-06,0.42201048135757446,0.6209729313850403,-0.010063949041068554,0.5450345277786255,0.5758553743362427,-0.012529573403298855,0.6575832366943359,0.5562263131141663,-0.02402723953127861,0.753258228302002,0.5379191637039185,-0.03238383308053017,0.4688231348991394,0.43543633818626404,0.08317560702562332,0.5764471292495728,0.40718984603881836,0.06625603139400482,0.6682711839675903,0.3980201482772827,0.03584028407931328,0.7328588962554932,0.39355799555778503,0.015473629347980022,0.4471657872200012,0.4054372310638428,0.06646687537431717,0.5744647979736328,0.3709780275821686,0.054751843214035034,0.6706568598747253,0.358585923910141,0.028742799535393715,0.7524924278259277,0.3536860942840576,0.011967518366873264,0.4317375421524048,0.3865680694580078,0.038603175431489944,0.5596413612365723,0.3452652394771576,0.025319065898656845,0.6593663096427917,0.33263787627220154,0.0182487815618515,0.7397748231887817,0.32863321900367737,0.01609264872968197,0.42128050327301025,0.37972256541252136,0.005839827470481396,0.534945547580719,0.33609816431999207,-0.0011545000597834587,0.6156155467033386,0.3196665644645691,0.006350207608193159,0.6865038871765137,0.31347692012786865,0.014204971492290497,C
0.3074037432670593,0.6087130904197693,1.6277994063784718e-06,0.4171787202358246,0.6120617389678955,-0.03345736116170883,0.5418251156806946,0.5762691497802734,-0.04959483444690704,0.6552650928497314,0.5476232767105103,-0.0680340975522995,0.7552638053894043,0.5288534164428711,-0.08382318913936615,0.48421984910964966,0.44139373302459717,0.033699315041303635,0.5902981162071228,0.40308353304862976,0.005904133431613445,0.6884366273880005,0.38871926069259644,-0.023157835006713867,0.7627228498458862,0.38668790459632874,-0.03972725197672844,0.45740294456481934,0.4077705144882202,0.03188764303922653,0.5875095129013062,0.37212124466896057,0.009822155348956585,0.6859145760536194,0.3598954975605011,-0.013745795004069805,0.7753032445907593,0.3520357012748718,-0.026025883853435516,0.43187710642814636,0.3860921263694763,0.01928037591278553,0.5627259016036987,0.3485080301761627,-0.005823782179504633,0.6606191992759705,0.3383180797100067,-0.018204795196652412,0.7450053095817566,0.33387577533721924,-0.021220894530415535,0.4022928476333618,0.37597841024398804,0.001972996396943927,0.5183417797088623,0.33966416120529175,-0.01538893859833479,0.6026772260665894,0.325849711894989,-0.016708839684724808,0.6799890995025635,0.318126380443573,-0.01312453206628561,C
0.2541792690753937,0.6430083513259888,1.2268560567463282e-06,0.4224488139152527,0.6273431777954102,0.029725689440965652,0.5440941452980042,0.5737890601158142,0.030111048370599747,0.6594681143760681,0.5542340278625488,0.010501472279429436,0.7645602822303772,0.5503647923469543,-0.008423222228884697,0.4060845971107483,0.3900717794895172,0.08423954993486404,0.5711901187896729,0.3698115646839142,0.05125531554222107,0.698290228843689,0.3669580817222595,0.008892926387488842,0.7919812202453613,0.3721769452095032,-0.02036091312766075,0.3819284439086914,0.36973831057548523,0.03643633425235748,0.5772542357444763,0.3430034816265106,0.007656300440430641,0.7108069062232971,0.3409542143344879,-0.023728568106889725,0.8171263933181763,0.350065141916275,-0.04565449059009552,0.3787946403026581,0.36681097745895386,-0.019017795100808144,0.5758886337280273,0.3327510952949524,-0.04434196278452873,0.7092868685722351,0.32979124784469604,-0.059436194598674774,0.810664176940918,0.33630791306495667,-0.06845787167549133,0.39779746532440186,0.38087183237075806,-0.07675676792860031,0.556606650352478,0.3354235887527466,-0.09473592042922974,0.6635188460350037,0.32585853338241577,-0.09586403518915176,0.7507811188697815,0.32830578088760376,-0.09500482678413391,C
0.3059024512767792,0.6165058016777039,1.338681613560766e-06,0.42422589659690857,0.6134312152862549,-0.02385695092380047,0.5531445741653442,0.5669050216674805,-0.028414882719516754,0.6623401641845703,0.5441423058509827,-0.03951383754611015,0.7596163749694824,0.529674232006073,-0.04889605566859245,0.5093602538108826,0.4592200815677643,0.052897434681653976,0.6084765195846558,0.42219024896621704,0.02186678536236286,0.7006309032440186,0.4054017663002014,-0.013655201531946659,0.7727065086364746,0.39405494928359985,-0.035512857139110565,0.4896028935909271,0.42774897813796997,0.04103083536028862,0.6114025115966797,0.38798874616622925,0.016565773636102676,0.7096413373947144,0.3700057864189148,-0.013111288659274578,0.796172022819519,0.35948798060417175,-0.031037358567118645,0.46213865280151367,0.40188488364219666,0.017224669456481934,0.5861603617668152,0.3552289605140686,-0.009808759205043316,0.6869372129440308,0.3375338315963745,-0.024476001039147377,0.7728620171546936,0.3324165940284729,-0.029307052493095398,0.42455625534057617,0.3822903633117676,-0.011861774139106274,0.5382450222969055,0.33907949924468994,-0.030231568962335587,0.6251648664474487,0.32015153765678406,-0.03071463108062744,0.7025723457336426,0.31371694803237915,-0.027303626760840416,C
0.25024136900901794,0.6314961910247803,1.1569541129574645e-06,0.41133254766464233,0.6174249649047852,0.02915932424366474,0.5255463123321533,0.565214991569519,0.03620769456028938,0.6418384313583374,0.5422199964523315,0.0229555144906044,0.7443182468414307,0.5307474136352539,0.010133751668035984,0.41057002544403076,0.3870875835418701,0.10561215877532959,0.5560374855995178,0.35429346561431885,0.08117436617612839,0.6753026247024536,0.35097354650497437,0.04206041619181633,0.7615191340446472,0.35251396894454956,0.014443250373005867,0.3873134255409241,0.36197155714035034,0.062463026493787766,0.5639529228210449,0.3300964832305908,0.041582584381103516,0.6931201815605164,0.3296261429786682,0.007705111522227526,0.7936083674430847,0.33682945370674133,-0.016751542687416077,0.3800167441368103,0.3561989665031433,0.010794335044920444,0.5600182414054871,0.3196828067302704,-0.012703497894108295,0.689013659954071,0.32131102681159973,-0.030727162957191467,0.7854425311088562,0.32821124792099,-0.041468311101198196,0.38977736234664917,0.3682628273963928,-0.042513396590948105,0.5397908687591553,0.3220089077949524,-0.058246683329343796,0.639602541923523,0.31779778003692627,-0.05663863196969032,0.7203417420387268,0.324249804019928,-0.05401841551065445,C
0.3260396420955658,0.6181015372276306,1.3584334510596818e-06,0.44082966446876526,0.6164640784263611,-0.02724022977054119,0.559208333492279,0.5760700702667236,-0.038858331739902496,0.6632499694824219,0.55498206615448,-0.055784858763217926,0.7589200735092163,0.5433733463287354,-0.07211069762706757,0.5095521807670593,0.460965633392334,0.04983289912343025,0.600361168384552,0.4163059890270233,0.021819788962602615,0.685764491558075,0.39248421788215637,-0.01312396489083767,0.7509401440620422,0.3771125376224518,-0.03551933914422989,0.4837757349014282,0.43360987305641174,0.03964628279209137,0.5928248167037964,0.38889479637145996,0.017361003905534744,0.6858636140823364,0.36399441957473755,-0.01539705041795969,0.7687854170799255,0.3468954265117645,-0.03649214655160904,0.45208755135536194,0.4110042452812195,0.01826951466500759,0.5615989565849304,0.3627413511276245,-0.0037780930288136005,0.6589536666870117,0.33915525674819946,-0.021290350705385208,0.7436469793319702,0.3236592411994934,-0.030314017087221146,0.4127623736858368,0.39658647775650024,-0.008480167016386986,0.5086858868598938,0.3484230637550354,-0.022743411362171173,0.5891063809394836,0.32490265369415283,-0.024616235867142677,0.662848711013794,0.31112101674079895,-0.023906921967864037,C
0.2643861770629883,0.6368948817253113,1.4225968243408715e-06,0.4194294810295105,0.6240013837814331,0.004138064105063677,0.5410166382789612,0.5832932591438293,-0.009857404045760632,0.6547151803970337,0.5632200837135315,-0.0380355566740036,0.7595593929290771,0.548383355140686,-0.06401381641626358,0.40860599279403687,0.3906281292438507,0.05243750289082527,0.5711236000061035,0.369884729385376,0.012654449790716171,0.6982888579368591,0.36997660994529724,-0.03263048455119133,0.7926841974258423,0.3766276240348816,-0.06301289051771164,0.382453590631485,0.3664294183254242,0.01837860606610775,0.5776733160018921,0.3418164849281311,-0.01636100560426712,0.7123934030532837,0.3427889049053192,-0.04873152822256088,0.8163055181503296,0.3515981137752533,-0.07088521867990494,0.37725454568862915,0.3621191382408142,-0.024097083136439323,0.5752456188201904,0.3310418725013733,-0.05747368931770325,0.706413984298706,0.3306255638599396,-0.07385161519050598,0.8042685985565186,0.3405013978481293,-0.0816483125090599,0.391172856092453,0.3771297335624695,-0.06990230083465576,0.5532280802726746,0.33788973093032837,-0.09400279074907303,0.6606191396713257,0.3317747116088867,-0.09606608003377914,0.7462259531021118,0.3375038206577301,-0.09378664940595627,C
0.2564292550086975,0.6389975547790527,1.3995293102198048e-06,0.4104577600955963,0.6270619034767151,0.001767063862644136,0.5412294864654541,0.5845087766647339,-0.014232245273888111,0.6592803001403809,0.5646353960037231,-0.04403971508145332,0.7671891450881958,0.5547422766685486,-0.07297124713659286,0.42552846670150757,0.39426499605178833,0.045645635575056076,0.581794261932373,0.3708150386810303,0.007105038966983557,0.7095026969909668,0.36890625953674316,-0.03839242830872536,0.8045576810836792,0.3748954236507416,-0.06998614221811295,0.395466148853302,0.3696898818016052,0.012003885582089424,0.5868197083473206,0.34582915902137756,-0.01950833573937416,0.7201591730117798,0.3460389971733093,-0.051091596484184265,0.8215430974960327,0.3526086211204529,-0.0742291510105133,0.38444840908050537,0.3641035556793213,-0.029704555869102478,0.5797015428543091,0.33496999740600586,-0.05967150256037712,0.7082135677337646,0.33545035123825073,-0.07385428994894028,0.8033595085144043,0.3441981077194214,-0.08189863711595535,0.3915118873119354,0.37798047065734863,-0.07525597512722015,0.551579475402832,0.33741506934165955,-0.09817299246788025,0.6591455340385437,0.33413758873939514,-0.09832444041967392,0.7441352605819702,0.34210216999053955,-0.09533946961164474,C
0.27105283737182617,0.6405486464500427,1.3369711950872443e-06,0.4198412001132965,0.6287886500358582,0.01271306537091732,0.5452227592468262,0.5810074210166931,0.011349847540259361,0.6599839329719543,0.5604344606399536,-0.007590184453874826,0.7658143043518066,0.545742928981781,-0.025594810023903847,0.45495617389678955,0.41369688510894775,0.08826778829097748,0.5904219746589661,0.38248348236083984,0.05556480959057808,0.7062143087387085,0.37639346718788147,0.012262177653610706,0.7948997020721436,0.3749389052391052,-0.01693326234817505,0.43063226342201233,0.3869214355945587,0.04923228919506073,0.5932595729827881,0.35721608996391296,0.0214926116168499,0.7167656421661377,0.35209375619888306,-0.015285128727555275,0.8198858499526978,0.3555825352668762,-0.04076691344380379,0.415417343378067,0.37419193983078003,-0.00012599339243024588,0.587692379951477,0.3429392874240875,-0.02834622748196125,0.7075635194778442,0.3409692347049713,-0.04716148599982262,0.8012866973876953,0.3479139804840088,-0.057267606258392334,0.4109444320201874,0.37771013379096985,-0.0531720332801342,0.5585026144981384,0.33431845903396606,-0.07433603703975677,0.6604804396629333,0.3291303813457489,-0.07640376687049866,0.7463927268981934,0.3366260826587677,-0.07488901168107986,C
0.28949815034866333,0.6343324184417725,1.662186264184129e-06,0.42114707827568054,0.6288347244262695,-0.015131792984902859,0.5477802753448486,0.5816285014152527,-0.027910266071558,0.6646135449409485,0.5649558305740356,-0.050780124962329865,0.7662935256958008,0.5547351241111755,-0.07240799069404602,0.4602338969707489,0.431058794260025,0.07243083417415619,0.5652137994766235,0.39403536915779114,0.05439368262887001,0.6619375944137573,0.37510865926742554,0.022769158706068993,0.7339373826980591,0.36771160364151,0.0011594954412430525,0.42974188923835754,0.40463441610336304,0.054556142538785934,0.5541659593582153,0.3681710362434387,0.043704066425561905,0.6542494297027588,0.3522747755050659,0.017213257029652596,0.744436502456665,0.3458622395992279,7.411924889311194e-05,0.4092459976673126,0.3918534815311432,0.025998950004577637,0.5332624316215515,0.34955698251724243,0.01659153774380684,0.633513331413269,0.3335686922073364,0.008462099358439445,0.7181984186172485,0.3292723298072815,0.004215214867144823,0.3951564431190491,0.39601612091064453,-0.008548617362976074,0.5047186613082886,0.35213544964790344,-0.012426001951098442,0.5887818336486816,0.33209195733070374,-0.005912779364734888,0.6633540391921997,0.3250153958797455,0.0006248647114261985,C
0.28949815034866333,0.6343324184417725,1.662186264184129e-06,0.42114707827568054,0.6288347244262695,-0.015131792984902859,0.5477802753448486,0.5816285014152527,-0.027910266071558,0.6646135449409485,0.5649558305740356,-0.050780124962329865,0.7662935256958008,0.5547351241111755,-0.07240799069404602,0.4602338969707489,0.431058794260025,0.07243083417415619,0.5652137994766235,0.39403536915779114,0.05439368262887001,0.6619375944137573,0.37510865926742554,0.022769158706068993,0.7339373826980591,0.36771160364151,0.0011594954412430525,0.42974188923835754,0.40463441610336304,0.054556142538785934,0.5541659593582153,0.3681710362434387,0.043704066425561905,0.6542494297027588,0.3522747755050659,0.017213257029652596,0.744436502456665,0.3458622395992279,7.411924889311194e-05,0.4092459976673126,0.3918534815311432,0.025998950004577637,0.5332624316215515,0.34955698251724243,0.01659153774380684,0.633513331413269,0.3335686922073364,0.008462099358439445,0.7181984186172485,0.3292723298072815,0.004215214867144823,0.3951564431190491,0.39601612091064453,-0.008548617362976074,0.5047186613082886,0.35213544964790344,-0.012426001951098442,0.5887818336486816,0.33209195733070374,-0.005912779364734888,0.6633540391921997,0.3250153958797455,0.0006248647114261985,C
0.25405073165893555,0.6524115800857544,1.1889111419804976e-06,0.41781049966812134,0.6357489824295044,0.036980703473091125,0.5472795367240906,0.5809020400047302,0.042445145547389984,0.6626325845718384,0.5597220659255981,0.026152126491069794,0.7697604894638062,0.5560119152069092,0.010793768800795078,0.4182593822479248,0.393226683139801,0.10618764907121658,0.5759016275405884,0.37463757395744324,0.08138225227594376,0.7009906768798828,0.3729870319366455,0.041434548795223236,0.7932610511779785,0.37643349170684814,0.012314336374402046,0.3929332494735718,0.37135863304138184,0.05574651062488556,0.5828320980072021,0.34742051362991333,0.03551900014281273,0.7158787250518799,0.34770891070365906,0.005098586902022362,0.8199869394302368,0.3560248613357544,-0.01772867515683174,0.38698190450668335,0.3686268925666809,-0.0025111965369433165,0.5797140598297119,0.33765095472335815,-0.021184248849749565,0.7109705209732056,0.3394373059272766,-0.03386497497558594,0.8088513612747192,0.34951817989349365,-0.042776163667440414,0.40281277894973755,0.38423585891723633,-0.06292121857404709,0.561231255531311,0.343686044216156,-0.0753861516714096,0.6665802597999573,0.33905228972435,-0.07310910522937775,0.7508429288864136,0.34499284625053406,-0.07088663429021835,C
0.2686527371406555,0.638582706451416,1.2297572311581462e-06,0.4163531959056854,0.6263583898544312,-0.0004110503359697759,0.5423110127449036,0.5808377265930176,-0.008626898750662804,0.6605333089828491,0.5610034465789795,-0.030032901093363762,0.7683900594711304,0.5486575961112976,-0.049139197915792465,0.44170132279396057,0.4127632975578308,0.0703732967376709,0.5725499391555786,0.3810881972312927,0.035237327218055725,0.6869745254516602,0.37151023745536804,-0.00853832345455885,0.772649884223938,0.3674536347389221,-0.03762464225292206,0.4177877902984619,0.38772469758987427,0.04206947609782219,0.5777848958969116,0.3558868169784546,0.016289707273244858,0.6955575942993164,0.3477354049682617,-0.015046547167003155,0.7935770153999329,0.3469700813293457,-0.03700069710612297,0.40480244159698486,0.3779855966567993,0.003280269680544734,0.5693280696868896,0.3430262804031372,-0.021906282752752304,0.6867123246192932,0.33342504501342773,-0.03595157340168953,0.7822384834289551,0.33296239376068115,-0.04288483411073685,0.4044417440891266,0.3837060034275055,-0.0399746336042881,0.5464741587638855,0.34347590804100037,-0.056873489171266556,0.6433271765708923,0.33175069093704224,-0.05598244443535805,0.7260681390762329,0.3311294913291931,-0.05250905826687813,C
0.2686527371406555,0.638582706451416,1.2297572311581462e-06,0.4163531959056854,0.6263583898544312,-0.0004110503359697759,0.5423110127449036,0.5808377265930176,-0.008626898750662804,0.6605333089828491,0.5610034465789795,-0.030032901093363762,0.7683900594711304,0.5486575961112976,-0.049139197915792465,0.44170132279396057,0.4127632975578308,0.0703732967376709,0.5725499391555786,0.3810881972312927,0.035237327218055725,0.6869745254516602,0.37151023745536804,-0.00853832345455885,0.772649884223938,0.3674536347389221,-0.03762464225292206,0.4177877902984619,0.38772469758987427,0.04206947609782219,0.5777848958969116,0.3558868169784546,0.016289707273244858,0.6955575942993164,0.3477354049682617,-0.015046547167003155,0.7935770153999329,0.3469700813293457,-0.03700069710612297,0.40480244159698486,0.3779855966567993,0.003280269680544734,0.5693280696868896,0.3430262804031372,-0.021906282752752304,0.6867123246192932,0.33342504501342773,-0.03595157340168953,0.7822384834289551,0.33296239376068115,-0.04288483411073685,0.4044417440891266,0.3837060034275055,-0.0399746336042881,0.5464741587638855,0.34347590804100037,-0.056873489171266556,0.6433271765708923,0.33175069093704224,-0.05598244443535805,0.7260681390762329,0.3311294913291931,-0.05250905826687813,C
0.3073132038116455,0.6265882849693298,1.5821711940589012e-06,0.4303629994392395,0.6247848272323608,-0.013765759766101837,0.5536957383155823,0.5808063745498657,-0.025535084307193756,0.6650504469871521,0.5639752745628357,-0.04531737044453621,0.7649503946304321,0.5536338686943054,-0.06357880681753159,0.4491422772407532,0.4211134910583496,0.041852254420518875,0.5736740231513977,0.3911679983139038,0.0070892199873924255,0.6826381087303162,0.3809431493282318,-0.031915705651044846,0.7634717226028442,0.37640616297721863,-0.05683440715074539,0.4246097207069397,0.39440277218818665,0.021754253655672073,0.5790895223617554,0.36335280537605286,-0.007734417915344238,0.6984944343566895,0.3560636341571808,-0.03733711317181587,0.797283411026001,0.35786667466163635,-0.05568664148449898,0.4111688435077667,0.3836277425289154,-0.007708695251494646,0.5658500790596008,0.3420291543006897,-0.03631463646888733,0.6852108836174011,0.3360585868358612,-0.04810849949717522,0.7793288826942444,0.3398536741733551,-0.051816847175359726,0.40385201573371887,0.3878939747810364,-0.041432566940784454,0.5350006222724915,0.34123700857162476,-0.060797542333602905,0.6337838172912598,0.32809531688690186,-0.059670884162187576,0.7154823541641235,0.3266989588737488,-0.05534430965781212,C
0.25546813011169434,0.647115170955658,1.2525214287961717e-06,0.42459824681282043,0.6288336515426636,0.04637712985277176,0.5445733070373535,0.5766522884368896,0.05717701092362404,0.6597669720649719,0.5590464472770691,0.0432550311088562,0.7626686096191406,0.552864134311676,0.028180796653032303,0.40532538294792175,0.38852599263191223,0.12635937333106995,0.5573104619979858,0.3653958737850189,0.10902674496173859,0.6820889711380005,0.36235448718070984,0.0715545192360878,0.7733845710754395,0.3664568364620209,0.04404093697667122,0.38126322627067566,0.3680764436721802,0.07295089215040207,0.5646430850028992,0.342160701751709,0.05972117558121681,0.6968551278114319,0.341516375541687,0.026710648089647293,0.8025144338607788,0.35115084052085876,0.0012153331190347672,0.37789827585220337,0.36630314588546753,0.012385735288262367,0.5630941987037659,0.3347478210926056,-0.0006666437839157879,0.6949784755706787,0.3342474400997162,-0.01673096790909767,0.7954148054122925,0.3411235213279724,-0.02919471077620983,0.3938175141811371,0.38278064131736755,-0.049450475722551346,0.5434626340866089,0.33901968598365784,-0.05807226151227951,0.6446363925933838,0.33189117908477783,-0.05524231493473053,0.7284541130065918,0.33595341444015503,-0.053246960043907166,C
0.2733612656593323,0.6489542126655579,1.35054017391667e-06,0.4178183078765869,0.6309586763381958,0.008146462962031364,0.5416711568832397,0.5820842385292053,-0.006400154437869787,0.6612004637718201,0.5615556240081787,-0.03551372513175011,0.7679171562194824,0.5509447455406189,-0.06435500085353851,0.41471704840660095,0.38947877287864685,0.056098345667123795,0.5693603754043579,0.36540597677230835,0.021698076277971268,0.6897372603416443,0.36054396629333496,-0.019770460203289986,0.7767606377601624,0.3635101020336151,-0.04820796474814415,0.38854607939720154,0.3698635995388031,0.019265087321400642,0.5756512880325317,0.3466496467590332,-0.005943881347775459,0.6994481086730957,0.346627801656723,-0.034015532582998276,0.7970142364501953,0.35339096188545227,-0.05503379553556442,0.38349664211273193,0.3695847690105438,-0.02549700066447258,0.5693013668060303,0.3405136168003082,-0.04536900669336319,0.6904022693634033,0.33688056468963623,-0.0540546178817749,0.7832234501838684,0.34156930446624756,-0.06086951121687889,0.39575543999671936,0.3897281587123871,-0.07436614483594894,0.5352339148521423,0.3438451588153839,-0.0870145782828331,0.6323019862174988,0.3329940438270569,-0.08255963772535324,0.7126387357711792,0.3344242572784424,-0.07856336981058121,C
0.2510162591934204,0.6538019180297852,1.3013342368140002e-06,0.42336803674697876,0.6326930522918701,0.045665379613637924,0.5441622138023376,0.5802663564682007,0.05330619588494301,0.6608472466468811,0.5630221366882324,0.03619717061519623,0.7658326625823975,0.555935263633728,0.018202725797891617,0.40829527378082275,0.3881002962589264,0.12179999053478241,0.5702909827232361,0.37348732352256775,0.10361989587545395,0.6989983916282654,0.3733048439025879,0.06461910903453827,0.7935700416564941,0.3780364692211151,0.03483005613088608,0.38506850600242615,0.36531102657318115,0.06801362335681915,0.5814575552940369,0.3475135266780853,0.05666131526231766,0.7146278619766235,0.3483287990093231,0.02615448832511902,0.8214001655578613,0.35397595167160034,0.0010178214870393276,0.3812519609928131,0.3634210228919983,0.006917739752680063,0.5792282223701477,0.33670997619628906,-0.00470763212069869,0.712847113609314,0.3363208472728729,-0.018289102241396904,0.8156050443649292,0.3418756127357483,-0.03011271543800831,0.39767664670944214,0.3823440670967102,-0.055622879415750504,0.5645134449005127,0.3448720872402191,-0.0632803738117218,0.670710027217865,0.3414386510848999,-0.05870131775736809,0.755858302116394,0.34718388319015503,-0.05608661472797394,C
0.26042982935905457,0.6502928733825684,1.241697987097723e-06,0.43038153648376465,0.6315599083900452,0.03564230725169182,0.5478270649909973,0.5818239450454712,0.03940274566411972,0.6552732586860657,0.5640532374382019,0.020166192203760147,0.7571689486503601,0.5539782047271729,0.0005724687944166362,0.4178968071937561,0.4004828631877899,0.10376744717359543,0.5718936920166016,0.38168787956237793,0.0750897228717804,0.6973938941955566,0.37934374809265137,0.03166951239109039,0.7891594171524048,0.38435035943984985,0.0008811691077426076,0.39560040831565857,0.37990885972976685,0.052435677498579025,0.5807642936706543,0.3546837568283081,0.02598407305777073,0.7143771648406982,0.35485395789146423,-0.011304275132715702,0.8178153038024902,0.3638567626476288,-0.038033775985240936,0.3914650082588196,0.37745460867881775,-0.006652899086475372,0.5816800594329834,0.34417060017585754,-0.03131403401494026,0.7132703065872192,0.3458813428878784,-0.05054698511958122,0.8104522228240967,0.35446786880493164,-0.0630122646689415,0.4052629768848419,0.392896443605423,-0.06739367544651031,0.559159517288208,0.35120004415512085,-0.08449022471904755,0.6645775437355042,0.34505826234817505,-0.08499514311552048,0.7513285875320435,0.35013115406036377,-0.08418134599924088,C
0.25940340757369995,0.6581515669822693,1.1779767419284326e-06,0.42210274934768677,0.6402944326400757,0.03431549668312073,0.5443268418312073,0.5846539735794067,0.03962184861302376,0.6603450775146484,0.5636732578277588,0.024440331384539604,0.7643373012542725,0.5650458931922913,0.010537461377680302,0.4086860418319702,0.3864392340183258,0.09772798418998718,0.5602700710296631,0.3680546283721924,0.07297896593809128,0.6858528852462769,0.3643670380115509,0.034479834139347076,0.7798970341682434,0.36834603548049927,0.006532253231853247,0.3819475769996643,0.36474156379699707,0.050803042948246,0.5717355012893677,0.34399330615997314,0.02896430343389511,0.7052223682403564,0.3473009467124939,1.962938767974265e-05,0.8109598159790039,0.3588423430919647,-0.021072817966341972,0.3776729106903076,0.3662622570991516,-0.0034234633203595877,0.5686790347099304,0.33778178691864014,-0.02601378783583641,0.7031275033950806,0.34079110622406006,-0.04016420245170593,0.8050892353057861,0.3534623384475708,-0.0484866127371788,0.3970959186553955,0.38846611976623535,-0.05926181375980377,0.5563291311264038,0.3480374217033386,-0.07593347877264023,0.6627246141433716,0.3441088795661926,-0.07630321383476257,0.7495111227035522,0.3529515266418457,-0.07476677000522614,C
0.2565913796424866,0.6481967568397522,1.259196324099321e-06,0.41898971796035767,0.6366300582885742,0.024199947714805603,0.5373233556747437,0.5818695425987244,0.02523869462311268,0.650982677936554,0.5599360466003418,0.007894854992628098,0.7525815963745117,0.5498233437538147,-0.00839424878358841,0.4083523750305176,0.38716617226600647,0.07887391000986099,0.57059645652771,0.3708573579788208,0.04732678458094597,0.6989843845367432,0.3696552813053131,0.005335882306098938,0.792607307434082,0.3756067752838135,-0.02424333058297634,0.3831552267074585,0.36664193868637085,0.036075521260499954,0.5806891322135925,0.34693169593811035,0.009270752780139446,0.7135871648788452,0.3500622510910034,-0.0217624269425869,0.8185163140296936,0.3584934175014496,-0.04430263489484787,0.380195677280426,0.3692381978034973,-0.014207323081791401,0.5776404738426208,0.3412061035633087,-0.040541764348745346,0.712719202041626,0.34069013595581055,-0.05576765164732933,0.8162291049957275,0.34566789865493774,-0.06529409438371658,0.3958454430103302,0.3924371004104614,-0.06664448231458664,0.5599691271781921,0.3507525324821472,-0.08737440407276154,0.670247495174408,0.3434390425682068,-0.08902134001255035,0.7622440457344055,0.3472811281681061,-0.08840525150299072,C
0.2558286488056183,0.6474422216415405,1.4444510725297732e-06,0.4121226966381073,0.6300078630447388,0.011167130433022976,0.5346026420593262,0.5866015553474426,-0.004791958257555962,0.656355619430542,0.56853848695755,-0.038189880549907684,0.7630277872085571,0.5523295402526855,-0.07121408730745316,0.4030275344848633,0.3907681703567505,0.06371920555830002,0.5594428777694702,0.36649036407470703,0.02801593393087387,0.6872909069061279,0.3617566227912903,-0.015934471040964127,0.7804790139198303,0.36775386333465576,-0.046129319816827774,0.3785352408885956,0.3713502883911133,0.02444337122142315,0.5691356658935547,0.3435720205307007,-0.0013367236824706197,0.6988246440887451,0.3442845046520233,-0.029075903818011284,0.8005547523498535,0.350959837436676,-0.049806274473667145,0.37662047147750854,0.37057599425315857,-0.02334921807050705,0.5649368166923523,0.33493363857269287,-0.0455053336918354,0.6937503814697266,0.33222725987434387,-0.05298849567770958,0.7889717817306519,0.33999621868133545,-0.05822403356432915,0.39193248748779297,0.3899177014827728,-0.07513722032308578,0.5395441055297852,0.3424438238143921,-0.09121179580688477,0.6425345540046692,0.3348175287246704,-0.08601920306682587,0.7244251370429993,0.341720312833786,-0.08048132807016373,C
0.2444174885749817,0.6554891467094421,1.140249878517352e-06,0.41233789920806885,0.6379822492599487,0.0528368279337883,0.5375909805297852,0.5806545615196228,0.07039197534322739,0.6508816480636597,0.5573465824127197,0.062310460954904556,0.7547518014907837,0.5530992150306702,0.05407699570059776,0.4132847785949707,0.39477527141571045,0.13928978145122528,0.5613173246383667,0.36727002263069153,0.12691672146320343,0.6849539279937744,0.3644295334815979,0.09287478029727936,0.7752876281738281,0.36892789602279663,0.06764146685600281,0.3902603089809418,0.3736977279186249,0.08392765372991562,0.5666928291320801,0.3427188992500305,0.07555684447288513,0.7004941701889038,0.34095829725265503,0.04589599743485451,0.8061940670013428,0.3504089415073395,0.022629637271165848,0.3858833611011505,0.3710087537765503,0.021193550899624825,0.566849410533905,0.335075318813324,0.012172037735581398,0.7007916569709778,0.3348873257637024,-0.0020400402136147022,0.8007810115814209,0.3448454737663269,-0.013580961152911186,0.4014476537704468,0.3860110342502594,-0.04267500713467598,0.5519300699234009,0.3417583405971527,-0.047696784138679504,0.6567275524139404,0.3346194326877594,-0.0439704954624176,0.7413398027420044,0.3391684889793396,-0.04199574515223503,C
0.7544595003128052,0.49166491627693176,-3.711134297645913e-07,0.7760601043701172,0.4493281841278076,0.011052347719669342,0.8254403471946716,0.41903334856033325,0.010669729672372341,0.8640724420547485,0.4040045738220215,0.00148883112706244,0.8940402865409851,0.39101171493530273,-0.008314723148941994,0.9019629955291748,0.4391272962093353,0.022712094709277153,0.9528910517692566,0.4130386412143707,0.008453118614852428,0.9719271063804626,0.3868676722049713,-0.0007640470284968615,0.9859635233879089,0.3680775463581085,-0.007069811690598726,0.9054505228996277,0.4531656503677368,0.0029941038228571415,0.9302948117256165,0.4048236012458801,-0.021247146651148796,0.8860423564910889,0.3960488438606262,-0.02520832233130932,0.860133945941925,0.40808457136154175,-0.020727604627609253,0.8993445038795471,0.4634391665458679,-0.019263599067926407,0.9203076362609863,0.4133510887622833,-0.04273790866136551,0.8755958080291748,0.4065966010093689,-0.03092208504676819,0.8517068028450012,0.4210284650325775,-0.015834204852581024,0.8859555125236511,0.4726284444332123,-0.04158317670226097,0.9077187180519104,0.43128299713134766,-0.05379853770136833,0.8782010078430176,0.4217239022254944,-0.04144470766186714,0.8573265075683594,0.4326072633266449,-0.02816561423242092,E
0.7772390842437744,0.5055123567581177,9.378131693438263e-08,0.8349507451057434,0.4846806824207306,0.028925692662596703,0.8872933387756348,0.4619669020175934,0.04022550582885742,0.914824366569519,0.44279205799102783,0.042121708393096924,0.9211342930793762,0.4235823452472687,0.04311491921544075,0.9327982068061829,0.45358383655548096,0.043720901012420654,0.9711470603942871,0.4128360152244568,0.04667326807975769,0.9802534580230713,0.38971447944641113,0.046747803688049316,0.9869616627693176,0.37328580021858215,0.048117976635694504,0.9282373785972595,0.4456855058670044,0.026323797181248665,0.9657773971557617,0.3994285464286804,0.03331662341952324,0.9737300872802734,0.37375712394714355,0.032742690294981,0.9788277745246887,0.3569812774658203,0.03185991570353508,0.9122870564460754,0.44001251459121704,0.009466511197388172,0.9142243266105652,0.39845070242881775,0.01510709524154663,0.8851553201675415,0.40304088592529297,0.016794489696621895,0.8670586943626404,0.41671931743621826,0.01793678104877472,0.8902866244316101,0.43458276987075806,-0.005863394122570753,0.8889425992965698,0.4049569070339203,0.002828144934028387,0.8651192784309387,0.41029077768325806,0.011152466759085655,0.8500819206237793,0.42363011837005615,0.017260544002056122,E
0.7592682838439941,0.5021570920944214,-1.204469270987829e-07,0.8201368451118469,0.49379247426986694,0.011012688279151917,0.8668192028999329,0.46812903881073,0.013747104443609715,0.8916935324668884,0.4395500719547272,0.011113465763628483,0.8998953700065613,0.41471266746520996,0.0067925825715065,0.9068490266799927,0.44400572776794434,0.012713317759335041,0.9395633339881897,0.4084303379058838,0.005372780840843916,0.9561273455619812,0.3821590542793274,-0.004098235163837671,0.9661084413528442,0.36201244592666626,-0.01158791035413742,0.8963083624839783,0.4351215064525604,0.001296350616030395,0.9098548889160156,0.3988931179046631,-0.007496435195207596,0.8912064433097839,0.396207720041275,-0.014365172013640404,0.8732306361198425,0.4045014977455139,-0.017849737778306007,0.8744609355926514,0.4290533661842346,-0.00958281010389328,0.8893020153045654,0.3982459306716919,-0.01587400957942009,0.8687278628349304,0.40162596106529236,-0.01289474405348301,0.8503019213676453,0.4159257411956787,-0.00983327068388462,0.8466292023658752,0.4253898859024048,-0.020086439326405525,0.8578895926475525,0.4022025763988495,-0.022719794884324074,0.8456364274024963,0.40551719069480896,-0.016831547021865845,0.8323231935501099,0.4196816384792328,-0.010594399645924568,E
0.4920545518398285,0.8718448877334595,-5.463426759888534e-07,0.47791552543640137,0.729773759841919,-0.026157209649682045,0.561884343624115,0.596925675868988,-0.04474637284874916,0.7059032917022705,0.533963680267334,-0.07850933820009232,0.8427688479423523,0.5231579542160034,-0.11546477675437927,0.716312825679779,0.5620262622833252,0.023928532376885414,0.8559768795967102,0.48872819542884827,-0.030868051573634148,0.9237995743751526,0.4550327658653259,-0.07433021813631058,0.9693876504898071,0.42694371938705444,-0.10369472950696945,0.7696780562400818,0.6291393637657166,-0.0020855506882071495,0.849189043045044,0.5904269218444824,-0.10508334636688232,0.7288607358932495,0.6412535905838013,-0.14278002083301544,0.6161953210830688,0.6872670650482178,-0.14056812226772308,0.7989336848258972,0.6982597708702087,-0.037940654903650284,0.8562843799591064,0.6641045808792114,-0.13289105892181396,0.7204405069351196,0.7107885479927063,-0.1309366077184677,0.6109921932220459,0.7454551458358765,-0.10038892179727554,0.8143811225891113,0.773020327091217,-0.07652192562818527,0.8408312201499939,0.7354630827903748,-0.13037735223770142,0.738254725933075,0.7608156800270081,-0.11456955224275589,0.6519876718521118,0.7829184532165527,-0.08569042384624481,G
0.5163795948028564,0.8433339595794678,-4.930622026222409e-07,0.4857417345046997,0.7202062010765076,-0.04451592639088631,0.5696640014648438,0.5951027274131775,-0.06474407017230988,0.7053436040878296,0.534630537033081,-0.09201868623495102,0.8396034240722656,0.5276565551757812,-0.1183849573135376,0.730898916721344,0.5668239593505859,0.017271097749471664,0.8409165740013123,0.49619728326797485,-0.03207128867506981,0.9044079780578613,0.46015340089797974,-0.06348340213298798,0.9579161405563354,0.43562883138656616,-0.08415196090936661,0.7778463363647461,0.6304429769515991,0.0031716327648609877,0.8577694296836853,0.5850347876548767,-0.10361341387033463,0.7248092889785767,0.6278602480888367,-0.13225698471069336,0.6185262203216553,0.6654557585716248,-0.11756838858127594,0.8049718141555786,0.6977485418319702,-0.022339295595884323,0.8608835339546204,0.6656484007835388,-0.13523581624031067,0.7104822397232056,0.7046573162078857,-0.1278189718723297,0.6074917316436768,0.7329598665237427,-0.0856548547744751,0.8176342248916626,0.7719240188598633,-0.05030771344900131,0.8467741012573242,0.735287070274353,-0.12526628375053406,0.7332953810691833,0.7561771869659424,-0.11366702616214752,0.6469929814338684,0.7731309533119202,-0.08218219876289368,G
0.5163795948028564,0.8433339595794678,-4.930622026222409e-07,0.4857417345046997,0.7202062010765076,-0.04451592639088631,0.5696640014648438,0.5951027274131775,-0.06474407017230988,0.7053436040878296,0.534630537033081,-0.09201868623495102,0.8396034240722656,0.5276565551757812,-0.1183849573135376,0.730898916721344,0.5668239593505859,0.017271097749471664,0.8409165740013123,0.49619728326797485,-0.03207128867506981,0.9044079780578613,0.46015340089797974,-0.06348340213298798,0.9579161405563354,0.43562883138656616,-0.08415196090936661,0.7778463363647461,0.6304429769515991,0.0031716327648609877,0.8577694296836853,0.5850347876548767,-0.10361341387033463,0.7248092889785767,0.6278602480888367,-0.13225698471069336,0.6185262203216553,0.6654557585716248,-0.11756838858127594,0.8049718141555786,0.6977485418319702,-0.022339295595884323,0.8608835339546204,0.6656484007835388,-0.13523581624031067,0.7104822397232056,0.7046573162078857,-0.1278189718723297,0.6074917316436768,0.7329598665237427,-0.0856548547744751,0.8176342248916626,0.7719240188598633,-0.05030771344900131,0.8467741012573242,0.735287070274353,-0.12526628375053406,0.7332953810691833,0.7561771869659424,-0.11366702616214752,0.6469929814338684,0.7731309533119202,-0.08218219876289368,G
0.5036605596542358,0.8525614738464355,-9.101864293370454e-07,0.48840218782424927,0.7229124903678894,-0.04425032436847687,0.5727389454841614,0.5913684368133545,-0.07002979516983032,0.7077503800392151,0.5276781320571899,-0.10478349775075912,0.8402053713798523,0.5181007981300354,-0.13533270359039307,0.7271474599838257,0.562506377696991,0.010056791827082634,0.8683157563209534,0.4676859974861145,-0.05669086053967476,0.9001219272613525,0.4381125271320343,-0.0970730111002922,0.9112859964370728,0.4297274351119995,-0.11791824549436569,0.768301248550415,0.6280211806297302,-0.005557246506214142,0.8605016469955444,0.5712535381317139,-0.11805827915668488,0.723698079586029,0.6143178939819336,-0.1455737054347992,0.6169190406799316,0.6565321683883667,-0.13126042485237122,0.7956835031509399,0.6966494917869568,-0.0340852364897728,0.8670132756233215,0.648117184638977,-0.14626654982566833,0.7108892798423767,0.6869891881942749,-0.12691423296928406,0.6031867265701294,0.720585286617279,-0.07861468195915222,0.8093481063842773,0.7736374735832214,-0.06660714000463486,0.8458633422851562,0.7265737652778625,-0.1403801590204239,0.7289013266563416,0.7445573806762695,-0.12207011878490448,0.6414603590965271,0.7647942304611206,-0.08651827275753021,G
0.5064048767089844,0.8558720946311951,-6.84549320340011e-07,0.49413520097732544,0.7322839498519897,-0.027613934129476547,0.5795167088508606,0.6004383563995361,-0.042476870119571686,0.7170801758766174,0.537038266658783,-0.06964350491762161,0.8436112403869629,0.5287154912948608,-0.0987398624420166,0.7324011921882629,0.562923789024353,0.02290433645248413,0.8548252582550049,0.48798054456710815,-0.02387848123908043,0.9213589429855347,0.44626420736312866,-0.05834962800145149,0.9701606035232544,0.41410592198371887,-0.082970529794693,0.7826467752456665,0.6255821585655212,-0.0005321429343894124,0.8591551780700684,0.5849578976631165,-0.1007540374994278,0.7354557514190674,0.6337283253669739,-0.13173174858093262,0.6225001811981201,0.6755158305168152,-0.12300374358892441,0.8126465678215027,0.6933034658432007,-0.03308432176709175,0.8670730590820312,0.659286618232727,-0.12891310453414917,0.7275095582008362,0.703156590461731,-0.12195882201194763,0.6198258996009827,0.7348112463951111,-0.08723777532577515,0.8273553848266602,0.7700396776199341,-0.06807299703359604,0.8478063344955444,0.7353456020355225,-0.12704016268253326,0.7393819093704224,0.7593017220497131,-0.11316061019897461,0.6549397110939026,0.7788883447647095,-0.08513384312391281,G
0.5195387005805969,0.8554909229278564,-6.345792371575953e-07,0.49572211503982544,0.7312957048416138,-0.04651930555701256,0.5748253464698792,0.6014536619186401,-0.06809712201356888,0.7095181345939636,0.539803147315979,-0.09633998572826385,0.8411365747451782,0.5309200286865234,-0.12181536853313446,0.7453702092170715,0.5709660649299622,0.0193132646381855,0.8595099449157715,0.49593037366867065,-0.03821905702352524,0.9058641195297241,0.4656656086444855,-0.07593817263841629,0.9404236674308777,0.44947224855422974,-0.09867870062589645,0.7922179698944092,0.6367939114570618,0.004831280559301376,0.8730461001396179,0.5841742753982544,-0.10670192539691925,0.7371576428413391,0.628322958946228,-0.13604186475276947,0.6284508109092712,0.6699329614639282,-0.1210462674498558,0.8180233836174011,0.7065945267677307,-0.022621871903538704,0.8709112405776978,0.6682259440422058,-0.13839316368103027,0.7177464365959167,0.7078443169593811,-0.12554600834846497,0.6126154661178589,0.7374734282493591,-0.07906366139650345,0.8266196250915527,0.7836421132087708,-0.053308580070734024,0.8562170267105103,0.74261075258255,-0.13044339418411255,0.7392385005950928,0.7637874484062195,-0.11525224149227142,0.6526382565498352,0.7814498543739319,-0.08068877458572388,G
0.5194575786590576,0.8589760661125183,-7.496473131141101e-07,0.4999511241912842,0.7329541444778442,-0.03714696317911148,0.5857459902763367,0.6052077412605286,-0.05442999675869942,0.7212797999382019,0.5444055199623108,-0.08090004324913025,0.8523645401000977,0.5324397087097168,-0.10566463321447372,0.7511177659034729,0.5696832537651062,0.02888583391904831,0.8572283387184143,0.4960489273071289,-0.024141212925314903,0.9021424055099487,0.46322399377822876,-0.05942188948392868,0.9326977133750916,0.44264471530914307,-0.08010992407798767,0.7976977825164795,0.633343517780304,0.011555500328540802,0.8774654865264893,0.5850235819816589,-0.09357567131519318,0.7462245225906372,0.631805956363678,-0.12331542372703552,0.6380718946456909,0.6721318364143372,-0.10878492891788483,0.8261473178863525,0.7021170258522034,-0.017462126910686493,0.8805081248283386,0.6666674017906189,-0.12733276188373566,0.7313413023948669,0.7115064859390259,-0.11816833168268204,0.6272210478782654,0.7423446774482727,-0.07483261078596115,0.8385122418403625,0.7787739634513855,-0.04869341850280762,0.8698656558990479,0.7397922873497009,-0.11965077370405197,0.7538999319076538,0.7653504610061646,-0.10392154008150101,0.6675130724906921,0.7852851748466492,-0.06941868364810944,G
0.5225867033004761,0.8608824014663696,-8.129586603899952e-07,0.5014148950576782,0.7280704379081726,-0.04561059921979904,0.5883159637451172,0.6001496315002441,-0.07042130082845688,0.7266514897346497,0.5401481986045837,-0.10282589495182037,0.8541513681411743,0.5280401706695557,-0.1324344426393509,0.7448910474777222,0.562737762928009,0.007153342477977276,0.8817305564880371,0.47718414664268494,-0.0511942096054554,0.9322309494018555,0.44642114639282227,-0.0861528292298317,0.966821014881134,0.4301367700099945,-0.10566951334476471,0.7914524674415588,0.6274155974388123,-0.004367375746369362,0.8801059722900391,0.5802775025367737,-0.11761469393968582,0.7476729154586792,0.6245008111000061,-0.14806903898715973,0.6350144147872925,0.6613984107971191,-0.13446593284606934,0.8265753388404846,0.6939869523048401,-0.026944132521748543,0.8845402002334595,0.6568591594696045,-0.14185830950737,0.7298712730407715,0.6978113651275635,-0.12956349551677704,0.6137237548828125,0.7283158302307129,-0.08408411592245102,0.8475925922393799,0.7665442228317261,-0.052756618708372116,0.8669165372848511,0.7278963327407837,-0.13167929649353027,0.7471767067909241,0.7477334141731262,-0.12006660550832748,0.6497489809989929,0.7652311325073242,-0.08710871636867523,G
0.42677074670791626,0.8853989839553833,-1.3772388456345652e-06,0.45421725511550903,0.7564518451690674,-0.08149576932191849,0.5655418634414673,0.6186950206756592,-0.12740452587604523,0.6945127248764038,0.5352817177772522,-0.17657852172851562,0.8263394236564636,0.5220930576324463,-0.21776211261749268,0.7953563928604126,0.6206792593002319,-0.023222465068101883,0.9603599309921265,0.528699517250061,-0.10505744814872742,0.9592872858047485,0.5031770467758179,-0.1527218222618103,0.9535168409347534,0.5036808252334595,-0.17818796634674072,0.8307357430458069,0.6910185217857361,-0.02188790962100029,0.8986505270004272,0.6142194271087646,-0.14688855409622192,0.7285869717597961,0.6494699120521545,-0.18812166154384613,0.6097327470779419,0.6919268369674683,-0.18436075747013092,0.8501430153846741,0.7691263556480408,-0.03638994321227074,0.9016973972320557,0.6932705044746399,-0.16515718400478363,0.7339179515838623,0.7214536070823669,-0.15970687568187714,0.6158508062362671,0.7542673349380493,-0.11874368786811829,0.8499345779418945,0.8497796654701233,-0.05788601189851761,0.8827267289161682,0.7789125442504883,-0.15871478617191315,0.7500876784324646,0.7889155149459839,-0.15900437533855438,0.6499209403991699,0.8120413422584534,-0.131313756108284,G
0.42677074670791626,0.8853989839553833,-1.3772388456345652e-06,0.45421725511550903,0.7564518451690674,-0.08149576932191849,0.5655418634414673,0.6186950206756592,-0.12740452587604523,0.6945127248764038,0.5352817177772522,-0.17657852172851562,0.8263394236564636,0.5220930576324463,-0.21776211261749268,0.7953563928604126,0.6206792593002319,-0.023222465068101883,0.9603599309921265,0.528699517250061,-0.10505744814872742,0.9592872858047485,0.5031770467758179,-0.1527218222618103,0.9535168409347534,0.5036808252334595,-0.17818796634674072,0.8307357430458069,0.6910185217857361,-0.02188790962100029,0.8986505270004272,0.6142194271087646,-0.14688855409622192,0.7285869717597961,0.6494699120521545,-0.18812166154384613,0.6097327470779419,0.6919268369674683,-0.18436075747013092,0.8501430153846741,0.7691263556480408,-0.03638994321227074,0.9016973972320557,0.6932705044746399,-0.16515718400478363,0.7339179515838623,0.7214536070823669,-0.15970687568187714,0.6158508062362671,0.7542673349380493,-0.11874368786811829,0.8499345779418945,0.8497796654701233,-0.05788601189851761,0.8827267289161682,0.7789125442504883,-0.15871478617191315,0.7500876784324646,0.7889155149459839,-0.15900437533855438,0.6499209403991699,0.8120413422584534,-0.131313756108284,G
0.5161504745483398,0.8612754940986633,-7.959836807458487e-07,0.5001280307769775,0.7401988506317139,-0.03127482533454895,0.5803291201591492,0.6073405742645264,-0.04807936027646065,0.718657910823822,0.5402727127075195,-0.075691819190979,0.8469087481498718,0.5362859964370728,-0.10422822833061218,0.7429246306419373,0.5767160058021545,0.018218310549855232,0.8625383377075195,0.4975779056549072,-0.031309906393289566,0.9181278944015503,0.4605320692062378,-0.0652356892824173,0.9572020769119263,0.4349469542503357,-0.08799795806407928,0.7912114262580872,0.6406638622283936,-0.0021451464854180813,0.8768154382705688,0.5899414420127869,-0.10431898385286331,0.7467267513275146,0.6380524039268494,-0.13267095386981964,0.6324191689491272,0.6816911101341248,-0.12089712172746658,0.8195783495903015,0.7081836462020874,-0.03206586092710495,0.8845430612564087,0.6653635501861572,-0.1334887444972992,0.7406834959983826,0.708496630191803,-0.12477725744247437,0.6310997605323792,0.7428886294364929,-0.08662699908018112,0.834026575088501,0.7837755680084229,-0.06415212899446487,0.863248884677887,0.7434636950492859,-0.12871746718883514,0.7542606592178345,0.7656910419464111,-0.11576206237077713,0.6688706278800964,0.7877492904663086,-0.08703207969665527,G
0.5296158194541931,0.8574768900871277,-7.797273724463594e-07,0.5079746246337891,0.732275128364563,-0.0440540611743927,0.5973120331764221,0.6014308929443359,-0.06399469822645187,0.7404637932777405,0.5425063967704773,-0.09170614182949066,0.8697326183319092,0.5349407196044922,-0.1173471137881279,0.7709516286849976,0.5628805160522461,0.012974533252418041,0.8934080600738525,0.48761284351348877,-0.0448722168803215,0.9465634822845459,0.45952337980270386,-0.08215336501598358,0.9839640259742737,0.4432018995285034,-0.10414483398199081,0.8189114332199097,0.6302100419998169,0.00031603017123416066,0.8886879086494446,0.5985426902770996,-0.1130145862698555,0.7440909147262573,0.6497470140457153,-0.14242884516716003,0.6299585103988647,0.6877226829528809,-0.12787561118602753,0.8476594686508179,0.7007176280021667,-0.024164704605937004,0.8981193900108337,0.6797018051147461,-0.13827764987945557,0.7422837018966675,0.7216783165931702,-0.12609387934207916,0.6299768686294556,0.7463318109512329,-0.08146310597658157,0.8592613935470581,0.7774286866188049,-0.05166829377412796,0.8870454430580139,0.7508518695831299,-0.1273748129606247,0.7685588002204895,0.7709680199623108,-0.11376120895147324,0.6766674518585205,0.7819231748580933,-0.08012131601572037,G
0.5283055901527405,0.8641790151596069,-7.276757401086797e-07,0.5098918676376343,0.7336493730545044,-0.05148295685648918,0.596876323223114,0.6042051315307617,-0.07793927192687988,0.738084614276886,0.5449628829956055,-0.11019723117351532,0.8713438510894775,0.535641074180603,-0.13898959755897522,0.7602710723876953,0.5575809478759766,-0.002488931408151984,0.8998737931251526,0.47046032547950745,-0.06343083828687668,0.962483286857605,0.4438147246837616,-0.09951287508010864,1.0093419551849365,0.43390411138534546,-0.12002525478601456,0.8065187335014343,0.6267966032028198,-0.01218685694038868,0.8849039077758789,0.5969646573066711,-0.12997815012931824,0.7434438467025757,0.6544390916824341,-0.1570797860622406,0.6340699791908264,0.6983093023300171,-0.14022117853164673,0.8376513123512268,0.6984667181968689,-0.03331303596496582,0.8986971974372864,0.6805807948112488,-0.15035025775432587,0.7401626706123352,0.7264980673789978,-0.13098494708538055,0.6297401785850525,0.7556614279747009,-0.08104567229747772,0.8515812754631042,0.776507556438446,-0.058379217982292175,0.8817436695098877,0.755435585975647,-0.13709773123264313,0.7612954378128052,0.7797658443450928,-0.12001507729291916,0.6727191209793091,0.7953256964683533,-0.08283853530883789,G
0.5283055901527405,0.8641790151596069,-7.276757401086797e-07,0.5098918676376343,0.7336493730545044,-0.05148295685648918,0.596876323223114,0.6042051315307617,-0.07793927192687988,0.738084614276886,0.5449628829956055,-0.11019723117351532,0.8713438510894775,0.535641074180603,-0.13898959755897522,0.7602710723876953,0.5575809478759766,-0.002488931408151984,0.8998737931251526,0.47046032547950745,-0.06343083828687668,0.962483286857605,0.4438147246837616,-0.09951287508010864,1.0093419551849365,0.43390411138534546,-0.12002525478601456,0.8065187335014343,0.6267966032028198,-0.01218685694038868,0.8849039077758789,0.5969646573066711,-0.12997815012931824,0.7434438467025757,0.6544390916824341,-0.1570797860622406,0.6340699791908264,0.6983093023300171,-0.14022117853164673,0.8376513123512268,0.6984667181968689,-0.03331303596496582,0.8986971974372864,0.6805807948112488,-0.15035025775432587,0.7401626706123352,0.7264980673789978,-0.13098494708538055,0.6297401785850525,0.7556614279747009,-0.08104567229747772,0.8515812754631042,0.776507556438446,-0.058379217982292175,0.8817436695098877,0.755435585975647,-0.13709773123264313,0.7612954378128052,0.7797658443450928,-0.12001507729291916,0.6727191209793091,0.7953256964683533,-0.08283853530883789,G
0.5090779066085815,0.886009156703949,-1.0414162261440651e-06,0.49636417627334595,0.7488307952880859,-0.02938990853726864,0.5793957710266113,0.6115815043449402,-0.04889066144824028,0.7212188839912415,0.5460423827171326,-0.08215755224227905,0.8553755283355713,0.5369982123374939,-0.11527667194604874,0.7565121650695801,0.5747168064117432,0.02641553431749344,0.8841592073440552,0.5053107738494873,-0.037428297102451324,0.9004306793212891,0.4849008321762085,-0.0824575424194336,0.9007319211959839,0.4732934236526489,-0.10894555598497391,0.8095932006835938,0.6403160691261292,0.0012180260382592678,0.8842394351959229,0.5975081324577332,-0.0979406014084816,0.7466070055961609,0.6500953435897827,-0.12905852496623993,0.6398436427116394,0.6919666528701782,-0.12293270230293274,0.8391661643981934,0.7114886045455933,-0.036378100514411926,0.8915225863456726,0.6725550889968872,-0.1343836635351181,0.7419561743736267,0.7216683626174927,-0.12646961212158203,0.640301525592804,0.7564315795898438,-0.09171329438686371,0.8515881896018982,0.789993166923523,-0.0766156017780304,0.8712034225463867,0.7481263279914856,-0.13342472910881042,0.7551531195640564,0.7764595150947571,-0.11459560692310333,0.6745323538780212,0.7984398603439331,-0.0835210531949997,G
0.5311802625656128,0.8658709526062012,-9.163524055111338e-07,0.507712185382843,0.7388278841972351,-0.0370292030274868,0.5898444652557373,0.6139345765113831,-0.05617738515138626,0.7254241108894348,0.5550143718719482,-0.08424486964941025,0.8561362028121948,0.5482431054115295,-0.1088193878531456,0.7615008354187012,0.5842137336730957,0.029870660975575447,0.8648917078971863,0.5261580348014832,-0.03820134326815605,0.8622055053710938,0.5157524347305298,-0.08354111760854721,0.8402960896492004,0.5191650390625,-0.10510125011205673,0.806602418422699,0.6485501527786255,0.013682587072253227,0.8823411464691162,0.6026462316513062,-0.08721814304590225,0.7464075684547424,0.6456708312034607,-0.11769632250070572,0.6385620832443237,0.6847754120826721,-0.10610459744930267,0.8308002948760986,0.7183429598808289,-0.01664583757519722,0.8831771612167358,0.6855139136314392,-0.12266708165407181,0.7317501902580261,0.7241387367248535,-0.11702020466327667,0.6270892024040222,0.7534309029579163,-0.0778568759560585,0.8372747898101807,0.7950370907783508,-0.04921255633234978,0.8580436110496521,0.7567958235740662,-0.11916211992502213,0.7401581406593323,0.7765461802482605,-0.10733595490455627,0.6526050567626953,0.7910486459732056,-0.07610063254833221,G
0.5311802625656128,0.8658709526062012,-9.163524055111338e-07,0.507712185382843,0.7388278841972351,-0.0370292030274868,0.5898444652557373,0.6139345765113831,-0.05617738515138626,0.7254241108894348,0.5550143718719482,-0.08424486964941025,0.8561362028121948,0.5482431054115295,-0.1088193878531456,0.7615008354187012,0.5842137336730957,0.029870660975575447,0.8648917078971863,0.5261580348014832,-0.03820134326815605,0.8622055053710938,0.5157524347305298,-0.08354111760854721,0.8402960896492004,0.5191650390625,-0.10510125011205673,0.806602418422699,0.6485501527786255,0.013682587072253227,0.8823411464691162,0.6026462316513062,-0.08721814304590225,0.7464075684547424,0.6456708312034607,-0.11769632250070572,0.6385620832443237,0.6847754120826721,-0.10610459744930267,0.8308002948760986,0.7183429598808289,-0.01664583757519722,0.8831771612167358,0.6855139136314392,-0.12266708165407181,0.7317501902580261,0.7241387367248535,-0.11702020466327667,0.6270892024040222,0.7534309029579163,-0.0778568759560585,0.8372747898101807,0.7950370907783508,-0.04921255633234978,0.8580436110496521,0.7567958235740662,-0.11916211992502213,0.7401581406593323,0.7765461802482605,-0.10733595490455627,0.6526050567626953,0.7910486459732056,-0.07610063254833221,G
0.514928936958313,0.8744298219680786,-6.562611361005111e-07,0.49962329864501953,0.7485308647155762,-0.030027735978364944,0.5789225101470947,0.6171354651451111,-0.04707983136177063,0.715124249458313,0.5510119795799255,-0.0752260833978653,0.8424792289733887,0.5400440692901611,-0.1042977124452591,0.7355325222015381,0.5793344974517822,0.01782095991075039,0.8598651885986328,0.502315878868103,-0.035974711179733276,0.9253448843955994,0.4633049964904785,-0.07395956665277481,0.9724552631378174,0.4343494176864624,-0.0991584062576294,0.7856143116950989,0.643252968788147,-0.005256182048469782,0.8771814107894897,0.5951347947120667,-0.11199597269296646,0.7495189905166626,0.6501821279525757,-0.14128011465072632,0.6351897716522217,0.6974858045578003,-0.12877027690410614,0.8161489963531494,0.7121102213859558,-0.03809124976396561,0.8810135126113892,0.677199125289917,-0.14035312831401825,0.7368359565734863,0.7233307361602783,-0.1298392117023468,0.6282976269721985,0.756374716758728,-0.0902753695845604,0.8309909105300903,0.7899342775344849,-0.07351327687501907,0.8568131327629089,0.7590752840042114,-0.1363106369972229,0.7447881102561951,0.7839342355728149,-0.12087655067443848,0.6592176556587219,0.8027373552322388,-0.0905364602804184,G
0.5142744779586792,0.8866176605224609,-6.432510417653248e-07,0.5129576921463013,0.7576638460159302,-0.03520388901233673,0.6113548874855042,0.6281158328056335,-0.056425102055072784,0.7570067048072815,0.5703563690185547,-0.08907657861709595,0.8866884112358093,0.5557171702384949,-0.12425113469362259,0.7807518839836121,0.594268262386322,0.004533093888312578,0.9239680767059326,0.5362979769706726,-0.05780348554253578,0.9872133731842041,0.5103539228439331,-0.10551103204488754,1.030046820640564,0.48667287826538086,-0.13783441483974457,0.8327071070671082,0.6637921333312988,-0.019393661990761757,0.8943348526954651,0.6336750984191895,-0.12160269170999527,0.7556226849555969,0.6781384944915771,-0.15548019111156464,0.6431460380554199,0.7108931541442871,-0.15336060523986816,0.8547360897064209,0.74016273021698,-0.05419217050075531,0.8988653421401978,0.7099391222000122,-0.15328449010849,0.7494027614593506,0.7485741376876831,-0.14703558385372162,0.6404240131378174,0.7718287110328674,-0.11531370133161545,0.8600285053253174,0.8240662217140198,-0.09195810556411743,0.8816994428634644,0.7851845026016235,-0.15467321872711182,0.7635419964790344,0.8061397671699524,-0.13792021572589874,0.6740941405296326,0.8196278810501099,-0.10805463790893555,G
0.6022651195526123,0.8264137506484985,-1.6351814338122495e-06,0.5028337836265564,0.6995308995246887,-0.055897120386362076,0.489246666431427,0.5394003391265869,-0.09900392591953278,0.597293496131897,0.4371621012687683,-0.15301920473575592,0.7652072310447693,0.4193195104598999,-0.1904904544353485,0.6314760446548462,0.4303756356239319,-0.00896297488361597,0.6899763941764832,0.29583871364593506,-0.12075450271368027,0.6212736368179321,0.3914758265018463,-0.1782352477312088,0.5850915312767029,0.46987393498420715,-0.19187358021736145,0.7367417812347412,0.4607469439506531,-0.023683736100792885,0.8190361857414246,0.32710903882980347,-0.1466696858406067,0.7183708548545837,0.42609483003616333,-0.184066042304039,0.6554549932479858,0.5050374269485474,-0.17115557193756104,0.8326250910758972,0.5059934854507446,-0.05538518354296684,0.8697718381881714,0.4056628942489624,-0.17252033948898315,0.7497150301933289,0.5000208616256714,-0.1700296700000763,0.6810563206672668,0.5816096067428589,-0.12534131109714508,0.9171311855316162,0.5586265921592712,-0.09190291911363602,0.9793370962142944,0.44349488615989685,-0.1404663324356079,0.9738774299621582,0.41505682468414307,-0.12853984534740448,0.9741592407226562,0.40468940138816833,-0.100579634308815,J
0.5954489707946777,0.8392850756645203,-1.7041754745150683e-06,0.4958093762397766,0.7030324339866638,-0.06158614158630371,0.48853883147239685,0.5435652136802673,-0.10200470685958862,0.5990728735923767,0.44488877058029175,-0.1524789035320282,0.7609788179397583,0.4251478612422943,-0.1838243305683136,0.6378452777862549,0.43629032373428345,-0.0020360806956887245,0.7045122385025024,0.30244722962379456,-0.11102809011936188,0.6196904182434082,0.3937321901321411,-0.1645202487707138,0.5868141651153564,0.4704265594482422,-0.17565034329891205,0.7353261709213257,0.4723110496997833,-0.012692850083112717,0.8168678283691406,0.33916574716567993,-0.12534835934638977,0.7080198526382446,0.43331092596054077,-0.15044623613357544,0.6586706042289734,0.5070332884788513,-0.13237708806991577,0.8216760754585266,0.5223504900932312,-0.043125297874212265,0.8579719066619873,0.41792604327201843,-0.1524668037891388,0.7389626502990723,0.5072999596595764,-0.14179261028766632,0.6835720539093018,0.588525116443634,-0.09499285370111465,0.9006611704826355,0.5794910192489624,-0.0801241546869278,0.9721782207489014,0.47130030393600464,-0.12634943425655365,0.9416606426239014,0.47028300166130066,-0.10982280224561691,0.9209891557693481,0.49078476428985596,-0.07902945578098297,J
0.5939185619354248,0.8136587142944336,-1.7297375052294228e-06,0.5025172233581543,0.692868709564209,-0.041999075561761856,0.49498993158340454,0.5369090437889099,-0.07934632897377014,0.6045719981193542,0.44277501106262207,-0.1278754472732544,0.7624591588973999,0.42410823702812195,-0.1665499359369278,0.6579506397247314,0.4367138147354126,-0.007885684259235859,0.7045623064041138,0.31373798847198486,-0.1042124330997467,0.6347534656524658,0.4000190198421478,-0.16534078121185303,0.5969256162643433,0.47670453786849976,-0.19156982004642487,0.7567824721336365,0.4682518243789673,-0.028902901336550713,0.8253036737442017,0.3294355869293213,-0.13329176604747772,0.7203128933906555,0.4142659902572632,-0.1720324158668518,0.6474257707595825,0.5019359588623047,-0.16701221466064453,0.8443761467933655,0.5152391195297241,-0.0634274035692215,0.8716899752616882,0.3998657166957855,-0.15667082369327545,0.7483988404273987,0.47972917556762695,-0.16228076815605164,0.6745404601097107,0.564727783203125,-0.13504236936569214,0.9182007312774658,0.5746901631355286,-0.10222728550434113,0.8789706230163574,0.4814588725566864,-0.15769220888614655,0.7648998498916626,0.49675431847572327,-0.15725071728229523,0.685455858707428,0.5323196053504944,-0.1390102505683899,J
0.5922521948814392,0.8265049457550049,-1.5391190117952647e-06,0.5013697743415833,0.7118297815322876,-0.04860948026180267,0.4909179210662842,0.5551304221153259,-0.08752267062664032,0.5930284261703491,0.4562160074710846,-0.1351872682571411,0.7505056262016296,0.43976476788520813,-0.166522815823555,0.6420689821243286,0.4496814012527466,-0.024455314502120018,0.7083476781845093,0.31724053621292114,-0.12936227023601532,0.6375808715820312,0.4108424782752991,-0.1816699057817459,0.6015804409980774,0.48730945587158203,-0.19538003206253052,0.7458613514900208,0.47937893867492676,-0.03930974006652832,0.8267223834991455,0.3471216857433319,-0.15362012386322021,0.7236974835395813,0.4474521577358246,-0.18153178691864014,0.6723948121070862,0.5299199819564819,-0.16680610179901123,0.8388115167617798,0.5255895853042603,-0.06877470761537552,0.8810597658157349,0.42825257778167725,-0.16848739981651306,0.7650014758110046,0.5135167241096497,-0.15640465915203094,0.7034876942634583,0.5901086330413818,-0.11337614059448242,0.9194813966751099,0.5802145600318909,-0.10376254469156265,1.0279006958007812,0.474445104598999,-0.14687851071357727,1.0594526529312134,0.43696585297584534,-0.13829746842384338,1.0894273519515991,0.41775065660476685,-0.1169697642326355,J
0.689113438129425,0.902283787727356,-1.3922317521064542e-06,0.5938864946365356,0.7806977033615112,-0.06786250323057175,0.5348497033119202,0.6401360034942627,-0.10869208723306656,0.5903087854385376,0.5152893662452698,-0.15838715434074402,0.7266305088996887,0.4706384241580963,-0.19424495100975037,0.6503397226333618,0.5409619212150574,0.030473940074443817,0.678144097328186,0.4563477039337158,-0.06818493455648422,0.652809739112854,0.5432789325714111,-0.13249851763248444,0.6401243805885315,0.6266252994537354,-0.15759970247745514,0.7493034601211548,0.5554714798927307,0.029407186433672905,0.7883102297782898,0.46547287702560425,-0.07691431045532227,0.7350274324417114,0.5757206678390503,-0.11552964895963669,0.7017443180084229,0.6577692627906799,-0.11170097440481186,0.8430154323577881,0.5797565579414368,0.007099945098161697,0.8728025555610657,0.4904121458530426,-0.1029343530535698,0.809201180934906,0.5917816162109375,-0.10067594796419144,0.7646400928497314,0.6746803522109985,-0.06207926943898201,0.9282119870185852,0.6165050864219666,-0.0216938778758049,0.9355781674385071,0.525367259979248,-0.08681485056877136,0.8828177452087402,0.5879259705543518,-0.07428495585918427,0.8423778414726257,0.6536221504211426,-0.042062584310770035,S
0.7023282647132874,0.9351801872253418,-1.946149723153212e-06,0.5671727657318115,0.8171993494033813,-0.04505866765975952,0.5059682726860046,0.6800644993782043,-0.07960686832666397,0.5771414041519165,0.5691235661506653,-0.13062205910682678,0.7029528021812439,0.5129355192184448,-0.17143985629081726,0.5723575949668884,0.5743802785873413,0.03154732659459114,0.5893076658248901,0.468671053647995,-0.07768409699201584,0.5854277014732361,0.5654915571212769,-0.14591379463672638,0.5884189009666443,0.644872784614563,-0.17003577947616577,0.6801334619522095,0.584457278251648,0.013659147545695305,0.7249991297721863,0.4906192421913147,-0.09458126127719879,0.6942592263221741,0.6131863594055176,-0.12926216423511505,0.6777517199516296,0.6850095987319946,-0.12249875068664551,0.787211537361145,0.6027121543884277,-0.023956505581736565,0.83034348487854,0.5118374824523926,-0.13078077137470245,0.7773697376251221,0.6320899128913879,-0.11851378530263901,0.7496739029884338,0.710117518901825,-0.07393699884414673,0.8884940147399902,0.6323508024215698,-0.06659276783466339,0.9122086763381958,0.5385869145393372,-0.11334314197301865,0.8699355125427246,0.6094673275947571,-0.08287303149700165,0.8470614552497864,0.6688936948776245,-0.04065851867198944,S
0.6970906257629395,0.9304854869842529,-1.909875663841376e-06,0.5630284547805786,0.8236888647079468,-0.03680732473731041,0.5054543614387512,0.6823641061782837,-0.06247679889202118,0.5779144167900085,0.5636485815048218,-0.10255907475948334,0.6974185109138489,0.5029578804969788,-0.13388891518115997,0.5736488699913025,0.5723949670791626,0.03813933953642845,0.5930254459381104,0.4874560236930847,-0.06060166284441948,0.5858253240585327,0.582192599773407,-0.12601831555366516,0.5809178948402405,0.6591901779174805,-0.1506049782037735,0.6795413494110107,0.5770573019981384,0.01973399519920349,0.7313209772109985,0.4996262192726135,-0.07645443826913834,0.701288640499115,0.62188321352005,-0.1094636619091034,0.6774386763572693,0.6952429413795471,-0.10366268455982208,0.7864740490913391,0.5947010517120361,-0.016391800716519356,0.8351338505744934,0.5161897540092468,-0.11264089494943619,0.7856959104537964,0.6329454183578491,-0.10223298519849777,0.7513960599899292,0.7070453763008118,-0.06254442036151886,0.8879225254058838,0.6283113956451416,-0.05626837909221649,0.9128532409667969,0.542698085308075,-0.10097897797822952,0.8734630346298218,0.6186791658401489,-0.06999946385622025,0.8481409549713135,0.6762495636940002,-0.028034433722496033,S
0.6919479966163635,0.933465838432312,-1.8871654674512683e-06,0.5609286427497864,0.8204674124717712,-0.04951091855764389,0.5000985264778137,0.6785551309585571,-0.08307122439146042,0.5716095566749573,0.5601211786270142,-0.12994840741157532,0.7060761451721191,0.5076627135276794,-0.16757738590240479,0.5776223540306091,0.5809027552604675,0.0177686158567667,0.5985168218612671,0.4764997065067291,-0.09033456444740295,0.5942612886428833,0.5708701014518738,-0.1567738652229309,0.5970208644866943,0.6481181383132935,-0.18064816296100616,0.6827062368392944,0.5898484587669373,0.0037855994887650013,0.7362112998962402,0.49321597814559937,-0.1059485450387001,0.7042685151100159,0.6148836016654968,-0.1385364532470703,0.6834234595298767,0.6871536374092102,-0.12990640103816986,0.788381814956665,0.6079695820808411,-0.02922464720904827,0.8390448093414307,0.5204272270202637,-0.137101948261261,0.7840430736541748,0.636764407157898,-0.12448141723871231,0.7523761987686157,0.710347592830658,-0.08026532828807831,0.8892912864685059,0.6383827924728394,-0.06735089421272278,0.91887366771698,0.5495969653129578,-0.11650773882865906,0.8737043142318726,0.6200600266456604,-0.08825229853391647,0.8461818099021912,0.6767712831497192,-0.048351071774959564,S
0.6591469049453735,0.9484689831733704,-1.5779987734276801e-06,0.5610836744308472,0.831706702709198,-0.06775209307670593,0.5030218958854675,0.680013120174408,-0.10981688648462296,0.5558289289474487,0.5515265464782715,-0.15976831316947937,0.6904751062393188,0.5064078569412231,-0.19402305781841278,0.6155233979225159,0.5809397101402283,0.019737424328923225,0.6454352140426636,0.4956303536891937,-0.07530886679887772,0.6191226243972778,0.5885493159294128,-0.13253174722194672,0.6101937294006348,0.6670980453491211,-0.1552828997373581,0.7174490690231323,0.5991003513336182,0.016344448551535606,0.7493792176246643,0.5010620951652527,-0.09046375751495361,0.6991214752197266,0.6166871190071106,-0.12246646732091904,0.6704555749893188,0.6956861019134521,-0.11613203585147858,0.8134052157402039,0.6254213452339172,-0.00757541274651885,0.8437025547027588,0.5190426111221313,-0.1152680516242981,0.7821270227432251,0.626650869846344,-0.10510914772748947,0.7397124767303467,0.709022045135498,-0.0646977424621582,0.9022531509399414,0.6637879610061646,-0.038706544786691666,0.9194230437278748,0.5666321516036987,-0.10403512418270111,0.869920015335083,0.6254286170005798,-0.0925031453371048,0.8300907015800476,0.6852794885635376,-0.06408265978097916,S
0.6739752292633057,0.9260173439979553,-1.6629230685794028e-06,0.5560035705566406,0.8210123181343079,-0.05427859351038933,0.4940924346446991,0.6856024265289307,-0.08933687955141068,0.5600794553756714,0.5681065320968628,-0.1334863156080246,0.6861076354980469,0.5063997507095337,-0.1660240739583969,0.585107147693634,0.5808940529823303,0.013575459830462933,0.6028069257736206,0.4838774502277374,-0.0863356664776802,0.5929955244064331,0.5799291133880615,-0.149827778339386,0.5941187143325806,0.6615054607391357,-0.17307259142398834,0.690651535987854,0.5922718644142151,0.006322286557406187,0.732422411441803,0.4976314306259155,-0.09294414520263672,0.6967477202415466,0.6160977482795715,-0.12410766631364822,0.6753484606742859,0.6975817680358887,-0.11636608839035034,0.7937394380569458,0.6150539517402649,-0.018605390563607216,0.8323284387588501,0.5193352103233337,-0.11885594576597214,0.7755457758903503,0.6342225670814514,-0.10267221927642822,0.7399467825889587,0.7193222045898438,-0.057546086609363556,0.8907251358032227,0.6527889966964722,-0.04878825321793556,0.9117599725723267,0.5623052716255188,-0.10496256500482559,0.8649809956550598,0.6331462264060974,-0.08002110570669174,0.8337225914001465,0.6965102553367615,-0.04042505472898483,S
0.7086611986160278,0.9228801727294922,-1.443232122255722e-06,0.569091796875,0.8070192337036133,-0.03207427263259888,0.5143762826919556,0.6621319055557251,-0.054697856307029724,0.5947716236114502,0.5490542650222778,-0.09418734163045883,0.7185872197151184,0.49405771493911743,-0.12905044853687286,0.560661792755127,0.5566523671150208,0.04689589515328407,0.5336267352104187,0.4462735652923584,-0.02805434912443161,0.5038018226623535,0.46197062730789185,-0.08185277134180069,0.493621289730072,0.48179662227630615,-0.10785225033760071,0.6676463484764099,0.5642154812812805,0.02340877242386341,0.6988194584846497,0.4678030014038086,-0.07659786194562912,0.6697880029678345,0.5751622915267944,-0.11568120867013931,0.6544153690338135,0.6498552560806274,-0.11123557388782501,0.7775261402130127,0.5827308893203735,-0.014671117067337036,0.8081457018852234,0.4887716472148895,-0.11097767949104309,0.7572999000549316,0.600443422794342,-0.10369764268398285,0.7320084571838379,0.678915798664093,-0.06474769860506058,0.8846629858016968,0.6166836023330688,-0.0570528507232666,0.9041553735733032,0.5186642408370972,-0.10144668072462082,0.857060432434082,0.5892040133476257,-0.07455610483884811,0.8317222595214844,0.6525930762290955,-0.03651810437440872,S
0.7121158838272095,0.9176373481750488,-1.8895776747740456e-06,0.5846872925758362,0.803906261920929,-0.0379941463470459,0.5284794569015503,0.6650193333625793,-0.06551778316497803,0.5999507308006287,0.5502715110778809,-0.10910195112228394,0.7213523387908936,0.48794522881507874,-0.14288391172885895,0.5818763971328735,0.5632044076919556,0.036340076476335526,0.5832302570343018,0.45306605100631714,-0.06389642506837845,0.5832900404930115,0.5363154411315918,-0.12755537033081055,0.5922001004219055,0.6069993376731873,-0.15103298425674438,0.6892212629318237,0.5716295838356018,0.01772158034145832,0.7329897284507751,0.476665735244751,-0.08555801212787628,0.7070993781089783,0.593592643737793,-0.11926008015871048,0.6938620805740356,0.6664384007453918,-0.1121344193816185,0.7962276339530945,0.5902783870697021,-0.01921631209552288,0.8346485495567322,0.4991943836212158,-0.119903065264225,0.7860052585601807,0.612441897392273,-0.10945899039506912,0.7614322900772095,0.6870025992393494,-0.0680464506149292,0.9009253978729248,0.6216955780982971,-0.0606326200067997,0.921015739440918,0.5306183695793152,-0.10743216425180435,0.8774060010910034,0.5990458726882935,-0.08068405836820602,0.8530641198158264,0.6565934419631958,-0.041839055716991425,S
0.7087287902832031,0.9031703472137451,-1.724337039377133e-06,0.5783058404922485,0.8019169569015503,-0.039428915828466415,0.5167602896690369,0.6651840806007385,-0.0653531402349472,0.5895230770111084,0.5462293028831482,-0.10496201366186142,0.7174248099327087,0.48200976848602295,-0.1344747394323349,0.593054473400116,0.5673285126686096,0.042949382215738297,0.6001134514808655,0.4661879539489746,-0.0525522418320179,0.5885665416717529,0.5546795129776001,-0.11547142267227173,0.5938592553138733,0.6294036507606506,-0.1386776864528656,0.696042537689209,0.5732004046440125,0.027694780379533768,0.7252070903778076,0.478005588054657,-0.06886167079210281,0.6937231421470642,0.5958606600761414,-0.10273496806621552,0.6844683289527893,0.6733080148696899,-0.09526372700929642,0.798302948474884,0.5901753306388855,-0.0054794903844594955,0.8205624222755432,0.4991544485092163,-0.09853535145521164,0.7727751135826111,0.6117392182350159,-0.08430030196905136,0.7549088001251221,0.6889623403549194,-0.04059387370944023,0.8987536430358887,0.622167706489563,-0.04340973123908043,0.9009367227554321,0.5309865474700928,-0.08739913254976273,0.8601916432380676,0.6020441651344299,-0.05719361454248428,0.846457839012146,0.6619059443473816,-0.015341957099735737,S
0.7055116891860962,0.9168740510940552,-1.7336651580990292e-06,0.5754659175872803,0.8063386678695679,-0.04113288223743439,0.5131544470787048,0.6682124137878418,-0.07049459964036942,0.5891931056976318,0.5510412454605103,-0.11375661939382553,0.7126757502555847,0.4914695918560028,-0.14797435700893402,0.575475811958313,0.5726180672645569,0.02666851319372654,0.5819584131240845,0.4655531048774719,-0.07215484976768494,0.5841343998908997,0.5463894605636597,-0.13731709122657776,0.5931253433227539,0.6190794706344604,-0.1623688042163849,0.6825153231620789,0.5776432156562805,0.011410876177251339,0.7305448651313782,0.48520225286483765,-0.0916837826371193,0.7063164710998535,0.6006304621696472,-0.12795479595661163,0.688176691532135,0.677596926689148,-0.12265133112668991,0.7890167236328125,0.5933634042739868,-0.020951582118868828,0.8318407535552979,0.5045337677001953,-0.11942169815301895,0.7875961065292358,0.6118209958076477,-0.10883446782827377,0.7585880756378174,0.6883406639099121,-0.06815110146999359,0.8911510705947876,0.622998058795929,-0.05790404602885246,0.9101805686950684,0.5305910706520081,-0.10574416071176529,0.8734701871871948,0.5975465178489685,-0.07840511202812195,0.8520631790161133,0.6571550369262695,-0.038858283311128616,S
0.7166200280189514,0.9077739715576172,-1.6558047946091392e-06,0.5914966464042664,0.7902229428291321,-0.03577454015612602,0.5377974510192871,0.6556910276412964,-0.06330615282058716,0.6083847284317017,0.5422079563140869,-0.10732264816761017,0.735651969909668,0.485920250415802,-0.1424618512392044,0.6034595966339111,0.5553842782974243,0.04599876329302788,0.6016134023666382,0.4423540532588959,-0.050539568066596985,0.5817646384239197,0.5241218209266663,-0.11177469044923782,0.5871629118919373,0.5965989232063293,-0.13320165872573853,0.7043411731719971,0.5651530623435974,0.027569251134991646,0.7370615005493164,0.462252676486969,-0.07413433492183685,0.7003477215766907,0.5776981115341187,-0.10837217420339584,0.6906564831733704,0.6560229063034058,-0.09999283403158188,0.8081467747688293,0.5843793153762817,-0.008665759116411209,0.8337103724479675,0.4869673252105713,-0.11218748986721039,0.77862548828125,0.6017765998840332,-0.10117914527654648,0.7593938708305359,0.6853024959564209,-0.05700059235095978,0.9088461399078369,0.6158746480941772,-0.04881719499826431,0.9165306091308594,0.5232605338096619,-0.10113857686519623,0.8699899911880493,0.5961815714836121,-0.07470305263996124,0.8519518375396729,0.661271333694458,-0.03383517265319824,S
0.6939641237258911,0.925049901008606,-1.7483223473391263e-06,0.569528341293335,0.8053719401359558,-0.04267030209302902,0.5095303058624268,0.6670757532119751,-0.07491573691368103,0.5822651982307434,0.5532130002975464,-0.1227032020688057,0.7195045351982117,0.5023893713951111,-0.1594584733247757,0.5748239755630493,0.5622348785400391,0.038644518703222275,0.5623537302017212,0.446029931306839,-0.06462737172842026,0.5404932498931885,0.5312850475311279,-0.12566344439983368,0.5473319888114929,0.5942696332931519,-0.14712147414684296,0.6827839612960815,0.5739859938621521,0.02041044645011425,0.7140747308731079,0.47386133670806885,-0.09055676311254501,0.6804535388946533,0.5962671637535095,-0.1228962391614914,0.6736998558044434,0.663921594619751,-0.111859992146492,0.7944315075874329,0.5959461331367493,-0.017083270475268364,0.8200194239616394,0.5033972263336182,-0.1289854198694229,0.766455888748169,0.6215911507606506,-0.11459029465913773,0.7478175759315491,0.6947665810585022,-0.06646554917097092,0.9041338562965393,0.6294313073158264,-0.059114135801792145,0.9116431474685669,0.536780595779419,-0.11276461184024811,0.8658326864242554,0.6114431619644165,-0.08400610089302063,0.8487173318862915,0.6707643866539001,-0.041348159313201904,S
0.6987094283103943,0.9213217496871948,-1.5838776334931026e-06,0.5690323710441589,0.8140933513641357,-0.05379027873277664,0.5110560059547424,0.6766241192817688,-0.0881340280175209,0.5825963616371155,0.5600688457489014,-0.13265444338321686,0.7013702392578125,0.49697619676589966,-0.16540208458900452,0.5838147401809692,0.5721040964126587,0.016482198610901833,0.6182810664176941,0.47617942094802856,-0.0886899083852768,0.6155485510826111,0.5708212852478027,-0.15737497806549072,0.6149272918701172,0.656148374080658,-0.1830005645751953,0.6901849508285522,0.5830737352371216,0.007016708143055439,0.749704122543335,0.49354127049446106,-0.10007953643798828,0.7199104428291321,0.6141343712806702,-0.1372555047273636,0.6974495649337769,0.6990320682525635,-0.13200858235359192,0.7924819588661194,0.6036816835403442,-0.020890459418296814,0.8513451814651489,0.5171824097633362,-0.12352260202169418,0.7995483875274658,0.6286422610282898,-0.1134546771645546,0.7641909122467041,0.7108422517776489,-0.07197721302509308,0.8852639198303223,0.6368721723556519,-0.05437863618135452,0.9175416827201843,0.5520980358123779,-0.10829994827508926,0.8745210766792297,0.6189470887184143,-0.08518766611814499,0.8453444242477417,0.678536057472229,-0.04718133434653282,S
0.5182250738143921,0.5770760774612427,7.336384388878514e-09,0.5215211510658264,0.6197686195373535,-0.002542010508477688,0.5039020776748657,0.6528935432434082,-0.006440526340156794,0.48265764117240906,0.6748809218406677,-0.012266144156455994,0.46984338760375977,0.6958299279212952,-0.018461519852280617,0.4457187056541443,0.6612651944160461,-0.003399668727070093,0.4225039482116699,0.6910836100578308,-0.02093449793756008,0.41754668951034546,0.7150927186012268,-0.03675737604498863,0.4189123809337616,0.7332053184509277,-0.04775921627879143,0.43593642115592957,0.6488026976585388,-0.014029121957719326,0.4177381694316864,0.6838101744651794,-0.0294787734746933,0.4180711507797241,0.7079927921295166,-0.04308230057358742,0.4260283410549164,0.7241846919059753,-0.052532121539115906,0.43647199869155884,0.6323121190071106,-0.02636362798511982,0.42790764570236206,0.6667137742042542,-0.042308323085308075,0.43366172909736633,0.6911395192146301,-0.050352904945611954,0.44377538561820984,0.7084171772003174,-0.055337172001600266,0.44834890961647034,0.6125857830047607,-0.03912230581045151,0.45529988408088684,0.6393790245056152,-0.05643467977643013,0.4644938111305237,0.6607418060302734,-0.06254220753908157,0.47546708583831787,0.678131103515625,-0.06503359973430634,Z
0.5850290656089783,0.6910073161125183,-1.2621077871699526e-07,0.6034802198410034,0.7278225421905518,-0.010238946415483952,0.589480996131897,0.7700382471084595,-0.01462465524673462,0.5662352442741394,0.7986654043197632,-0.01882804185152054,0.5530659556388855,0.8231914043426514,-0.022854052484035492,0.5326918363571167,0.7769050002098083,-0.010023705661296844,0.5183089375495911,0.8127334117889404,-0.028586987406015396,0.5223988890647888,0.8380024433135986,-0.04400699585676193,0.5313106775283813,0.8588024377822876,-0.05377410724759102,0.5136392712593079,0.7660863399505615,-0.015396769158542156,0.5001615881919861,0.8050560355186462,-0.03226961940526962,0.5060691833496094,0.8320966958999634,-0.044732242822647095,0.5180310010910034,0.8521121144294739,-0.05181356891989708,0.5032109618186951,0.7520913481712341,-0.02292640320956707,0.4930957853794098,0.7900056838989258,-0.03966071829199791,0.5004357099533081,0.8189952373504639,-0.04645140841603279,0.5116702914237976,0.8410366177558899,-0.048909012228250504,0.5013684630393982,0.7349435091018677,-0.03133239597082138,0.5013270378112793,0.7671698927879333,-0.04776223003864288,0.5094475746154785,0.7913772463798523,-0.051828447729349136,0.5212799310684204,0.8094393014907837,-0.05178577080368996,Z
